text,span,label,ordinal
kenapa ya suka berobat ke penang,general,,0
kalau terduga maling jelaslah aneh berobat ke luar negeri,general,,0
benar apa yg kiki katakan kebanyakan dokter diagnosa nya salah ambil gampang nya aja jgn salahkan pasien pd berobat ke luar negeri misal nya sakit flu bilangin sakit ini lah sakit itulah harus gini harus gitu kelemahan dokter yg da di indonesia,pelayanan,,0
benar apa yg kiki katakan kebanyakan dokter diagnosa nya salah ambil gampang nya aja jgn salahkan pasien pd berobat ke luar negeri misal nya sakit flu bilangin sakit ini lah sakit itulah harus gini harus gitu kelemahan dokter yg da di indonesia,aksesibilitas,,0
benar apa yg kiki katakan kebanyakan dokter diagnosa nya salah ambil gampang nya aja jgn salahkan pasien pd berobat ke luar negeri misal nya sakit flu bilangin sakit ini lah sakit itulah harus gini harus gitu kelemahan dokter yg da di indonesia,kualitas_diagnosis,,0
keluarga besar saya pernah mengalami kekecewaan terhadap salah satu rumah sakit di indonesia sekitar tahun lalu om saya melakukan check di indonesia dan dokter mengatakan beliau hanya sakit biasa tetapi berjalannya waktu om saya semakin merasakan rasa sakit sehingga beliau memutuskan untuk check di rumah sakit singapore dan ternyata beliau di diagnosa kanker hidung stadium karena ia mengalami kanker tersebut mata beliau mulai sulit digunakan tubuh semakin kuru dan hanya bisa mengkonsumsi makanan yg lunak saja singkatnya beliau berobat rutin ke singapore sampai ia hampir sembuh total tetapi dokter mengatakan ia harus melakukan checkup bulan sekali ke r tersebut tetapi karena datangnya covid beliau tidak dapat melakukan checkup tersebut pada tengah tahun dimana pada saat itu covid kembali ramai dan meningkat semakin tinggi secara tibatiba disaat itu pun kondisi om saya sudah sangat membaik sejak awal tahun sudah mulai belajar mengendarai mobil kembali nafsu makan yang tinggi dan tubuh yang segar sampai suatu hari tepatnya tahun tersebut om saya merasa bahwa tubuhnya tidak enak karena beliau melakukan olahraga setiap hari tetapi r di kota tmpt om saya tinggal mengatakan bahwa om saya terkena covid kami sebagai keluarga menyetujui utk beliau dirawat di r dikarenakan om saya memiliki riwayat kanker tersebut dan kami ingin pihak r membantu merawat om kami yg terkena covid pada saat mengantarkan ke r pun beliau tidak di jemput ambulance melainkan keluarga kami lah yang mengantarkan ke igd dan pada saat itu om saya masih mau di suapi oleh kakak saya makan dan tentunya lahap hanya seperti orang demam biasa setiap harinya kami rutin mengantarkan makanan utk beliau tetapi karena beliau dikatakan terpapar covid kami tidak bisa langsung menemui nya beberapa hari perasaan kami sebagai keluarga memiliki kekhawatiran yang berlebih hingga akhirnya mama saya sebagai kakak dr om saya memutuskan utk ingin menemui om saya secara langsung saat itu pihak r tidak mengizinkan secara terus menerus sampai mama saya bilang quotkalau sampe saya terkena covid gapapa saya mau liat adek sayaquot dokter masih tidak mengizinkan dan mama saya tetap memaksa saya pikir dokter dan pihak r tidak mengizinkan karena memang tidak ingin masyarakatnya terkena covid lagi ternyata tidak saat mama saya berhasil menemui om saya kondisi om saya sudah koma badan lebam semua makanan yg dibawakan oleh keluarga saya setiap harinya tidak ada yang di konsumsi om saya hingga semua basi dan pihak r hanya diam saja keluarga besar saya memutuskan untuk merawat om saya dirumah rasa kecewa yg kami alami saat itu sangat besar kami sangat terpukul dan tidak terima atas prilaku pihak r saat itu bisa dikatakan om saya sudah hampir tidak tertolong sudah tidak dapat berbicara tidak mengenal anggota keluarga kami seperti org linglung berjalannya waktu akhirnya om saya bisa sadar dan mengenal kami secara perlahan kami terus melatih ingatan beliau dan beliau menceritakan apa yg terjadi selama ia di rawat di r pertama om saya berusaha memanggil perawat disana karena ingin minum tetapi tidak ada satupun yg merespon kedua om saya berusaha mengambil sendiri tanpa bantuan mereka tetapi ia terjatuh dari kasur dan mengalami benturan yg kera parahnya perawat tidak langsung mengangkat tubuh om saya mereka memilih mendiamkan om saya bbrp waktu ketiga makanan yg kami bawakan bahkan makanan dari r pun tidak mereka bantu utk menyuapi om saya dgn kondisi om saya yg sudah tidak menahan sakit dan tidak dpt makan sendiri kami sekeluarga memilih tidak perhitungan kepada r tersebut mrk pun tidak meminta maaf dan tidak menjelaskan apapun kami hanya ingin om saya cepat pulih dengan pengalaman yg terjadi pada keluarga besar saya kami berharap r manapun di indonesia dapat lebih bisa menjaga pasiennya saya tau semua manusia dlm pekerjaan apapun pasti akan pernah melakukan kesalahan tapi tolong jika masih memiliki hati nurani bantu sebisa mungkin saat pasien membutuhkan karena ketika para pasien memutuskan utk opname di r kami mengharapkan bantuan kalian hingga kami kembali pulih ini menyangkut nyawa dan sangat disayangkan semenjak kejadian itu kondisi om saya kembali memburuk dan tidak dapat melakukan pengobatan di luar negeri hanya bisa dilakukan di kota besar indonesia tetapi tetap tidak ada perkembangan dan kankernya kembali tumbuh tetapi kali ini kanker yg dialami om saya terdapat tumor dibagian perut sampai akhirnya beliau meninggal di tahun kemarinbrbrtujuan saya menceritakan hal ini bukan untuk menjelekjelekkan pihak manapun terutama pihak r indonesia saya bercerita agar tidak ada lagi keluarga lain yang mengalami hal tersebut dan tidak ada lagi rumah sakit yang melakukan hal seperti ini mohon maaf jika ada salah kata dari cerita saya terimakasih,fasilitas,,0
keluarga besar saya pernah mengalami kekecewaan terhadap salah satu rumah sakit di indonesia sekitar tahun lalu om saya melakukan check di indonesia dan dokter mengatakan beliau hanya sakit biasa tetapi berjalannya waktu om saya semakin merasakan rasa sakit sehingga beliau memutuskan untuk check di rumah sakit singapore dan ternyata beliau di diagnosa kanker hidung stadium karena ia mengalami kanker tersebut mata beliau mulai sulit digunakan tubuh semakin kuru dan hanya bisa mengkonsumsi makanan yg lunak saja singkatnya beliau berobat rutin ke singapore sampai ia hampir sembuh total tetapi dokter mengatakan ia harus melakukan checkup bulan sekali ke r tersebut tetapi karena datangnya covid beliau tidak dapat melakukan checkup tersebut pada tengah tahun dimana pada saat itu covid kembali ramai dan meningkat semakin tinggi secara tibatiba disaat itu pun kondisi om saya sudah sangat membaik sejak awal tahun sudah mulai belajar mengendarai mobil kembali nafsu makan yang tinggi dan tubuh yang segar sampai suatu hari tepatnya tahun tersebut om saya merasa bahwa tubuhnya tidak enak karena beliau melakukan olahraga setiap hari tetapi r di kota tmpt om saya tinggal mengatakan bahwa om saya terkena covid kami sebagai keluarga menyetujui utk beliau dirawat di r dikarenakan om saya memiliki riwayat kanker tersebut dan kami ingin pihak r membantu merawat om kami yg terkena covid pada saat mengantarkan ke r pun beliau tidak di jemput ambulance melainkan keluarga kami lah yang mengantarkan ke igd dan pada saat itu om saya masih mau di suapi oleh kakak saya makan dan tentunya lahap hanya seperti orang demam biasa setiap harinya kami rutin mengantarkan makanan utk beliau tetapi karena beliau dikatakan terpapar covid kami tidak bisa langsung menemui nya beberapa hari perasaan kami sebagai keluarga memiliki kekhawatiran yang berlebih hingga akhirnya mama saya sebagai kakak dr om saya memutuskan utk ingin menemui om saya secara langsung saat itu pihak r tidak mengizinkan secara terus menerus sampai mama saya bilang quotkalau sampe saya terkena covid gapapa saya mau liat adek sayaquot dokter masih tidak mengizinkan dan mama saya tetap memaksa saya pikir dokter dan pihak r tidak mengizinkan karena memang tidak ingin masyarakatnya terkena covid lagi ternyata tidak saat mama saya berhasil menemui om saya kondisi om saya sudah koma badan lebam semua makanan yg dibawakan oleh keluarga saya setiap harinya tidak ada yang di konsumsi om saya hingga semua basi dan pihak r hanya diam saja keluarga besar saya memutuskan untuk merawat om saya dirumah rasa kecewa yg kami alami saat itu sangat besar kami sangat terpukul dan tidak terima atas prilaku pihak r saat itu bisa dikatakan om saya sudah hampir tidak tertolong sudah tidak dapat berbicara tidak mengenal anggota keluarga kami seperti org linglung berjalannya waktu akhirnya om saya bisa sadar dan mengenal kami secara perlahan kami terus melatih ingatan beliau dan beliau menceritakan apa yg terjadi selama ia di rawat di r pertama om saya berusaha memanggil perawat disana karena ingin minum tetapi tidak ada satupun yg merespon kedua om saya berusaha mengambil sendiri tanpa bantuan mereka tetapi ia terjatuh dari kasur dan mengalami benturan yg kera parahnya perawat tidak langsung mengangkat tubuh om saya mereka memilih mendiamkan om saya bbrp waktu ketiga makanan yg kami bawakan bahkan makanan dari r pun tidak mereka bantu utk menyuapi om saya dgn kondisi om saya yg sudah tidak menahan sakit dan tidak dpt makan sendiri kami sekeluarga memilih tidak perhitungan kepada r tersebut mrk pun tidak meminta maaf dan tidak menjelaskan apapun kami hanya ingin om saya cepat pulih dengan pengalaman yg terjadi pada keluarga besar saya kami berharap r manapun di indonesia dapat lebih bisa menjaga pasiennya saya tau semua manusia dlm pekerjaan apapun pasti akan pernah melakukan kesalahan tapi tolong jika masih memiliki hati nurani bantu sebisa mungkin saat pasien membutuhkan karena ketika para pasien memutuskan utk opname di r kami mengharapkan bantuan kalian hingga kami kembali pulih ini menyangkut nyawa dan sangat disayangkan semenjak kejadian itu kondisi om saya kembali memburuk dan tidak dapat melakukan pengobatan di luar negeri hanya bisa dilakukan di kota besar indonesia tetapi tetap tidak ada perkembangan dan kankernya kembali tumbuh tetapi kali ini kanker yg dialami om saya terdapat tumor dibagian perut sampai akhirnya beliau meninggal di tahun kemarinbrbrtujuan saya menceritakan hal ini bukan untuk menjelekjelekkan pihak manapun terutama pihak r indonesia saya bercerita agar tidak ada lagi keluarga lain yang mengalami hal tersebut dan tidak ada lagi rumah sakit yang melakukan hal seperti ini mohon maaf jika ada salah kata dari cerita saya terimakasih,pelayanan,,0
keluarga besar saya pernah mengalami kekecewaan terhadap salah satu rumah sakit di indonesia sekitar tahun lalu om saya melakukan check di indonesia dan dokter mengatakan beliau hanya sakit biasa tetapi berjalannya waktu om saya semakin merasakan rasa sakit sehingga beliau memutuskan untuk check di rumah sakit singapore dan ternyata beliau di diagnosa kanker hidung stadium karena ia mengalami kanker tersebut mata beliau mulai sulit digunakan tubuh semakin kuru dan hanya bisa mengkonsumsi makanan yg lunak saja singkatnya beliau berobat rutin ke singapore sampai ia hampir sembuh total tetapi dokter mengatakan ia harus melakukan checkup bulan sekali ke r tersebut tetapi karena datangnya covid beliau tidak dapat melakukan checkup tersebut pada tengah tahun dimana pada saat itu covid kembali ramai dan meningkat semakin tinggi secara tibatiba disaat itu pun kondisi om saya sudah sangat membaik sejak awal tahun sudah mulai belajar mengendarai mobil kembali nafsu makan yang tinggi dan tubuh yang segar sampai suatu hari tepatnya tahun tersebut om saya merasa bahwa tubuhnya tidak enak karena beliau melakukan olahraga setiap hari tetapi r di kota tmpt om saya tinggal mengatakan bahwa om saya terkena covid kami sebagai keluarga menyetujui utk beliau dirawat di r dikarenakan om saya memiliki riwayat kanker tersebut dan kami ingin pihak r membantu merawat om kami yg terkena covid pada saat mengantarkan ke r pun beliau tidak di jemput ambulance melainkan keluarga kami lah yang mengantarkan ke igd dan pada saat itu om saya masih mau di suapi oleh kakak saya makan dan tentunya lahap hanya seperti orang demam biasa setiap harinya kami rutin mengantarkan makanan utk beliau tetapi karena beliau dikatakan terpapar covid kami tidak bisa langsung menemui nya beberapa hari perasaan kami sebagai keluarga memiliki kekhawatiran yang berlebih hingga akhirnya mama saya sebagai kakak dr om saya memutuskan utk ingin menemui om saya secara langsung saat itu pihak r tidak mengizinkan secara terus menerus sampai mama saya bilang quotkalau sampe saya terkena covid gapapa saya mau liat adek sayaquot dokter masih tidak mengizinkan dan mama saya tetap memaksa saya pikir dokter dan pihak r tidak mengizinkan karena memang tidak ingin masyarakatnya terkena covid lagi ternyata tidak saat mama saya berhasil menemui om saya kondisi om saya sudah koma badan lebam semua makanan yg dibawakan oleh keluarga saya setiap harinya tidak ada yang di konsumsi om saya hingga semua basi dan pihak r hanya diam saja keluarga besar saya memutuskan untuk merawat om saya dirumah rasa kecewa yg kami alami saat itu sangat besar kami sangat terpukul dan tidak terima atas prilaku pihak r saat itu bisa dikatakan om saya sudah hampir tidak tertolong sudah tidak dapat berbicara tidak mengenal anggota keluarga kami seperti org linglung berjalannya waktu akhirnya om saya bisa sadar dan mengenal kami secara perlahan kami terus melatih ingatan beliau dan beliau menceritakan apa yg terjadi selama ia di rawat di r pertama om saya berusaha memanggil perawat disana karena ingin minum tetapi tidak ada satupun yg merespon kedua om saya berusaha mengambil sendiri tanpa bantuan mereka tetapi ia terjatuh dari kasur dan mengalami benturan yg kera parahnya perawat tidak langsung mengangkat tubuh om saya mereka memilih mendiamkan om saya bbrp waktu ketiga makanan yg kami bawakan bahkan makanan dari r pun tidak mereka bantu utk menyuapi om saya dgn kondisi om saya yg sudah tidak menahan sakit dan tidak dpt makan sendiri kami sekeluarga memilih tidak perhitungan kepada r tersebut mrk pun tidak meminta maaf dan tidak menjelaskan apapun kami hanya ingin om saya cepat pulih dengan pengalaman yg terjadi pada keluarga besar saya kami berharap r manapun di indonesia dapat lebih bisa menjaga pasiennya saya tau semua manusia dlm pekerjaan apapun pasti akan pernah melakukan kesalahan tapi tolong jika masih memiliki hati nurani bantu sebisa mungkin saat pasien membutuhkan karena ketika para pasien memutuskan utk opname di r kami mengharapkan bantuan kalian hingga kami kembali pulih ini menyangkut nyawa dan sangat disayangkan semenjak kejadian itu kondisi om saya kembali memburuk dan tidak dapat melakukan pengobatan di luar negeri hanya bisa dilakukan di kota besar indonesia tetapi tetap tidak ada perkembangan dan kankernya kembali tumbuh tetapi kali ini kanker yg dialami om saya terdapat tumor dibagian perut sampai akhirnya beliau meninggal di tahun kemarinbrbrtujuan saya menceritakan hal ini bukan untuk menjelekjelekkan pihak manapun terutama pihak r indonesia saya bercerita agar tidak ada lagi keluarga lain yang mengalami hal tersebut dan tidak ada lagi rumah sakit yang melakukan hal seperti ini mohon maaf jika ada salah kata dari cerita saya terimakasih,aksesibilitas,,0
keluarga besar saya pernah mengalami kekecewaan terhadap salah satu rumah sakit di indonesia sekitar tahun lalu om saya melakukan check di indonesia dan dokter mengatakan beliau hanya sakit biasa tetapi berjalannya waktu om saya semakin merasakan rasa sakit sehingga beliau memutuskan untuk check di rumah sakit singapore dan ternyata beliau di diagnosa kanker hidung stadium karena ia mengalami kanker tersebut mata beliau mulai sulit digunakan tubuh semakin kuru dan hanya bisa mengkonsumsi makanan yg lunak saja singkatnya beliau berobat rutin ke singapore sampai ia hampir sembuh total tetapi dokter mengatakan ia harus melakukan checkup bulan sekali ke r tersebut tetapi karena datangnya covid beliau tidak dapat melakukan checkup tersebut pada tengah tahun dimana pada saat itu covid kembali ramai dan meningkat semakin tinggi secara tibatiba disaat itu pun kondisi om saya sudah sangat membaik sejak awal tahun sudah mulai belajar mengendarai mobil kembali nafsu makan yang tinggi dan tubuh yang segar sampai suatu hari tepatnya tahun tersebut om saya merasa bahwa tubuhnya tidak enak karena beliau melakukan olahraga setiap hari tetapi r di kota tmpt om saya tinggal mengatakan bahwa om saya terkena covid kami sebagai keluarga menyetujui utk beliau dirawat di r dikarenakan om saya memiliki riwayat kanker tersebut dan kami ingin pihak r membantu merawat om kami yg terkena covid pada saat mengantarkan ke r pun beliau tidak di jemput ambulance melainkan keluarga kami lah yang mengantarkan ke igd dan pada saat itu om saya masih mau di suapi oleh kakak saya makan dan tentunya lahap hanya seperti orang demam biasa setiap harinya kami rutin mengantarkan makanan utk beliau tetapi karena beliau dikatakan terpapar covid kami tidak bisa langsung menemui nya beberapa hari perasaan kami sebagai keluarga memiliki kekhawatiran yang berlebih hingga akhirnya mama saya sebagai kakak dr om saya memutuskan utk ingin menemui om saya secara langsung saat itu pihak r tidak mengizinkan secara terus menerus sampai mama saya bilang quotkalau sampe saya terkena covid gapapa saya mau liat adek sayaquot dokter masih tidak mengizinkan dan mama saya tetap memaksa saya pikir dokter dan pihak r tidak mengizinkan karena memang tidak ingin masyarakatnya terkena covid lagi ternyata tidak saat mama saya berhasil menemui om saya kondisi om saya sudah koma badan lebam semua makanan yg dibawakan oleh keluarga saya setiap harinya tidak ada yang di konsumsi om saya hingga semua basi dan pihak r hanya diam saja keluarga besar saya memutuskan untuk merawat om saya dirumah rasa kecewa yg kami alami saat itu sangat besar kami sangat terpukul dan tidak terima atas prilaku pihak r saat itu bisa dikatakan om saya sudah hampir tidak tertolong sudah tidak dapat berbicara tidak mengenal anggota keluarga kami seperti org linglung berjalannya waktu akhirnya om saya bisa sadar dan mengenal kami secara perlahan kami terus melatih ingatan beliau dan beliau menceritakan apa yg terjadi selama ia di rawat di r pertama om saya berusaha memanggil perawat disana karena ingin minum tetapi tidak ada satupun yg merespon kedua om saya berusaha mengambil sendiri tanpa bantuan mereka tetapi ia terjatuh dari kasur dan mengalami benturan yg kera parahnya perawat tidak langsung mengangkat tubuh om saya mereka memilih mendiamkan om saya bbrp waktu ketiga makanan yg kami bawakan bahkan makanan dari r pun tidak mereka bantu utk menyuapi om saya dgn kondisi om saya yg sudah tidak menahan sakit dan tidak dpt makan sendiri kami sekeluarga memilih tidak perhitungan kepada r tersebut mrk pun tidak meminta maaf dan tidak menjelaskan apapun kami hanya ingin om saya cepat pulih dengan pengalaman yg terjadi pada keluarga besar saya kami berharap r manapun di indonesia dapat lebih bisa menjaga pasiennya saya tau semua manusia dlm pekerjaan apapun pasti akan pernah melakukan kesalahan tapi tolong jika masih memiliki hati nurani bantu sebisa mungkin saat pasien membutuhkan karena ketika para pasien memutuskan utk opname di r kami mengharapkan bantuan kalian hingga kami kembali pulih ini menyangkut nyawa dan sangat disayangkan semenjak kejadian itu kondisi om saya kembali memburuk dan tidak dapat melakukan pengobatan di luar negeri hanya bisa dilakukan di kota besar indonesia tetapi tetap tidak ada perkembangan dan kankernya kembali tumbuh tetapi kali ini kanker yg dialami om saya terdapat tumor dibagian perut sampai akhirnya beliau meninggal di tahun kemarinbrbrtujuan saya menceritakan hal ini bukan untuk menjelekjelekkan pihak manapun terutama pihak r indonesia saya bercerita agar tidak ada lagi keluarga lain yang mengalami hal tersebut dan tidak ada lagi rumah sakit yang melakukan hal seperti ini mohon maaf jika ada salah kata dari cerita saya terimakasih,kualitas_diagnosis,,0
alasan orang berobat ke singapura atau malaysia itu cuma yah mau sembuhbrbrtrus kenapa hrus keluar pertanyaannya karna diindonesia udah mahal gk sembuh pula malah yg ad kena mental di vonis yg enggak,biaya,,0
alasan orang berobat ke singapura atau malaysia itu cuma yah mau sembuhbrbrtrus kenapa hrus keluar pertanyaannya karna diindonesia udah mahal gk sembuh pula malah yg ad kena mental di vonis yg enggak,pelayanan,,0
alasan orang berobat ke singapura atau malaysia itu cuma yah mau sembuhbrbrtrus kenapa hrus keluar pertanyaannya karna diindonesia udah mahal gk sembuh pula malah yg ad kena mental di vonis yg enggak,aksesibilitas,,0
banyak sekali kasusbrserupa tapi banyak yg tidak bisa cerita tidak bisa menulis banyak keluhan tapi mau keluh kesah kemana akhirnya berobat ke luar negeri brseperti any yudoyonobrbu megawatidllbrjangan sampai ada slogan jangan percaya pada dokter indonesia bra hrefhttpwwwyoutubecomresultssearch_querypercumaa berobat di indonesia,fasilitas,,0
banyak sekali kasusbrserupa tapi banyak yg tidak bisa cerita tidak bisa menulis banyak keluhan tapi mau keluh kesah kemana akhirnya berobat ke luar negeri brseperti any yudoyonobrbu megawatidllbrjangan sampai ada slogan jangan percaya pada dokter indonesia bra hrefhttpwwwyoutubecomresultssearch_querypercumaa berobat di indonesia,pelayanan,,0
banyak sekali kasusbrserupa tapi banyak yg tidak bisa cerita tidak bisa menulis banyak keluhan tapi mau keluh kesah kemana akhirnya berobat ke luar negeri brseperti any yudoyonobrbu megawatidllbrjangan sampai ada slogan jangan percaya pada dokter indonesia bra hrefhttpwwwyoutubecomresultssearch_querypercumaa berobat di indonesia,aksesibilitas,,0
terima kasih kepada pak jokowi yg sangat peduli kepada bangsa ini persoalan banyaknya yg berobat ke luar negeri bukan karena soksokan tetapi karena pengalaman yang tidak menyenangkan atas pelayanan di r di indonesia semoga institusi kesehatan mau memperbaiki diri bukan saling menyalahkan,fasilitas,,0
terima kasih kepada pak jokowi yg sangat peduli kepada bangsa ini persoalan banyaknya yg berobat ke luar negeri bukan karena soksokan tetapi karena pengalaman yang tidak menyenangkan atas pelayanan di r di indonesia semoga institusi kesehatan mau memperbaiki diri bukan saling menyalahkan,pelayanan,,0
terima kasih kepada pak jokowi yg sangat peduli kepada bangsa ini persoalan banyaknya yg berobat ke luar negeri bukan karena soksokan tetapi karena pengalaman yang tidak menyenangkan atas pelayanan di r di indonesia semoga institusi kesehatan mau memperbaiki diri bukan saling menyalahkan,aksesibilitas,,0
kalau memang tujuan awal mbak kiky tentang sistem kesehatan sebagai publik figur artis sekaligus rakyat ya silakan bikin di tweet mbak kiky tentang masih kurang baiknya sistem dan pelayanan kesehatan di indonesia tersebut ketika bapak presiden bikin tweet tentang masyarakat indonesia yang berobat ke luar negeribrbrtapi tweet mbak itu memicu banyak orang mbak kiky karena ibarat pepatah quotkepala sama hitam hati manusia kita tidak ada yang tauquot br brkalau memang mbak kiky maksudnya bukan ini dan itu tapi tentang sistem dan pelayanan ya tentang sistem dan pelayanan yang diutarakan tanpa anda sadari kalimat awal tweet yang anda utarakan terkesan menghina dokter indonesia kenapa saya bilang begini karena kalimat anda itu ambigubrbrsaya kasih contoh maksud tweet mbak kiky brquotmertua saya didiagnosa stroke kuping karena tiba pendengarannya terganggu disuntik dalemnya malah makin parah pendengarannya akhirnya ke r spore amp diketawain sama dokternya mana ada stroke kuping itu cuma flu jadinya bindeng ke telinga amp sekarang udah sembuh kocak kanquotbrbrkata quotketawaquot ini sebuah hinaan dan sindiran tersembunyi menggiring opini bahwa dokter indonesia tidak kompeten brbrtapi bukankah anda dulu sekolah di bidang bahasa pasti mbak kiky lebih mengerti tentang bagaimana pemakaian tata dan cara penulisan yang benar dalam menyampaikan opini yang baik dan benar karena anda adalah publik figur boleh dong saya berharap anda sebagai publik figur bisa menggunakan bahasa yang baik dan benar sehingga masyarakat bisa mencontoh halhal yang baik dari anda yang seorang publik figur hehehebrbrmiss diagnosis itu kan kata mbak nya kalau memang iya bawa saja ke ranah hukum jangan menggampangkan bahasa yang kita tidak tau artinya mbak nya jadi berburuk sangka bilang miss diagnosis kesalahan diagnosa yang menjerumus ke malpraktik kalau tidak terima salah diagnosa ya silahkan ajukan tuntutan atau komplain bukan gembar gembor menggiring opinibrbrdalam dunia kedokteran ada namanya diagnosis utama dan diagnosis banding terus mbak yang mempermasalahkan dokter yang tau stroke kuping dan dokter yang tidak tau stroke kuping dalam dunia kedokteran ada dokter umum dokter spesialis dan ada lagi dokter spesialis konsultanbrbrkalau mau tau lebih lanjut silakan baca tanya dan cari tau ingat jangan malas dan jangan manjabrbrsekian dan terima kasih banyakbrsalam sehat,biaya,,0
kalau memang tujuan awal mbak kiky tentang sistem kesehatan sebagai publik figur artis sekaligus rakyat ya silakan bikin di tweet mbak kiky tentang masih kurang baiknya sistem dan pelayanan kesehatan di indonesia tersebut ketika bapak presiden bikin tweet tentang masyarakat indonesia yang berobat ke luar negeribrbrtapi tweet mbak itu memicu banyak orang mbak kiky karena ibarat pepatah quotkepala sama hitam hati manusia kita tidak ada yang tauquot br brkalau memang mbak kiky maksudnya bukan ini dan itu tapi tentang sistem dan pelayanan ya tentang sistem dan pelayanan yang diutarakan tanpa anda sadari kalimat awal tweet yang anda utarakan terkesan menghina dokter indonesia kenapa saya bilang begini karena kalimat anda itu ambigubrbrsaya kasih contoh maksud tweet mbak kiky brquotmertua saya didiagnosa stroke kuping karena tiba pendengarannya terganggu disuntik dalemnya malah makin parah pendengarannya akhirnya ke r spore amp diketawain sama dokternya mana ada stroke kuping itu cuma flu jadinya bindeng ke telinga amp sekarang udah sembuh kocak kanquotbrbrkata quotketawaquot ini sebuah hinaan dan sindiran tersembunyi menggiring opini bahwa dokter indonesia tidak kompeten brbrtapi bukankah anda dulu sekolah di bidang bahasa pasti mbak kiky lebih mengerti tentang bagaimana pemakaian tata dan cara penulisan yang benar dalam menyampaikan opini yang baik dan benar karena anda adalah publik figur boleh dong saya berharap anda sebagai publik figur bisa menggunakan bahasa yang baik dan benar sehingga masyarakat bisa mencontoh halhal yang baik dari anda yang seorang publik figur hehehebrbrmiss diagnosis itu kan kata mbak nya kalau memang iya bawa saja ke ranah hukum jangan menggampangkan bahasa yang kita tidak tau artinya mbak nya jadi berburuk sangka bilang miss diagnosis kesalahan diagnosa yang menjerumus ke malpraktik kalau tidak terima salah diagnosa ya silahkan ajukan tuntutan atau komplain bukan gembar gembor menggiring opinibrbrdalam dunia kedokteran ada namanya diagnosis utama dan diagnosis banding terus mbak yang mempermasalahkan dokter yang tau stroke kuping dan dokter yang tidak tau stroke kuping dalam dunia kedokteran ada dokter umum dokter spesialis dan ada lagi dokter spesialis konsultanbrbrkalau mau tau lebih lanjut silakan baca tanya dan cari tau ingat jangan malas dan jangan manjabrbrsekian dan terima kasih banyakbrsalam sehat,fasilitas,,0
kalau memang tujuan awal mbak kiky tentang sistem kesehatan sebagai publik figur artis sekaligus rakyat ya silakan bikin di tweet mbak kiky tentang masih kurang baiknya sistem dan pelayanan kesehatan di indonesia tersebut ketika bapak presiden bikin tweet tentang masyarakat indonesia yang berobat ke luar negeribrbrtapi tweet mbak itu memicu banyak orang mbak kiky karena ibarat pepatah quotkepala sama hitam hati manusia kita tidak ada yang tauquot br brkalau memang mbak kiky maksudnya bukan ini dan itu tapi tentang sistem dan pelayanan ya tentang sistem dan pelayanan yang diutarakan tanpa anda sadari kalimat awal tweet yang anda utarakan terkesan menghina dokter indonesia kenapa saya bilang begini karena kalimat anda itu ambigubrbrsaya kasih contoh maksud tweet mbak kiky brquotmertua saya didiagnosa stroke kuping karena tiba pendengarannya terganggu disuntik dalemnya malah makin parah pendengarannya akhirnya ke r spore amp diketawain sama dokternya mana ada stroke kuping itu cuma flu jadinya bindeng ke telinga amp sekarang udah sembuh kocak kanquotbrbrkata quotketawaquot ini sebuah hinaan dan sindiran tersembunyi menggiring opini bahwa dokter indonesia tidak kompeten brbrtapi bukankah anda dulu sekolah di bidang bahasa pasti mbak kiky lebih mengerti tentang bagaimana pemakaian tata dan cara penulisan yang benar dalam menyampaikan opini yang baik dan benar karena anda adalah publik figur boleh dong saya berharap anda sebagai publik figur bisa menggunakan bahasa yang baik dan benar sehingga masyarakat bisa mencontoh halhal yang baik dari anda yang seorang publik figur hehehebrbrmiss diagnosis itu kan kata mbak nya kalau memang iya bawa saja ke ranah hukum jangan menggampangkan bahasa yang kita tidak tau artinya mbak nya jadi berburuk sangka bilang miss diagnosis kesalahan diagnosa yang menjerumus ke malpraktik kalau tidak terima salah diagnosa ya silahkan ajukan tuntutan atau komplain bukan gembar gembor menggiring opinibrbrdalam dunia kedokteran ada namanya diagnosis utama dan diagnosis banding terus mbak yang mempermasalahkan dokter yang tau stroke kuping dan dokter yang tidak tau stroke kuping dalam dunia kedokteran ada dokter umum dokter spesialis dan ada lagi dokter spesialis konsultanbrbrkalau mau tau lebih lanjut silakan baca tanya dan cari tau ingat jangan malas dan jangan manjabrbrsekian dan terima kasih banyakbrsalam sehat,pelayanan,,0
kalau memang tujuan awal mbak kiky tentang sistem kesehatan sebagai publik figur artis sekaligus rakyat ya silakan bikin di tweet mbak kiky tentang masih kurang baiknya sistem dan pelayanan kesehatan di indonesia tersebut ketika bapak presiden bikin tweet tentang masyarakat indonesia yang berobat ke luar negeribrbrtapi tweet mbak itu memicu banyak orang mbak kiky karena ibarat pepatah quotkepala sama hitam hati manusia kita tidak ada yang tauquot br brkalau memang mbak kiky maksudnya bukan ini dan itu tapi tentang sistem dan pelayanan ya tentang sistem dan pelayanan yang diutarakan tanpa anda sadari kalimat awal tweet yang anda utarakan terkesan menghina dokter indonesia kenapa saya bilang begini karena kalimat anda itu ambigubrbrsaya kasih contoh maksud tweet mbak kiky brquotmertua saya didiagnosa stroke kuping karena tiba pendengarannya terganggu disuntik dalemnya malah makin parah pendengarannya akhirnya ke r spore amp diketawain sama dokternya mana ada stroke kuping itu cuma flu jadinya bindeng ke telinga amp sekarang udah sembuh kocak kanquotbrbrkata quotketawaquot ini sebuah hinaan dan sindiran tersembunyi menggiring opini bahwa dokter indonesia tidak kompeten brbrtapi bukankah anda dulu sekolah di bidang bahasa pasti mbak kiky lebih mengerti tentang bagaimana pemakaian tata dan cara penulisan yang benar dalam menyampaikan opini yang baik dan benar karena anda adalah publik figur boleh dong saya berharap anda sebagai publik figur bisa menggunakan bahasa yang baik dan benar sehingga masyarakat bisa mencontoh halhal yang baik dari anda yang seorang publik figur hehehebrbrmiss diagnosis itu kan kata mbak nya kalau memang iya bawa saja ke ranah hukum jangan menggampangkan bahasa yang kita tidak tau artinya mbak nya jadi berburuk sangka bilang miss diagnosis kesalahan diagnosa yang menjerumus ke malpraktik kalau tidak terima salah diagnosa ya silahkan ajukan tuntutan atau komplain bukan gembar gembor menggiring opinibrbrdalam dunia kedokteran ada namanya diagnosis utama dan diagnosis banding terus mbak yang mempermasalahkan dokter yang tau stroke kuping dan dokter yang tidak tau stroke kuping dalam dunia kedokteran ada dokter umum dokter spesialis dan ada lagi dokter spesialis konsultanbrbrkalau mau tau lebih lanjut silakan baca tanya dan cari tau ingat jangan malas dan jangan manjabrbrsekian dan terima kasih banyakbrsalam sehat,aksesibilitas,,0
kalau memang tujuan awal mbak kiky tentang sistem kesehatan sebagai publik figur artis sekaligus rakyat ya silakan bikin di tweet mbak kiky tentang masih kurang baiknya sistem dan pelayanan kesehatan di indonesia tersebut ketika bapak presiden bikin tweet tentang masyarakat indonesia yang berobat ke luar negeribrbrtapi tweet mbak itu memicu banyak orang mbak kiky karena ibarat pepatah quotkepala sama hitam hati manusia kita tidak ada yang tauquot br brkalau memang mbak kiky maksudnya bukan ini dan itu tapi tentang sistem dan pelayanan ya tentang sistem dan pelayanan yang diutarakan tanpa anda sadari kalimat awal tweet yang anda utarakan terkesan menghina dokter indonesia kenapa saya bilang begini karena kalimat anda itu ambigubrbrsaya kasih contoh maksud tweet mbak kiky brquotmertua saya didiagnosa stroke kuping karena tiba pendengarannya terganggu disuntik dalemnya malah makin parah pendengarannya akhirnya ke r spore amp diketawain sama dokternya mana ada stroke kuping itu cuma flu jadinya bindeng ke telinga amp sekarang udah sembuh kocak kanquotbrbrkata quotketawaquot ini sebuah hinaan dan sindiran tersembunyi menggiring opini bahwa dokter indonesia tidak kompeten brbrtapi bukankah anda dulu sekolah di bidang bahasa pasti mbak kiky lebih mengerti tentang bagaimana pemakaian tata dan cara penulisan yang benar dalam menyampaikan opini yang baik dan benar karena anda adalah publik figur boleh dong saya berharap anda sebagai publik figur bisa menggunakan bahasa yang baik dan benar sehingga masyarakat bisa mencontoh halhal yang baik dari anda yang seorang publik figur hehehebrbrmiss diagnosis itu kan kata mbak nya kalau memang iya bawa saja ke ranah hukum jangan menggampangkan bahasa yang kita tidak tau artinya mbak nya jadi berburuk sangka bilang miss diagnosis kesalahan diagnosa yang menjerumus ke malpraktik kalau tidak terima salah diagnosa ya silahkan ajukan tuntutan atau komplain bukan gembar gembor menggiring opinibrbrdalam dunia kedokteran ada namanya diagnosis utama dan diagnosis banding terus mbak yang mempermasalahkan dokter yang tau stroke kuping dan dokter yang tidak tau stroke kuping dalam dunia kedokteran ada dokter umum dokter spesialis dan ada lagi dokter spesialis konsultanbrbrkalau mau tau lebih lanjut silakan baca tanya dan cari tau ingat jangan malas dan jangan manjabrbrsekian dan terima kasih banyakbrsalam sehat,kualitas_diagnosis,,0
iya mbak untuk prose penyembuhan penyakit tidak segampang itu mana ada disitu sakit disitu langsung sembuh secepatnya perjalanan penyakit itu mulai dari infeksi entah itu penyebabnya virus bakteri jamur dan parasit ada fasefase nya pada saat datang bisa jadi lagi fase akut infeksi sedang aktif berlangsung nah apabila langsung diterapi diwaktu yang tepat sehingga prognosis kesembuhan lebih tinggi kalau datangnya pada fase kronik dimana infeksi sudah merajelala atau istilahnya penyakit sudah berkembang sudah mulai parah ini prognosis juga berbeda nantibrbrdari cerita yang mbak kiky ceritakan br saat berobat ke dokter pertama disini tidak ada tindakan hanya konsul tapi disini tidak diceritakan apakah di dokter pertama sempat dikasih terapi obat apa tidak karena saat pasien berobat tidak mau tindakan ya kita sebagai dokter hanya akan memberikan obat untuk mengurangi gejala dalam dunia kedokteran gak ada basabasi saat menjelaskan ke pasien tentang penyakitnya memang harus menjelaskan yang terburuk memang begitu atau nama lain istilah nya komplikasibr saat berobat ke dokter kedua second opinion disini dilakukan tindakan dengan injeksi kasus ini stroke telinga atau ssnhl yang terapi memang injeksi steroid memang benar infeksi telinga kalau sedang meradang tidak boleh naik pesawat bisa merusak gendang telinga dan bahaya akibat tekanan udara di dalam pesawat sama halnya juga kalau pasien mau berenang juga tidak boleh karena tekanan air bukan ditakuttakutin atau dicegah supaya ga boleh berobat ke luar negeri ya pernah dengar orang jago berenang tenggelam tibatiba tanpa sadar ternyata infeksi telinga sehingga menganggu keseimbangan tubuh ingat gendang telinga adalah organ yang juga mengatur keseimbangan dalam tubuh kita jadi konteks nya disini bukan nakutnakutin nah saat sudah diterapi dan sakit ya itu prose dari penyakit tersebut br ketika datang ke r spore sudah dalam kondisi yang baik tentu saat diperiksa itu telinga sudah dalam perbaikan br beda kasus kalo mbak kiky dan keluarga sama sekali tidak dapat obat dan tindakan dari dokter indonesia langsung berobat ke ln akan seperti apa cerita itu perjalanan penyakitnyabrbrmaka dari itu sering kita bilang ke pasien tidak ada berobat itu yang instan semua ada prose namun kebanyakan pasien banyak yang tidak sabar dalam prose pengobatan itu kembali dengan diri masingmasing pada saat itulah kalau pasien tidak nyaman dan tidak percaya atau tidak mau pasien bisa melakukan second opinion pilihan kedua untuk berobat ke dokter lain dan itu adalah itu adalah hak pasien dan pasien juga harus mengetahui kewajiban pasien juga mbak bisa searching apa itu hak amp kewajiban pasienbrbrlagian mana ada dokter yang mau pasien nya enggak sembuh mbak kepuasan seorang dokter adalah pasien yang datang itu sembuh malah kalau bisa itu pasien langsung sembuh ga perlu kontrol balik lagibrbrterima kasih sebelumnya mbak semoga mbak dan keluarga sehat selalu,fasilitas,,0
iya mbak untuk prose penyembuhan penyakit tidak segampang itu mana ada disitu sakit disitu langsung sembuh secepatnya perjalanan penyakit itu mulai dari infeksi entah itu penyebabnya virus bakteri jamur dan parasit ada fasefase nya pada saat datang bisa jadi lagi fase akut infeksi sedang aktif berlangsung nah apabila langsung diterapi diwaktu yang tepat sehingga prognosis kesembuhan lebih tinggi kalau datangnya pada fase kronik dimana infeksi sudah merajelala atau istilahnya penyakit sudah berkembang sudah mulai parah ini prognosis juga berbeda nantibrbrdari cerita yang mbak kiky ceritakan br saat berobat ke dokter pertama disini tidak ada tindakan hanya konsul tapi disini tidak diceritakan apakah di dokter pertama sempat dikasih terapi obat apa tidak karena saat pasien berobat tidak mau tindakan ya kita sebagai dokter hanya akan memberikan obat untuk mengurangi gejala dalam dunia kedokteran gak ada basabasi saat menjelaskan ke pasien tentang penyakitnya memang harus menjelaskan yang terburuk memang begitu atau nama lain istilah nya komplikasibr saat berobat ke dokter kedua second opinion disini dilakukan tindakan dengan injeksi kasus ini stroke telinga atau ssnhl yang terapi memang injeksi steroid memang benar infeksi telinga kalau sedang meradang tidak boleh naik pesawat bisa merusak gendang telinga dan bahaya akibat tekanan udara di dalam pesawat sama halnya juga kalau pasien mau berenang juga tidak boleh karena tekanan air bukan ditakuttakutin atau dicegah supaya ga boleh berobat ke luar negeri ya pernah dengar orang jago berenang tenggelam tibatiba tanpa sadar ternyata infeksi telinga sehingga menganggu keseimbangan tubuh ingat gendang telinga adalah organ yang juga mengatur keseimbangan dalam tubuh kita jadi konteks nya disini bukan nakutnakutin nah saat sudah diterapi dan sakit ya itu prose dari penyakit tersebut br ketika datang ke r spore sudah dalam kondisi yang baik tentu saat diperiksa itu telinga sudah dalam perbaikan br beda kasus kalo mbak kiky dan keluarga sama sekali tidak dapat obat dan tindakan dari dokter indonesia langsung berobat ke ln akan seperti apa cerita itu perjalanan penyakitnyabrbrmaka dari itu sering kita bilang ke pasien tidak ada berobat itu yang instan semua ada prose namun kebanyakan pasien banyak yang tidak sabar dalam prose pengobatan itu kembali dengan diri masingmasing pada saat itulah kalau pasien tidak nyaman dan tidak percaya atau tidak mau pasien bisa melakukan second opinion pilihan kedua untuk berobat ke dokter lain dan itu adalah itu adalah hak pasien dan pasien juga harus mengetahui kewajiban pasien juga mbak bisa searching apa itu hak amp kewajiban pasienbrbrlagian mana ada dokter yang mau pasien nya enggak sembuh mbak kepuasan seorang dokter adalah pasien yang datang itu sembuh malah kalau bisa itu pasien langsung sembuh ga perlu kontrol balik lagibrbrterima kasih sebelumnya mbak semoga mbak dan keluarga sehat selalu,pelayanan,,0
iya mbak untuk prose penyembuhan penyakit tidak segampang itu mana ada disitu sakit disitu langsung sembuh secepatnya perjalanan penyakit itu mulai dari infeksi entah itu penyebabnya virus bakteri jamur dan parasit ada fasefase nya pada saat datang bisa jadi lagi fase akut infeksi sedang aktif berlangsung nah apabila langsung diterapi diwaktu yang tepat sehingga prognosis kesembuhan lebih tinggi kalau datangnya pada fase kronik dimana infeksi sudah merajelala atau istilahnya penyakit sudah berkembang sudah mulai parah ini prognosis juga berbeda nantibrbrdari cerita yang mbak kiky ceritakan br saat berobat ke dokter pertama disini tidak ada tindakan hanya konsul tapi disini tidak diceritakan apakah di dokter pertama sempat dikasih terapi obat apa tidak karena saat pasien berobat tidak mau tindakan ya kita sebagai dokter hanya akan memberikan obat untuk mengurangi gejala dalam dunia kedokteran gak ada basabasi saat menjelaskan ke pasien tentang penyakitnya memang harus menjelaskan yang terburuk memang begitu atau nama lain istilah nya komplikasibr saat berobat ke dokter kedua second opinion disini dilakukan tindakan dengan injeksi kasus ini stroke telinga atau ssnhl yang terapi memang injeksi steroid memang benar infeksi telinga kalau sedang meradang tidak boleh naik pesawat bisa merusak gendang telinga dan bahaya akibat tekanan udara di dalam pesawat sama halnya juga kalau pasien mau berenang juga tidak boleh karena tekanan air bukan ditakuttakutin atau dicegah supaya ga boleh berobat ke luar negeri ya pernah dengar orang jago berenang tenggelam tibatiba tanpa sadar ternyata infeksi telinga sehingga menganggu keseimbangan tubuh ingat gendang telinga adalah organ yang juga mengatur keseimbangan dalam tubuh kita jadi konteks nya disini bukan nakutnakutin nah saat sudah diterapi dan sakit ya itu prose dari penyakit tersebut br ketika datang ke r spore sudah dalam kondisi yang baik tentu saat diperiksa itu telinga sudah dalam perbaikan br beda kasus kalo mbak kiky dan keluarga sama sekali tidak dapat obat dan tindakan dari dokter indonesia langsung berobat ke ln akan seperti apa cerita itu perjalanan penyakitnyabrbrmaka dari itu sering kita bilang ke pasien tidak ada berobat itu yang instan semua ada prose namun kebanyakan pasien banyak yang tidak sabar dalam prose pengobatan itu kembali dengan diri masingmasing pada saat itulah kalau pasien tidak nyaman dan tidak percaya atau tidak mau pasien bisa melakukan second opinion pilihan kedua untuk berobat ke dokter lain dan itu adalah itu adalah hak pasien dan pasien juga harus mengetahui kewajiban pasien juga mbak bisa searching apa itu hak amp kewajiban pasienbrbrlagian mana ada dokter yang mau pasien nya enggak sembuh mbak kepuasan seorang dokter adalah pasien yang datang itu sembuh malah kalau bisa itu pasien langsung sembuh ga perlu kontrol balik lagibrbrterima kasih sebelumnya mbak semoga mbak dan keluarga sehat selalu,aksesibilitas,,0
iya mbak untuk prose penyembuhan penyakit tidak segampang itu mana ada disitu sakit disitu langsung sembuh secepatnya perjalanan penyakit itu mulai dari infeksi entah itu penyebabnya virus bakteri jamur dan parasit ada fasefase nya pada saat datang bisa jadi lagi fase akut infeksi sedang aktif berlangsung nah apabila langsung diterapi diwaktu yang tepat sehingga prognosis kesembuhan lebih tinggi kalau datangnya pada fase kronik dimana infeksi sudah merajelala atau istilahnya penyakit sudah berkembang sudah mulai parah ini prognosis juga berbeda nantibrbrdari cerita yang mbak kiky ceritakan br saat berobat ke dokter pertama disini tidak ada tindakan hanya konsul tapi disini tidak diceritakan apakah di dokter pertama sempat dikasih terapi obat apa tidak karena saat pasien berobat tidak mau tindakan ya kita sebagai dokter hanya akan memberikan obat untuk mengurangi gejala dalam dunia kedokteran gak ada basabasi saat menjelaskan ke pasien tentang penyakitnya memang harus menjelaskan yang terburuk memang begitu atau nama lain istilah nya komplikasibr saat berobat ke dokter kedua second opinion disini dilakukan tindakan dengan injeksi kasus ini stroke telinga atau ssnhl yang terapi memang injeksi steroid memang benar infeksi telinga kalau sedang meradang tidak boleh naik pesawat bisa merusak gendang telinga dan bahaya akibat tekanan udara di dalam pesawat sama halnya juga kalau pasien mau berenang juga tidak boleh karena tekanan air bukan ditakuttakutin atau dicegah supaya ga boleh berobat ke luar negeri ya pernah dengar orang jago berenang tenggelam tibatiba tanpa sadar ternyata infeksi telinga sehingga menganggu keseimbangan tubuh ingat gendang telinga adalah organ yang juga mengatur keseimbangan dalam tubuh kita jadi konteks nya disini bukan nakutnakutin nah saat sudah diterapi dan sakit ya itu prose dari penyakit tersebut br ketika datang ke r spore sudah dalam kondisi yang baik tentu saat diperiksa itu telinga sudah dalam perbaikan br beda kasus kalo mbak kiky dan keluarga sama sekali tidak dapat obat dan tindakan dari dokter indonesia langsung berobat ke ln akan seperti apa cerita itu perjalanan penyakitnyabrbrmaka dari itu sering kita bilang ke pasien tidak ada berobat itu yang instan semua ada prose namun kebanyakan pasien banyak yang tidak sabar dalam prose pengobatan itu kembali dengan diri masingmasing pada saat itulah kalau pasien tidak nyaman dan tidak percaya atau tidak mau pasien bisa melakukan second opinion pilihan kedua untuk berobat ke dokter lain dan itu adalah itu adalah hak pasien dan pasien juga harus mengetahui kewajiban pasien juga mbak bisa searching apa itu hak amp kewajiban pasienbrbrlagian mana ada dokter yang mau pasien nya enggak sembuh mbak kepuasan seorang dokter adalah pasien yang datang itu sembuh malah kalau bisa itu pasien langsung sembuh ga perlu kontrol balik lagibrbrterima kasih sebelumnya mbak semoga mbak dan keluarga sehat selalu,kualitas_diagnosis,,0
hajar ky brcoba pada instrospeksi diri kenapa banyak orang indo yg berobat ke luar negeri brsebenarnya bukan kalah kepintaran dokter kita tapi ada sesuatu yg membuat mereka seperti itu,fasilitas,,0
hajar ky brcoba pada instrospeksi diri kenapa banyak orang indo yg berobat ke luar negeri brsebenarnya bukan kalah kepintaran dokter kita tapi ada sesuatu yg membuat mereka seperti itu,pelayanan,,0
hajar ky brcoba pada instrospeksi diri kenapa banyak orang indo yg berobat ke luar negeri brsebenarnya bukan kalah kepintaran dokter kita tapi ada sesuatu yg membuat mereka seperti itu,kualitas_diagnosis,,0
maafya ini kita kalau bilang dokter indonesia itu alias ada oknum yang tidak baik maaf sebenarnya walaupun kita lagi ngomongin dokter di indonesia tapi itu sama saja kita lagi ngomongin dokter yang artinya seperti istilah di cubit paha kanan maka paha kiri terasa maka kalau kita ngomongin dokter maka dokter yang lain akan terasa jugatapi kita kan tidak bisa pungkirin juga dan harus berkata jujur juga atas apa yang kita alami ya jujur bukan mau niat membandung bandingkan itu memang nyata dan kenyataanya di lapangan kalau di poling ya pastilah dokter di singapur itu memang jauh sangat baik dari semua segi pelayanan penanganan dan obat nya juga itu kenyataanyamakanya banyak rakyat indonesia yang berobat ke singapura,biaya,,0
maafya ini kita kalau bilang dokter indonesia itu alias ada oknum yang tidak baik maaf sebenarnya walaupun kita lagi ngomongin dokter di indonesia tapi itu sama saja kita lagi ngomongin dokter yang artinya seperti istilah di cubit paha kanan maka paha kiri terasa maka kalau kita ngomongin dokter maka dokter yang lain akan terasa jugatapi kita kan tidak bisa pungkirin juga dan harus berkata jujur juga atas apa yang kita alami ya jujur bukan mau niat membandung bandingkan itu memang nyata dan kenyataanya di lapangan kalau di poling ya pastilah dokter di singapur itu memang jauh sangat baik dari semua segi pelayanan penanganan dan obat nya juga itu kenyataanyamakanya banyak rakyat indonesia yang berobat ke singapura,fasilitas,,0
maafya ini kita kalau bilang dokter indonesia itu alias ada oknum yang tidak baik maaf sebenarnya walaupun kita lagi ngomongin dokter di indonesia tapi itu sama saja kita lagi ngomongin dokter yang artinya seperti istilah di cubit paha kanan maka paha kiri terasa maka kalau kita ngomongin dokter maka dokter yang lain akan terasa jugatapi kita kan tidak bisa pungkirin juga dan harus berkata jujur juga atas apa yang kita alami ya jujur bukan mau niat membandung bandingkan itu memang nyata dan kenyataanya di lapangan kalau di poling ya pastilah dokter di singapur itu memang jauh sangat baik dari semua segi pelayanan penanganan dan obat nya juga itu kenyataanyamakanya banyak rakyat indonesia yang berobat ke singapura,pelayanan,,0
maafya ini kita kalau bilang dokter indonesia itu alias ada oknum yang tidak baik maaf sebenarnya walaupun kita lagi ngomongin dokter di indonesia tapi itu sama saja kita lagi ngomongin dokter yang artinya seperti istilah di cubit paha kanan maka paha kiri terasa maka kalau kita ngomongin dokter maka dokter yang lain akan terasa jugatapi kita kan tidak bisa pungkirin juga dan harus berkata jujur juga atas apa yang kita alami ya jujur bukan mau niat membandung bandingkan itu memang nyata dan kenyataanya di lapangan kalau di poling ya pastilah dokter di singapur itu memang jauh sangat baik dari semua segi pelayanan penanganan dan obat nya juga itu kenyataanyamakanya banyak rakyat indonesia yang berobat ke singapura,aksesibilitas,,0
maafya ini kita kalau bilang dokter indonesia itu alias ada oknum yang tidak baik maaf sebenarnya walaupun kita lagi ngomongin dokter di indonesia tapi itu sama saja kita lagi ngomongin dokter yang artinya seperti istilah di cubit paha kanan maka paha kiri terasa maka kalau kita ngomongin dokter maka dokter yang lain akan terasa jugatapi kita kan tidak bisa pungkirin juga dan harus berkata jujur juga atas apa yang kita alami ya jujur bukan mau niat membandung bandingkan itu memang nyata dan kenyataanya di lapangan kalau di poling ya pastilah dokter di singapur itu memang jauh sangat baik dari semua segi pelayanan penanganan dan obat nya juga itu kenyataanyamakanya banyak rakyat indonesia yang berobat ke singapura,kualitas_diagnosis,,0
benar dan saya sepakat dengan mba kiky harusnya benahi dan perbaiki kualitas penanganan pasien dan layanan medis bagi kami masyarakatbrsaya juga termasuk korban dan akhirnya saya berobat ke penang semangat mba kiky menyuarakan kebenaran,fasilitas,,0
benar dan saya sepakat dengan mba kiky harusnya benahi dan perbaiki kualitas penanganan pasien dan layanan medis bagi kami masyarakatbrsaya juga termasuk korban dan akhirnya saya berobat ke penang semangat mba kiky menyuarakan kebenaran,pelayanan,,
benar dan saya sepakat dengan mba kiky harusnya benahi dan perbaiki kualitas penanganan pasien dan layanan medis bagi kami masyarakatbrsaya juga termasuk korban dan akhirnya saya berobat ke penang semangat mba kiky menyuarakan kebenaran,kualitas_diagnosis,,
sepertinya the doctor deh yang minim pergaulan pemikiran dan lainnya kalo orangorang awam lebih mengerti istilah medis dan tau cara penanganannya trus do we still need the doctor kita analisa sendiri aja berobat sendiri mandiri aja karena kurang paham dan iya iya aja sama apa kata dokter lah kadang kadang jadi ya gitu deh bukannya gak percaya sama dokter kita ya cuma ada dokterdokter yang plis yang bener aja napa kita kan gak paham sudah tidak mau membuka pengalaman pahit atas penyakit emak yang sudah tenang di alam sana tolong lah dokterdokter yang protes itu kasih la penjelasan yang lebih baik agar kita bisa mengerti dan percaya sama dokter dokter dalam negeri tidak semua orang mampu berobat ke luar negeri bagaimana nasib kami yang diserahkan ke dokter,biaya,,
sepertinya the doctor deh yang minim pergaulan pemikiran dan lainnya kalo orangorang awam lebih mengerti istilah medis dan tau cara penanganannya trus do we still need the doctor kita analisa sendiri aja berobat sendiri mandiri aja karena kurang paham dan iya iya aja sama apa kata dokter lah kadang kadang jadi ya gitu deh bukannya gak percaya sama dokter kita ya cuma ada dokterdokter yang plis yang bener aja napa kita kan gak paham sudah tidak mau membuka pengalaman pahit atas penyakit emak yang sudah tenang di alam sana tolong lah dokterdokter yang protes itu kasih la penjelasan yang lebih baik agar kita bisa mengerti dan percaya sama dokter dokter dalam negeri tidak semua orang mampu berobat ke luar negeri bagaimana nasib kami yang diserahkan ke dokter,fasilitas,,
sepertinya the doctor deh yang minim pergaulan pemikiran dan lainnya kalo orangorang awam lebih mengerti istilah medis dan tau cara penanganannya trus do we still need the doctor kita analisa sendiri aja berobat sendiri mandiri aja karena kurang paham dan iya iya aja sama apa kata dokter lah kadang kadang jadi ya gitu deh bukannya gak percaya sama dokter kita ya cuma ada dokterdokter yang plis yang bener aja napa kita kan gak paham sudah tidak mau membuka pengalaman pahit atas penyakit emak yang sudah tenang di alam sana tolong lah dokterdokter yang protes itu kasih la penjelasan yang lebih baik agar kita bisa mengerti dan percaya sama dokter dokter dalam negeri tidak semua orang mampu berobat ke luar negeri bagaimana nasib kami yang diserahkan ke dokter,pelayanan,,
sepertinya the doctor deh yang minim pergaulan pemikiran dan lainnya kalo orangorang awam lebih mengerti istilah medis dan tau cara penanganannya trus do we still need the doctor kita analisa sendiri aja berobat sendiri mandiri aja karena kurang paham dan iya iya aja sama apa kata dokter lah kadang kadang jadi ya gitu deh bukannya gak percaya sama dokter kita ya cuma ada dokterdokter yang plis yang bener aja napa kita kan gak paham sudah tidak mau membuka pengalaman pahit atas penyakit emak yang sudah tenang di alam sana tolong lah dokterdokter yang protes itu kasih la penjelasan yang lebih baik agar kita bisa mengerti dan percaya sama dokter dokter dalam negeri tidak semua orang mampu berobat ke luar negeri bagaimana nasib kami yang diserahkan ke dokter,kualitas_diagnosis,,
memang bukan rahasia lg kalau berobat lebih bagus langsung ke luar negri seperti singapore malaysia jelas diagnosa dokternya soalnya saya ngalamin sendiri kalo di indo pasien di ksh obat coba di bilang nanti ya hari balik lagi kalo blm ada perubahankalau di singapore di cek dl akar penyakit nya dr mana baru ksh obat dan waktunya gak lama dr lihat r nya yg telp kita utk balik ke dokter tersebut utk di kasih obat langsung sembuh gak bertele cuma dksh tablet langsung hilang penyakit nya karena memang pa ke akarnya adalagi pengalaman tmn sendiri untung aja ususnya gak jadi di potong langsung terbang ke malaysia sama sekali beda diagnosanya sampe ketawa dokter di malaysia itu ngeri sebenernya berobat di negeri sendiri bagus kalau ada apa langsung cuuss ke malaysia atau singapura kita gak jadi kelinci percobaan,biaya,,
memang bukan rahasia lg kalau berobat lebih bagus langsung ke luar negri seperti singapore malaysia jelas diagnosa dokternya soalnya saya ngalamin sendiri kalo di indo pasien di ksh obat coba di bilang nanti ya hari balik lagi kalo blm ada perubahankalau di singapore di cek dl akar penyakit nya dr mana baru ksh obat dan waktunya gak lama dr lihat r nya yg telp kita utk balik ke dokter tersebut utk di kasih obat langsung sembuh gak bertele cuma dksh tablet langsung hilang penyakit nya karena memang pa ke akarnya adalagi pengalaman tmn sendiri untung aja ususnya gak jadi di potong langsung terbang ke malaysia sama sekali beda diagnosanya sampe ketawa dokter di malaysia itu ngeri sebenernya berobat di negeri sendiri bagus kalau ada apa langsung cuuss ke malaysia atau singapura kita gak jadi kelinci percobaan,fasilitas,,
memang bukan rahasia lg kalau berobat lebih bagus langsung ke luar negri seperti singapore malaysia jelas diagnosa dokternya soalnya saya ngalamin sendiri kalo di indo pasien di ksh obat coba di bilang nanti ya hari balik lagi kalo blm ada perubahankalau di singapore di cek dl akar penyakit nya dr mana baru ksh obat dan waktunya gak lama dr lihat r nya yg telp kita utk balik ke dokter tersebut utk di kasih obat langsung sembuh gak bertele cuma dksh tablet langsung hilang penyakit nya karena memang pa ke akarnya adalagi pengalaman tmn sendiri untung aja ususnya gak jadi di potong langsung terbang ke malaysia sama sekali beda diagnosanya sampe ketawa dokter di malaysia itu ngeri sebenernya berobat di negeri sendiri bagus kalau ada apa langsung cuuss ke malaysia atau singapura kita gak jadi kelinci percobaan,pelayanan,,
memang bukan rahasia lg kalau berobat lebih bagus langsung ke luar negri seperti singapore malaysia jelas diagnosa dokternya soalnya saya ngalamin sendiri kalo di indo pasien di ksh obat coba di bilang nanti ya hari balik lagi kalo blm ada perubahankalau di singapore di cek dl akar penyakit nya dr mana baru ksh obat dan waktunya gak lama dr lihat r nya yg telp kita utk balik ke dokter tersebut utk di kasih obat langsung sembuh gak bertele cuma dksh tablet langsung hilang penyakit nya karena memang pa ke akarnya adalagi pengalaman tmn sendiri untung aja ususnya gak jadi di potong langsung terbang ke malaysia sama sekali beda diagnosanya sampe ketawa dokter di malaysia itu ngeri sebenernya berobat di negeri sendiri bagus kalau ada apa langsung cuuss ke malaysia atau singapura kita gak jadi kelinci percobaan,kualitas_diagnosis,,
tp skrng gmna ka kiky keadaan setelah disuntik trs berobat ke singapura,fasilitas,,
yakin sekarang kiky berobat ke luar negeri,pelayanan,,
terimakasihkita mmg sgt membutuhkan dokter indonesiakrn kita tdk mampu ke luar negritapi kita juga mau sehat krn perjuangan hidup kita utk kluarga masi panjang utk sehat itu uda mahaljadi udavtdk ada dana utk berobat ke luar negeri tolong para dokter yg terhormat terpandai perjuangkan kesehatan kita kiki mewakili kita yg tdk ada dana berobat ke luar negri kita cuma cari pertolongan bukan saling menjatuhkan indonesia harus sehat merdeka,biaya,,
terimakasihkita mmg sgt membutuhkan dokter indonesiakrn kita tdk mampu ke luar negritapi kita juga mau sehat krn perjuangan hidup kita utk kluarga masi panjang utk sehat itu uda mahaljadi udavtdk ada dana utk berobat ke luar negeri tolong para dokter yg terhormat terpandai perjuangkan kesehatan kita kiki mewakili kita yg tdk ada dana berobat ke luar negri kita cuma cari pertolongan bukan saling menjatuhkan indonesia harus sehat merdeka,pelayanan,,
terimakasihkita mmg sgt membutuhkan dokter indonesiakrn kita tdk mampu ke luar negritapi kita juga mau sehat krn perjuangan hidup kita utk kluarga masi panjang utk sehat itu uda mahaljadi udavtdk ada dana utk berobat ke luar negeri tolong para dokter yg terhormat terpandai perjuangkan kesehatan kita kiki mewakili kita yg tdk ada dana berobat ke luar negri kita cuma cari pertolongan bukan saling menjatuhkan indonesia harus sehat merdeka,aksesibilitas,,
kalo gini caranya masyarakat makin yakin untuk berobat ke luar negeri dokternya antikritik harus belajar ilmu kedokteran dulu sebelum komplain,pelayanan,,
sama seperti tetangga saya berobaybdisalah satu rumah sakit ternama dijakarta katanya usus buntu harus di op karna org tuanya insya allah punya rejeki lebih yg akhirnya dibawalah berobat ke penang malaysia disana cuman dibilang kelipet aj dan dikasih ob aj akhirnua sembuh,fasilitas,,
sama seperti tetangga saya berobaybdisalah satu rumah sakit ternama dijakarta katanya usus buntu harus di op karna org tuanya insya allah punya rejeki lebih yg akhirnya dibawalah berobat ke penang malaysia disana cuman dibilang kelipet aj dan dikasih ob aj akhirnua sembuh,pelayanan,,
sama seperti tetangga saya berobaybdisalah satu rumah sakit ternama dijakarta katanya usus buntu harus di op karna org tuanya insya allah punya rejeki lebih yg akhirnya dibawalah berobat ke penang malaysia disana cuman dibilang kelipet aj dan dikasih ob aj akhirnua sembuh,kualitas_diagnosis,,
thank you loh kiky imbas dari twit kamu jadi bikin makin terkuak kalo pengetahuan dokter di indonesia sendiri memang kurang merata gausah jauh ke luar negeri anak aku pun pa terindikasi covid aku dan suami tetep mencoba untuk ngecek ke r sebelah sampe cek ke r balik lagi bagian dari ikhtiar covid loh yah yg notabene ada alat te nya bukan cuma diagnosa berdasarkan pengetahuan dokter tapi disitu kita jadi ngerasain kalo pelayanan nya sendiri di r itu beda dimana di r terakhir anak ku langsung dilayani dikasih tempat di igd sampe akhirnya dokter menyarankan untuk isolasi mandiri dan seakan memberikan keyakinan kalo quotsoon youll pas thisquot dengan sangu obat dan saran yg menenangkan mungkin hati kita emang cocok disitu sampe sekarang kita kalo anak kenapa harus cek ke r ya dibawa ke r itu sama halnya mertua kamu yg udah berobat ke r masih belum ngerasa cocok dan kebetulan aja punya rejeki buat cek ke spore terus alhamdulillah cocok aku yakin jg ada case dimana kebalikan orang berobat ke luar negeri tp malah cocoknya di indonesia memang banyak sumbu pendek dan berpikiran pendek aja bukan mengambil hal positif malah membuat opini sendiri yg cenderung negatif,fasilitas,,
thank you loh kiky imbas dari twit kamu jadi bikin makin terkuak kalo pengetahuan dokter di indonesia sendiri memang kurang merata gausah jauh ke luar negeri anak aku pun pa terindikasi covid aku dan suami tetep mencoba untuk ngecek ke r sebelah sampe cek ke r balik lagi bagian dari ikhtiar covid loh yah yg notabene ada alat te nya bukan cuma diagnosa berdasarkan pengetahuan dokter tapi disitu kita jadi ngerasain kalo pelayanan nya sendiri di r itu beda dimana di r terakhir anak ku langsung dilayani dikasih tempat di igd sampe akhirnya dokter menyarankan untuk isolasi mandiri dan seakan memberikan keyakinan kalo quotsoon youll pas thisquot dengan sangu obat dan saran yg menenangkan mungkin hati kita emang cocok disitu sampe sekarang kita kalo anak kenapa harus cek ke r ya dibawa ke r itu sama halnya mertua kamu yg udah berobat ke r masih belum ngerasa cocok dan kebetulan aja punya rejeki buat cek ke spore terus alhamdulillah cocok aku yakin jg ada case dimana kebalikan orang berobat ke luar negeri tp malah cocoknya di indonesia memang banyak sumbu pendek dan berpikiran pendek aja bukan mengambil hal positif malah membuat opini sendiri yg cenderung negatif,pelayanan,,
thank you loh kiky imbas dari twit kamu jadi bikin makin terkuak kalo pengetahuan dokter di indonesia sendiri memang kurang merata gausah jauh ke luar negeri anak aku pun pa terindikasi covid aku dan suami tetep mencoba untuk ngecek ke r sebelah sampe cek ke r balik lagi bagian dari ikhtiar covid loh yah yg notabene ada alat te nya bukan cuma diagnosa berdasarkan pengetahuan dokter tapi disitu kita jadi ngerasain kalo pelayanan nya sendiri di r itu beda dimana di r terakhir anak ku langsung dilayani dikasih tempat di igd sampe akhirnya dokter menyarankan untuk isolasi mandiri dan seakan memberikan keyakinan kalo quotsoon youll pas thisquot dengan sangu obat dan saran yg menenangkan mungkin hati kita emang cocok disitu sampe sekarang kita kalo anak kenapa harus cek ke r ya dibawa ke r itu sama halnya mertua kamu yg udah berobat ke r masih belum ngerasa cocok dan kebetulan aja punya rejeki buat cek ke spore terus alhamdulillah cocok aku yakin jg ada case dimana kebalikan orang berobat ke luar negeri tp malah cocoknya di indonesia memang banyak sumbu pendek dan berpikiran pendek aja bukan mengambil hal positif malah membuat opini sendiri yg cenderung negatif,aksesibilitas,,
thank you loh kiky imbas dari twit kamu jadi bikin makin terkuak kalo pengetahuan dokter di indonesia sendiri memang kurang merata gausah jauh ke luar negeri anak aku pun pa terindikasi covid aku dan suami tetep mencoba untuk ngecek ke r sebelah sampe cek ke r balik lagi bagian dari ikhtiar covid loh yah yg notabene ada alat te nya bukan cuma diagnosa berdasarkan pengetahuan dokter tapi disitu kita jadi ngerasain kalo pelayanan nya sendiri di r itu beda dimana di r terakhir anak ku langsung dilayani dikasih tempat di igd sampe akhirnya dokter menyarankan untuk isolasi mandiri dan seakan memberikan keyakinan kalo quotsoon youll pas thisquot dengan sangu obat dan saran yg menenangkan mungkin hati kita emang cocok disitu sampe sekarang kita kalo anak kenapa harus cek ke r ya dibawa ke r itu sama halnya mertua kamu yg udah berobat ke r masih belum ngerasa cocok dan kebetulan aja punya rejeki buat cek ke spore terus alhamdulillah cocok aku yakin jg ada case dimana kebalikan orang berobat ke luar negeri tp malah cocoknya di indonesia memang banyak sumbu pendek dan berpikiran pendek aja bukan mengambil hal positif malah membuat opini sendiri yg cenderung negatif,kualitas_diagnosis,,
pnglaman kak kbyakan orng berobat ke penang malaysia aku sdh kakak kndung prnh operasi di mlysia yg satu prnh kelnjar tiroid dah lmyan parah pa masamasaalm olga di stu kriti kak saya berjuang di hospital lam wah ee penang mlysia alhamdulillah bulan di rawat sembuh terus satu kkak saya ad klnjar dpayudara alhamdulillah trs sembuh tidak prlu angkat payudara juga pnglaman smp skrng saya yg bkrja di pennag sdh thnan lbh disini banyak dokter dari luar negeri apa lagi yg terkenal di mlysia di penang bgus pngobtannya,biaya,,
pnglaman kak kbyakan orng berobat ke penang malaysia aku sdh kakak kndung prnh operasi di mlysia yg satu prnh kelnjar tiroid dah lmyan parah pa masamasaalm olga di stu kriti kak saya berjuang di hospital lam wah ee penang mlysia alhamdulillah bulan di rawat sembuh terus satu kkak saya ad klnjar dpayudara alhamdulillah trs sembuh tidak prlu angkat payudara juga pnglaman smp skrng saya yg bkrja di pennag sdh thnan lbh disini banyak dokter dari luar negeri apa lagi yg terkenal di mlysia di penang bgus pngobtannya,fasilitas,,
pnglaman kak kbyakan orng berobat ke penang malaysia aku sdh kakak kndung prnh operasi di mlysia yg satu prnh kelnjar tiroid dah lmyan parah pa masamasaalm olga di stu kriti kak saya berjuang di hospital lam wah ee penang mlysia alhamdulillah bulan di rawat sembuh terus satu kkak saya ad klnjar dpayudara alhamdulillah trs sembuh tidak prlu angkat payudara juga pnglaman smp skrng saya yg bkrja di pennag sdh thnan lbh disini banyak dokter dari luar negeri apa lagi yg terkenal di mlysia di penang bgus pngobtannya,pelayanan,,
oh iya lanjutan habis di strum jantung papa sy langsung meninggal apakah ini kesalahan dari penanganan para dokter sungguh sangat kecewa andai waktu itu sy punya dana lebih untuk berobat ke luar negeri pasti penangannya akan lebih baik,fasilitas,,
oh iya lanjutan habis di strum jantung papa sy langsung meninggal apakah ini kesalahan dari penanganan para dokter sungguh sangat kecewa andai waktu itu sy punya dana lebih untuk berobat ke luar negeri pasti penangannya akan lebih baik,pelayanan,,
oh iya lanjutan habis di strum jantung papa sy langsung meninggal apakah ini kesalahan dari penanganan para dokter sungguh sangat kecewa andai waktu itu sy punya dana lebih untuk berobat ke luar negeri pasti penangannya akan lebih baik,kualitas_diagnosis,,
luhut aja berobat ke singapura pak,general,,
enak banget maling nih malah minta berobat ke luar negeri terus kabur wkwkwkwoy maling bangsat kau maling ayam aja yg harganya rb bonyok dipenjara lah ini ratusan milyard,biaya,,
sakit apa kok berobat ke luar negeri dlm negeri dokter jg baik kok ga percaya rumah sakit sendiriopo mumpung sugih duit,biaya,,
sakit apa kok berobat ke luar negeri dlm negeri dokter jg baik kok ga percaya rumah sakit sendiriopo mumpung sugih duit,fasilitas,,
sakit apa kok berobat ke luar negeri dlm negeri dokter jg baik kok ga percaya rumah sakit sendiriopo mumpung sugih duit,pelayanan,,
kalau di indonesia punya rumah sakit yg profesional dan harganya terjangkau sepertinya orang indonesia ga berobat ke luar negeri,biaya,,
kalau di indonesia punya rumah sakit yg profesional dan harganya terjangkau sepertinya orang indonesia ga berobat ke luar negeri,fasilitas,,
kalau di indonesia punya rumah sakit yg profesional dan harganya terjangkau sepertinya orang indonesia ga berobat ke luar negeri,pelayanan,,
kalau di indonesia punya rumah sakit yg profesional dan harganya terjangkau sepertinya orang indonesia ga berobat ke luar negeri,aksesibilitas,,
kalau di indonesia punya rumah sakit yg profesional dan harganya terjangkau sepertinya orang indonesia ga berobat ke luar negeri,kualitas_diagnosis,,
pak menteri aja berobat ke singapura,general,,
waktu saya tinggal dirantau prapat tetangga saya kebanyakan berobat ke penang malaysia daripada ke medan atau jakarta,general,,
overproud nggak ketulungan kagak mau terima fakta emang nyatanya indonesia bobrok semua lini mau orang kaya tajir sekalipun bakal mikir² dengan sistem perobatan di mari yg mahal dokternya belum tentu kompeten main asal diagnosa nggak heran temen temen saya orang deli serdang sumut rata² orang dikampung mereka baik dari kalangan menengah kebawah maupun menengah ke atas kalo berobat lebih milih ke malaysia atau kalo yg bagi yg agak kaya ke singapore dan dulu saat saya sering ke ke kalbar dan kaltara penduduk kampung sana juga malah milih berobat ke serawak sabah dibandingkan ke pontianak atau ke tanjung selor atau samarindabrbrmalah ada pernah cerita kenalan saya orang aceh yg pa berobat di mari di diagnosis kanker eh nggak taunya sekali berobat ke penang malaysia cuma terindikasi virus dan ada sedikit infeksi sendi yg akhirnya cuma disuntik dan dikasih obat yg obatnya jauh lebih paten serta lebih murah ketimbang berobat dimari brjadi saran saya jangan overproud kelewat bata yg malah bikin denial dan picik,biaya,,
overproud nggak ketulungan kagak mau terima fakta emang nyatanya indonesia bobrok semua lini mau orang kaya tajir sekalipun bakal mikir² dengan sistem perobatan di mari yg mahal dokternya belum tentu kompeten main asal diagnosa nggak heran temen temen saya orang deli serdang sumut rata² orang dikampung mereka baik dari kalangan menengah kebawah maupun menengah ke atas kalo berobat lebih milih ke malaysia atau kalo yg bagi yg agak kaya ke singapore dan dulu saat saya sering ke ke kalbar dan kaltara penduduk kampung sana juga malah milih berobat ke serawak sabah dibandingkan ke pontianak atau ke tanjung selor atau samarindabrbrmalah ada pernah cerita kenalan saya orang aceh yg pa berobat di mari di diagnosis kanker eh nggak taunya sekali berobat ke penang malaysia cuma terindikasi virus dan ada sedikit infeksi sendi yg akhirnya cuma disuntik dan dikasih obat yg obatnya jauh lebih paten serta lebih murah ketimbang berobat dimari brjadi saran saya jangan overproud kelewat bata yg malah bikin denial dan picik,fasilitas,,
overproud nggak ketulungan kagak mau terima fakta emang nyatanya indonesia bobrok semua lini mau orang kaya tajir sekalipun bakal mikir² dengan sistem perobatan di mari yg mahal dokternya belum tentu kompeten main asal diagnosa nggak heran temen temen saya orang deli serdang sumut rata² orang dikampung mereka baik dari kalangan menengah kebawah maupun menengah ke atas kalo berobat lebih milih ke malaysia atau kalo yg bagi yg agak kaya ke singapore dan dulu saat saya sering ke ke kalbar dan kaltara penduduk kampung sana juga malah milih berobat ke serawak sabah dibandingkan ke pontianak atau ke tanjung selor atau samarindabrbrmalah ada pernah cerita kenalan saya orang aceh yg pa berobat di mari di diagnosis kanker eh nggak taunya sekali berobat ke penang malaysia cuma terindikasi virus dan ada sedikit infeksi sendi yg akhirnya cuma disuntik dan dikasih obat yg obatnya jauh lebih paten serta lebih murah ketimbang berobat dimari brjadi saran saya jangan overproud kelewat bata yg malah bikin denial dan picik,pelayanan,,
overproud nggak ketulungan kagak mau terima fakta emang nyatanya indonesia bobrok semua lini mau orang kaya tajir sekalipun bakal mikir² dengan sistem perobatan di mari yg mahal dokternya belum tentu kompeten main asal diagnosa nggak heran temen temen saya orang deli serdang sumut rata² orang dikampung mereka baik dari kalangan menengah kebawah maupun menengah ke atas kalo berobat lebih milih ke malaysia atau kalo yg bagi yg agak kaya ke singapore dan dulu saat saya sering ke ke kalbar dan kaltara penduduk kampung sana juga malah milih berobat ke serawak sabah dibandingkan ke pontianak atau ke tanjung selor atau samarindabrbrmalah ada pernah cerita kenalan saya orang aceh yg pa berobat di mari di diagnosis kanker eh nggak taunya sekali berobat ke penang malaysia cuma terindikasi virus dan ada sedikit infeksi sendi yg akhirnya cuma disuntik dan dikasih obat yg obatnya jauh lebih paten serta lebih murah ketimbang berobat dimari brjadi saran saya jangan overproud kelewat bata yg malah bikin denial dan picik,aksesibilitas,,
overproud nggak ketulungan kagak mau terima fakta emang nyatanya indonesia bobrok semua lini mau orang kaya tajir sekalipun bakal mikir² dengan sistem perobatan di mari yg mahal dokternya belum tentu kompeten main asal diagnosa nggak heran temen temen saya orang deli serdang sumut rata² orang dikampung mereka baik dari kalangan menengah kebawah maupun menengah ke atas kalo berobat lebih milih ke malaysia atau kalo yg bagi yg agak kaya ke singapore dan dulu saat saya sering ke ke kalbar dan kaltara penduduk kampung sana juga malah milih berobat ke serawak sabah dibandingkan ke pontianak atau ke tanjung selor atau samarindabrbrmalah ada pernah cerita kenalan saya orang aceh yg pa berobat di mari di diagnosis kanker eh nggak taunya sekali berobat ke penang malaysia cuma terindikasi virus dan ada sedikit infeksi sendi yg akhirnya cuma disuntik dan dikasih obat yg obatnya jauh lebih paten serta lebih murah ketimbang berobat dimari brjadi saran saya jangan overproud kelewat bata yg malah bikin denial dan picik,kualitas_diagnosis,,
pwpd hidup adalah pilihan terserah kalau merasa bangga berobat ke luar negerimalesia berarti tingkat kadar penyakitnya agak berat yg harus membutuhkan obat paten yg berdosis tinggibrkalau menurut saya lebih baik berobat di negeri sendiri agar roda ekonomi berputar dan selama ini pelayanan ya baikquot saja tidak masalah juga sebagai bentuk rasa nasionalisme dan kadar sakitnya yg sangat mudah untuk di sembuhkan cukup obat yg murah dan berkahalhamdulillahbrjangan pengalamanmu di genetalisasi seakan semua tdk baikada apa dengan perilaku seseorang setiap hari intropeksi diri sebelum menyalahkan seseorangokbrsetiap orang pengalaman berbeda jangan pengalamanmu di jadikan rasa sakit hatimutetap sabar dan tidak baperan,biaya,,
pwpd hidup adalah pilihan terserah kalau merasa bangga berobat ke luar negerimalesia berarti tingkat kadar penyakitnya agak berat yg harus membutuhkan obat paten yg berdosis tinggibrkalau menurut saya lebih baik berobat di negeri sendiri agar roda ekonomi berputar dan selama ini pelayanan ya baikquot saja tidak masalah juga sebagai bentuk rasa nasionalisme dan kadar sakitnya yg sangat mudah untuk di sembuhkan cukup obat yg murah dan berkahalhamdulillahbrjangan pengalamanmu di genetalisasi seakan semua tdk baikada apa dengan perilaku seseorang setiap hari intropeksi diri sebelum menyalahkan seseorangokbrsetiap orang pengalaman berbeda jangan pengalamanmu di jadikan rasa sakit hatimutetap sabar dan tidak baperan,fasilitas,,
pwpd hidup adalah pilihan terserah kalau merasa bangga berobat ke luar negerimalesia berarti tingkat kadar penyakitnya agak berat yg harus membutuhkan obat paten yg berdosis tinggibrkalau menurut saya lebih baik berobat di negeri sendiri agar roda ekonomi berputar dan selama ini pelayanan ya baikquot saja tidak masalah juga sebagai bentuk rasa nasionalisme dan kadar sakitnya yg sangat mudah untuk di sembuhkan cukup obat yg murah dan berkahalhamdulillahbrjangan pengalamanmu di genetalisasi seakan semua tdk baikada apa dengan perilaku seseorang setiap hari intropeksi diri sebelum menyalahkan seseorangokbrsetiap orang pengalaman berbeda jangan pengalamanmu di jadikan rasa sakit hatimutetap sabar dan tidak baperan,pelayanan,,
pwpd hidup adalah pilihan terserah kalau merasa bangga berobat ke luar negerimalesia berarti tingkat kadar penyakitnya agak berat yg harus membutuhkan obat paten yg berdosis tinggibrkalau menurut saya lebih baik berobat di negeri sendiri agar roda ekonomi berputar dan selama ini pelayanan ya baikquot saja tidak masalah juga sebagai bentuk rasa nasionalisme dan kadar sakitnya yg sangat mudah untuk di sembuhkan cukup obat yg murah dan berkahalhamdulillahbrjangan pengalamanmu di genetalisasi seakan semua tdk baikada apa dengan perilaku seseorang setiap hari intropeksi diri sebelum menyalahkan seseorangokbrsetiap orang pengalaman berbeda jangan pengalamanmu di jadikan rasa sakit hatimutetap sabar dan tidak baperan,aksesibilitas,,
pwpd hidup adalah pilihan terserah kalau merasa bangga berobat ke luar negerimalesia berarti tingkat kadar penyakitnya agak berat yg harus membutuhkan obat paten yg berdosis tinggibrkalau menurut saya lebih baik berobat di negeri sendiri agar roda ekonomi berputar dan selama ini pelayanan ya baikquot saja tidak masalah juga sebagai bentuk rasa nasionalisme dan kadar sakitnya yg sangat mudah untuk di sembuhkan cukup obat yg murah dan berkahalhamdulillahbrjangan pengalamanmu di genetalisasi seakan semua tdk baikada apa dengan perilaku seseorang setiap hari intropeksi diri sebelum menyalahkan seseorangokbrsetiap orang pengalaman berbeda jangan pengalamanmu di jadikan rasa sakit hatimutetap sabar dan tidak baperan,kualitas_diagnosis,,
lho jadi ke mana mana bawa bawa perekonomian dalam negeri dan kebanggaan ini bukan soal kebanggaan dan perekonomian dalam negeri ini tentang orang yang urgent akan tindakan pelayanan yg serius yg mna mereka ingin sembuh dan berkaitan dengan nyawa kalau soal perekonomian dalam negeri orang orangorang tsb sudah pasti banyak berkontribusi untuk negaranya melalui bayar pajak tapi apa yang mereka dapatkan setelah nya ini bukan masalah kebanggaan berobat ke ln atau dsb justru komentar anda itu memperlihatkan dk jalan nalar anda dan justru anda yg baperan brbrharusnya introspeksi diri orang orang yg berkecimpung dunia medis di sini dan juga pemerintahan melalui kementerian kesehatan kenapa rakyat nya malah lebih percaya berobat ke negara seberang harus nya pihak pelayanan publik di bidang kesehatan kalau benar benar profesional harusnya mikir dan malu bukan malah membela diri dan menolak kenyataan sehingga komentar denial dan picik katak dalam tempurung seperti anda brlihat juga tu bpk hendropriyono dan bpk luhut binsar panjaitan yg malah milih berobat ke singapura apa mereka juga tidak mendukung perekonomian dalam negeri apa karena mereka lebih bangga berobat ke ln alangkah picik nya jika orang lebih memilih berobat ke ln di judge demikian apa jangan jangan anda salah satu oknum dokter atau oknum praktisi kesehatan di indonesia yang sejenis mempermainkan pasien kah makanya kelojotan seperti cacing kepanasan dan menolak terima faktabrbrdan anda dari komentar nya aja kelihatan setara bocil bocil overproud keyboard warrior menyebut negara orang lain dengan menghina seperti itu harusnya terima kasih mereka tidak mempersulit warga indonesia baik yg menengah ke bawah maupun menengah ke atas untuk berobat di tempat mereka bukan malah menyebut negara orang dengan menghina dan membuly seperti itu nah kalau memang benar benar anda praktisi kesehatan dan dari cara komentar nya menghina dan membuly negara orang seperti komentar anda di atas pantas lah kalau realita pendidikan kesehatan di negeri ini mahasiswa dan para pendidik dan mentor nya gemar membuly junior junior dan anak didik nya sehingga ketika mereka menjadi senior akan melakukan hal yg sama ke junior selanjutnya dan ketika mereka menjadi pelayan publik di bidang kesehatan kebanyakan dari mereka malah menyusahkan rakyat dengan menipu mempermainkan dan memeras rakyatnya sendiri yg mana mereka disumpah saat lulu untuk melakukan pelayanan terbaik dan tulu melayani masyarakat tetapi malah melanggar sumpah dan bertindak sebaliknya lah wong saat mereka pendidikan aja sudah diajari buat nge bullyingbrbrpantas lah internasional dan negara negara tetangga jadi men cap iq orang orang di indonesia ya kerena gara gara segelintir orang orang bermental picik overproud denial dan gemar membuly negara orang padahal jumlah orang indonesia yg bermental seperti kalian ini hanya segelintir dari juta cuma gara gara sikap kalian yg overproud kelewat bata yg gemar menghina nama negara orang lain serta alergi fakta akhirnya satu nkri jadi kena getahnya padahal sudah seharusnya pola pikir masyarakat indonesia luas dan besar seluas negara nya,biaya,,
lho jadi ke mana mana bawa bawa perekonomian dalam negeri dan kebanggaan ini bukan soal kebanggaan dan perekonomian dalam negeri ini tentang orang yang urgent akan tindakan pelayanan yg serius yg mna mereka ingin sembuh dan berkaitan dengan nyawa kalau soal perekonomian dalam negeri orang orangorang tsb sudah pasti banyak berkontribusi untuk negaranya melalui bayar pajak tapi apa yang mereka dapatkan setelah nya ini bukan masalah kebanggaan berobat ke ln atau dsb justru komentar anda itu memperlihatkan dk jalan nalar anda dan justru anda yg baperan brbrharusnya introspeksi diri orang orang yg berkecimpung dunia medis di sini dan juga pemerintahan melalui kementerian kesehatan kenapa rakyat nya malah lebih percaya berobat ke negara seberang harus nya pihak pelayanan publik di bidang kesehatan kalau benar benar profesional harusnya mikir dan malu bukan malah membela diri dan menolak kenyataan sehingga komentar denial dan picik katak dalam tempurung seperti anda brlihat juga tu bpk hendropriyono dan bpk luhut binsar panjaitan yg malah milih berobat ke singapura apa mereka juga tidak mendukung perekonomian dalam negeri apa karena mereka lebih bangga berobat ke ln alangkah picik nya jika orang lebih memilih berobat ke ln di judge demikian apa jangan jangan anda salah satu oknum dokter atau oknum praktisi kesehatan di indonesia yang sejenis mempermainkan pasien kah makanya kelojotan seperti cacing kepanasan dan menolak terima faktabrbrdan anda dari komentar nya aja kelihatan setara bocil bocil overproud keyboard warrior menyebut negara orang lain dengan menghina seperti itu harusnya terima kasih mereka tidak mempersulit warga indonesia baik yg menengah ke bawah maupun menengah ke atas untuk berobat di tempat mereka bukan malah menyebut negara orang dengan menghina dan membuly seperti itu nah kalau memang benar benar anda praktisi kesehatan dan dari cara komentar nya menghina dan membuly negara orang seperti komentar anda di atas pantas lah kalau realita pendidikan kesehatan di negeri ini mahasiswa dan para pendidik dan mentor nya gemar membuly junior junior dan anak didik nya sehingga ketika mereka menjadi senior akan melakukan hal yg sama ke junior selanjutnya dan ketika mereka menjadi pelayan publik di bidang kesehatan kebanyakan dari mereka malah menyusahkan rakyat dengan menipu mempermainkan dan memeras rakyatnya sendiri yg mana mereka disumpah saat lulu untuk melakukan pelayanan terbaik dan tulu melayani masyarakat tetapi malah melanggar sumpah dan bertindak sebaliknya lah wong saat mereka pendidikan aja sudah diajari buat nge bullyingbrbrpantas lah internasional dan negara negara tetangga jadi men cap iq orang orang di indonesia ya kerena gara gara segelintir orang orang bermental picik overproud denial dan gemar membuly negara orang padahal jumlah orang indonesia yg bermental seperti kalian ini hanya segelintir dari juta cuma gara gara sikap kalian yg overproud kelewat bata yg gemar menghina nama negara orang lain serta alergi fakta akhirnya satu nkri jadi kena getahnya padahal sudah seharusnya pola pikir masyarakat indonesia luas dan besar seluas negara nya,fasilitas,,
lho jadi ke mana mana bawa bawa perekonomian dalam negeri dan kebanggaan ini bukan soal kebanggaan dan perekonomian dalam negeri ini tentang orang yang urgent akan tindakan pelayanan yg serius yg mna mereka ingin sembuh dan berkaitan dengan nyawa kalau soal perekonomian dalam negeri orang orangorang tsb sudah pasti banyak berkontribusi untuk negaranya melalui bayar pajak tapi apa yang mereka dapatkan setelah nya ini bukan masalah kebanggaan berobat ke ln atau dsb justru komentar anda itu memperlihatkan dk jalan nalar anda dan justru anda yg baperan brbrharusnya introspeksi diri orang orang yg berkecimpung dunia medis di sini dan juga pemerintahan melalui kementerian kesehatan kenapa rakyat nya malah lebih percaya berobat ke negara seberang harus nya pihak pelayanan publik di bidang kesehatan kalau benar benar profesional harusnya mikir dan malu bukan malah membela diri dan menolak kenyataan sehingga komentar denial dan picik katak dalam tempurung seperti anda brlihat juga tu bpk hendropriyono dan bpk luhut binsar panjaitan yg malah milih berobat ke singapura apa mereka juga tidak mendukung perekonomian dalam negeri apa karena mereka lebih bangga berobat ke ln alangkah picik nya jika orang lebih memilih berobat ke ln di judge demikian apa jangan jangan anda salah satu oknum dokter atau oknum praktisi kesehatan di indonesia yang sejenis mempermainkan pasien kah makanya kelojotan seperti cacing kepanasan dan menolak terima faktabrbrdan anda dari komentar nya aja kelihatan setara bocil bocil overproud keyboard warrior menyebut negara orang lain dengan menghina seperti itu harusnya terima kasih mereka tidak mempersulit warga indonesia baik yg menengah ke bawah maupun menengah ke atas untuk berobat di tempat mereka bukan malah menyebut negara orang dengan menghina dan membuly seperti itu nah kalau memang benar benar anda praktisi kesehatan dan dari cara komentar nya menghina dan membuly negara orang seperti komentar anda di atas pantas lah kalau realita pendidikan kesehatan di negeri ini mahasiswa dan para pendidik dan mentor nya gemar membuly junior junior dan anak didik nya sehingga ketika mereka menjadi senior akan melakukan hal yg sama ke junior selanjutnya dan ketika mereka menjadi pelayan publik di bidang kesehatan kebanyakan dari mereka malah menyusahkan rakyat dengan menipu mempermainkan dan memeras rakyatnya sendiri yg mana mereka disumpah saat lulu untuk melakukan pelayanan terbaik dan tulu melayani masyarakat tetapi malah melanggar sumpah dan bertindak sebaliknya lah wong saat mereka pendidikan aja sudah diajari buat nge bullyingbrbrpantas lah internasional dan negara negara tetangga jadi men cap iq orang orang di indonesia ya kerena gara gara segelintir orang orang bermental picik overproud denial dan gemar membuly negara orang padahal jumlah orang indonesia yg bermental seperti kalian ini hanya segelintir dari juta cuma gara gara sikap kalian yg overproud kelewat bata yg gemar menghina nama negara orang lain serta alergi fakta akhirnya satu nkri jadi kena getahnya padahal sudah seharusnya pola pikir masyarakat indonesia luas dan besar seluas negara nya,pelayanan,,
lho jadi ke mana mana bawa bawa perekonomian dalam negeri dan kebanggaan ini bukan soal kebanggaan dan perekonomian dalam negeri ini tentang orang yang urgent akan tindakan pelayanan yg serius yg mna mereka ingin sembuh dan berkaitan dengan nyawa kalau soal perekonomian dalam negeri orang orangorang tsb sudah pasti banyak berkontribusi untuk negaranya melalui bayar pajak tapi apa yang mereka dapatkan setelah nya ini bukan masalah kebanggaan berobat ke ln atau dsb justru komentar anda itu memperlihatkan dk jalan nalar anda dan justru anda yg baperan brbrharusnya introspeksi diri orang orang yg berkecimpung dunia medis di sini dan juga pemerintahan melalui kementerian kesehatan kenapa rakyat nya malah lebih percaya berobat ke negara seberang harus nya pihak pelayanan publik di bidang kesehatan kalau benar benar profesional harusnya mikir dan malu bukan malah membela diri dan menolak kenyataan sehingga komentar denial dan picik katak dalam tempurung seperti anda brlihat juga tu bpk hendropriyono dan bpk luhut binsar panjaitan yg malah milih berobat ke singapura apa mereka juga tidak mendukung perekonomian dalam negeri apa karena mereka lebih bangga berobat ke ln alangkah picik nya jika orang lebih memilih berobat ke ln di judge demikian apa jangan jangan anda salah satu oknum dokter atau oknum praktisi kesehatan di indonesia yang sejenis mempermainkan pasien kah makanya kelojotan seperti cacing kepanasan dan menolak terima faktabrbrdan anda dari komentar nya aja kelihatan setara bocil bocil overproud keyboard warrior menyebut negara orang lain dengan menghina seperti itu harusnya terima kasih mereka tidak mempersulit warga indonesia baik yg menengah ke bawah maupun menengah ke atas untuk berobat di tempat mereka bukan malah menyebut negara orang dengan menghina dan membuly seperti itu nah kalau memang benar benar anda praktisi kesehatan dan dari cara komentar nya menghina dan membuly negara orang seperti komentar anda di atas pantas lah kalau realita pendidikan kesehatan di negeri ini mahasiswa dan para pendidik dan mentor nya gemar membuly junior junior dan anak didik nya sehingga ketika mereka menjadi senior akan melakukan hal yg sama ke junior selanjutnya dan ketika mereka menjadi pelayan publik di bidang kesehatan kebanyakan dari mereka malah menyusahkan rakyat dengan menipu mempermainkan dan memeras rakyatnya sendiri yg mana mereka disumpah saat lulu untuk melakukan pelayanan terbaik dan tulu melayani masyarakat tetapi malah melanggar sumpah dan bertindak sebaliknya lah wong saat mereka pendidikan aja sudah diajari buat nge bullyingbrbrpantas lah internasional dan negara negara tetangga jadi men cap iq orang orang di indonesia ya kerena gara gara segelintir orang orang bermental picik overproud denial dan gemar membuly negara orang padahal jumlah orang indonesia yg bermental seperti kalian ini hanya segelintir dari juta cuma gara gara sikap kalian yg overproud kelewat bata yg gemar menghina nama negara orang lain serta alergi fakta akhirnya satu nkri jadi kena getahnya padahal sudah seharusnya pola pikir masyarakat indonesia luas dan besar seluas negara nya,aksesibilitas,,
lho jadi ke mana mana bawa bawa perekonomian dalam negeri dan kebanggaan ini bukan soal kebanggaan dan perekonomian dalam negeri ini tentang orang yang urgent akan tindakan pelayanan yg serius yg mna mereka ingin sembuh dan berkaitan dengan nyawa kalau soal perekonomian dalam negeri orang orangorang tsb sudah pasti banyak berkontribusi untuk negaranya melalui bayar pajak tapi apa yang mereka dapatkan setelah nya ini bukan masalah kebanggaan berobat ke ln atau dsb justru komentar anda itu memperlihatkan dk jalan nalar anda dan justru anda yg baperan brbrharusnya introspeksi diri orang orang yg berkecimpung dunia medis di sini dan juga pemerintahan melalui kementerian kesehatan kenapa rakyat nya malah lebih percaya berobat ke negara seberang harus nya pihak pelayanan publik di bidang kesehatan kalau benar benar profesional harusnya mikir dan malu bukan malah membela diri dan menolak kenyataan sehingga komentar denial dan picik katak dalam tempurung seperti anda brlihat juga tu bpk hendropriyono dan bpk luhut binsar panjaitan yg malah milih berobat ke singapura apa mereka juga tidak mendukung perekonomian dalam negeri apa karena mereka lebih bangga berobat ke ln alangkah picik nya jika orang lebih memilih berobat ke ln di judge demikian apa jangan jangan anda salah satu oknum dokter atau oknum praktisi kesehatan di indonesia yang sejenis mempermainkan pasien kah makanya kelojotan seperti cacing kepanasan dan menolak terima faktabrbrdan anda dari komentar nya aja kelihatan setara bocil bocil overproud keyboard warrior menyebut negara orang lain dengan menghina seperti itu harusnya terima kasih mereka tidak mempersulit warga indonesia baik yg menengah ke bawah maupun menengah ke atas untuk berobat di tempat mereka bukan malah menyebut negara orang dengan menghina dan membuly seperti itu nah kalau memang benar benar anda praktisi kesehatan dan dari cara komentar nya menghina dan membuly negara orang seperti komentar anda di atas pantas lah kalau realita pendidikan kesehatan di negeri ini mahasiswa dan para pendidik dan mentor nya gemar membuly junior junior dan anak didik nya sehingga ketika mereka menjadi senior akan melakukan hal yg sama ke junior selanjutnya dan ketika mereka menjadi pelayan publik di bidang kesehatan kebanyakan dari mereka malah menyusahkan rakyat dengan menipu mempermainkan dan memeras rakyatnya sendiri yg mana mereka disumpah saat lulu untuk melakukan pelayanan terbaik dan tulu melayani masyarakat tetapi malah melanggar sumpah dan bertindak sebaliknya lah wong saat mereka pendidikan aja sudah diajari buat nge bullyingbrbrpantas lah internasional dan negara negara tetangga jadi men cap iq orang orang di indonesia ya kerena gara gara segelintir orang orang bermental picik overproud denial dan gemar membuly negara orang padahal jumlah orang indonesia yg bermental seperti kalian ini hanya segelintir dari juta cuma gara gara sikap kalian yg overproud kelewat bata yg gemar menghina nama negara orang lain serta alergi fakta akhirnya satu nkri jadi kena getahnya padahal sudah seharusnya pola pikir masyarakat indonesia luas dan besar seluas negara nya,kualitas_diagnosis,,
lho jadi ke mana mana bawa bawa perekonomian dalam negeri dan kebanggaan ini bukan soal kebanggaan dan perekonomian dalam negeri ini tentang orang yang urgent akan tindakan pelayanan yg serius yg mna mereka ingin sembuh dan berkaitan dengan nyawa kalau soal perekonomian dalam negeri orang oray tsb sudah pasti banyak berkontribusi untuk negaranya melalui bayar pajak tapi apa yang mereka dapatkan setelah nya ini bukan masalah kebanggaan berobat ke ln atau dsb justru komentar anda itu memperlihatkan dk jalan nalar anda dan justru anda yg baperan brbrharusnya introspeksi diri orang orang yg berkecimpung dunia medis di sini dan juga pemerintahan melalui kementerian kesehatan kenapa rakyat nya malah lebih percaya berobat ke negara seberang harus nya pihak pelayanan publik di bidang kesehatan kalau benar benar profesional harusnya mikir dan malu bukan malah membela diri dan menolak kenyataan sehingga komentar denial dan picik katak dalam tempurung seperti anda brlihat juga tu bpk hendropriyono dan bpk luhut binsar panjaitan yg malah milih berobat ke singapura apa mereka juga tidak mendukung perekonomian dalam negeri apa karena mereka lebih bangga berobat ke ln alangkah picik nya jika orang lebih memilih berobat ke ln di judge demikian apa jangan jangan anda salah satu oknum dokter atau oknum praktisi kesehatan di indonesia yang sejenis mempermainkan pasien kah makanya kelojotan seperti cacing kepanasan dan menolak terima faktabrbrdan anda dari komentar nya aja kelihatan setara bocil bocil overproud keyboard warrior menyebut negara orang lain dengan menghina seperti itu harusnya terima kasih mereka tidak mempersulit warga indonesia baik yg menengah ke bawah maupun menengah ke atas untuk berobat di tempat mereka bukan malah menyebut negara orang dengan menghina dan membuly seperti itu nah kalau memang benar benar anda praktisi kesehatan dan dari cara komentar nya menghina dan membuly negara orang seperti komentar anda di atas pantas lah kalau realita pendidikan kesehatan di negeri ini mahasiswa dan para pendidik dan mentor nya gemar membuly junior junior dan anak didik nya sehingga ketika mereka menjadi senior akan melakukan hal yg sama ke junior selanjutnya dan ketika mereka menjadi pelayan publik di bidang kesehatan kebanyakan dari mereka malah menyusahkan rakyat dengan menipu mempermainkan dan memeras rakyatnya sendiri yg mana mereka disumpah saat lulu untuk melakukan pelayanan terbaik dan tulu melayani masyarakat tetapi malah melanggar sumpah dan bertindak sebaliknya lah wong saat mereka pendidikan aja sudah diajari buat nge bullyingbrbrpantas lah internasional dan negara negara tetangga jadi men cap iq orang orang di indonesia ya kerena gara gara segelintir orang orang bermental picik overproud denial dan gemar membuly negara orang padahal jumlah orang indonesia yg bermental seperti kalian ini hanya segelintir dari juta cuma gara gara sikap kalian yg overproud kelewat bata yg gemar menghina nama negara orang lain serta alergi fakta akhirnya satu nkri jadi kena getahnya padahal sudah seharusnya pola pikir masyarakat indonesia luas dan besar seluas negara nya,biaya,,
lho jadi ke mana mana bawa bawa perekonomian dalam negeri dan kebanggaan ini bukan soal kebanggaan dan perekonomian dalam negeri ini tentang orang yang urgent akan tindakan pelayanan yg serius yg mna mereka ingin sembuh dan berkaitan dengan nyawa kalau soal perekonomian dalam negeri orang oray tsb sudah pasti banyak berkontribusi untuk negaranya melalui bayar pajak tapi apa yang mereka dapatkan setelah nya ini bukan masalah kebanggaan berobat ke ln atau dsb justru komentar anda itu memperlihatkan dk jalan nalar anda dan justru anda yg baperan brbrharusnya introspeksi diri orang orang yg berkecimpung dunia medis di sini dan juga pemerintahan melalui kementerian kesehatan kenapa rakyat nya malah lebih percaya berobat ke negara seberang harus nya pihak pelayanan publik di bidang kesehatan kalau benar benar profesional harusnya mikir dan malu bukan malah membela diri dan menolak kenyataan sehingga komentar denial dan picik katak dalam tempurung seperti anda brlihat juga tu bpk hendropriyono dan bpk luhut binsar panjaitan yg malah milih berobat ke singapura apa mereka juga tidak mendukung perekonomian dalam negeri apa karena mereka lebih bangga berobat ke ln alangkah picik nya jika orang lebih memilih berobat ke ln di judge demikian apa jangan jangan anda salah satu oknum dokter atau oknum praktisi kesehatan di indonesia yang sejenis mempermainkan pasien kah makanya kelojotan seperti cacing kepanasan dan menolak terima faktabrbrdan anda dari komentar nya aja kelihatan setara bocil bocil overproud keyboard warrior menyebut negara orang lain dengan menghina seperti itu harusnya terima kasih mereka tidak mempersulit warga indonesia baik yg menengah ke bawah maupun menengah ke atas untuk berobat di tempat mereka bukan malah menyebut negara orang dengan menghina dan membuly seperti itu nah kalau memang benar benar anda praktisi kesehatan dan dari cara komentar nya menghina dan membuly negara orang seperti komentar anda di atas pantas lah kalau realita pendidikan kesehatan di negeri ini mahasiswa dan para pendidik dan mentor nya gemar membuly junior junior dan anak didik nya sehingga ketika mereka menjadi senior akan melakukan hal yg sama ke junior selanjutnya dan ketika mereka menjadi pelayan publik di bidang kesehatan kebanyakan dari mereka malah menyusahkan rakyat dengan menipu mempermainkan dan memeras rakyatnya sendiri yg mana mereka disumpah saat lulu untuk melakukan pelayanan terbaik dan tulu melayani masyarakat tetapi malah melanggar sumpah dan bertindak sebaliknya lah wong saat mereka pendidikan aja sudah diajari buat nge bullyingbrbrpantas lah internasional dan negara negara tetangga jadi men cap iq orang orang di indonesia ya kerena gara gara segelintir orang orang bermental picik overproud denial dan gemar membuly negara orang padahal jumlah orang indonesia yg bermental seperti kalian ini hanya segelintir dari juta cuma gara gara sikap kalian yg overproud kelewat bata yg gemar menghina nama negara orang lain serta alergi fakta akhirnya satu nkri jadi kena getahnya padahal sudah seharusnya pola pikir masyarakat indonesia luas dan besar seluas negara nya,fasilitas,,
lho jadi ke mana mana bawa bawa perekonomian dalam negeri dan kebanggaan ini bukan soal kebanggaan dan perekonomian dalam negeri ini tentang orang yang urgent akan tindakan pelayanan yg serius yg mna mereka ingin sembuh dan berkaitan dengan nyawa kalau soal perekonomian dalam negeri orang oray tsb sudah pasti banyak berkontribusi untuk negaranya melalui bayar pajak tapi apa yang mereka dapatkan setelah nya ini bukan masalah kebanggaan berobat ke ln atau dsb justru komentar anda itu memperlihatkan dk jalan nalar anda dan justru anda yg baperan brbrharusnya introspeksi diri orang orang yg berkecimpung dunia medis di sini dan juga pemerintahan melalui kementerian kesehatan kenapa rakyat nya malah lebih percaya berobat ke negara seberang harus nya pihak pelayanan publik di bidang kesehatan kalau benar benar profesional harusnya mikir dan malu bukan malah membela diri dan menolak kenyataan sehingga komentar denial dan picik katak dalam tempurung seperti anda brlihat juga tu bpk hendropriyono dan bpk luhut binsar panjaitan yg malah milih berobat ke singapura apa mereka juga tidak mendukung perekonomian dalam negeri apa karena mereka lebih bangga berobat ke ln alangkah picik nya jika orang lebih memilih berobat ke ln di judge demikian apa jangan jangan anda salah satu oknum dokter atau oknum praktisi kesehatan di indonesia yang sejenis mempermainkan pasien kah makanya kelojotan seperti cacing kepanasan dan menolak terima faktabrbrdan anda dari komentar nya aja kelihatan setara bocil bocil overproud keyboard warrior menyebut negara orang lain dengan menghina seperti itu harusnya terima kasih mereka tidak mempersulit warga indonesia baik yg menengah ke bawah maupun menengah ke atas untuk berobat di tempat mereka bukan malah menyebut negara orang dengan menghina dan membuly seperti itu nah kalau memang benar benar anda praktisi kesehatan dan dari cara komentar nya menghina dan membuly negara orang seperti komentar anda di atas pantas lah kalau realita pendidikan kesehatan di negeri ini mahasiswa dan para pendidik dan mentor nya gemar membuly junior junior dan anak didik nya sehingga ketika mereka menjadi senior akan melakukan hal yg sama ke junior selanjutnya dan ketika mereka menjadi pelayan publik di bidang kesehatan kebanyakan dari mereka malah menyusahkan rakyat dengan menipu mempermainkan dan memeras rakyatnya sendiri yg mana mereka disumpah saat lulu untuk melakukan pelayanan terbaik dan tulu melayani masyarakat tetapi malah melanggar sumpah dan bertindak sebaliknya lah wong saat mereka pendidikan aja sudah diajari buat nge bullyingbrbrpantas lah internasional dan negara negara tetangga jadi men cap iq orang orang di indonesia ya kerena gara gara segelintir orang orang bermental picik overproud denial dan gemar membuly negara orang padahal jumlah orang indonesia yg bermental seperti kalian ini hanya segelintir dari juta cuma gara gara sikap kalian yg overproud kelewat bata yg gemar menghina nama negara orang lain serta alergi fakta akhirnya satu nkri jadi kena getahnya padahal sudah seharusnya pola pikir masyarakat indonesia luas dan besar seluas negara nya,pelayanan,,
lho jadi ke mana mana bawa bawa perekonomian dalam negeri dan kebanggaan ini bukan soal kebanggaan dan perekonomian dalam negeri ini tentang orang yang urgent akan tindakan pelayanan yg serius yg mna mereka ingin sembuh dan berkaitan dengan nyawa kalau soal perekonomian dalam negeri orang oray tsb sudah pasti banyak berkontribusi untuk negaranya melalui bayar pajak tapi apa yang mereka dapatkan setelah nya ini bukan masalah kebanggaan berobat ke ln atau dsb justru komentar anda itu memperlihatkan dk jalan nalar anda dan justru anda yg baperan brbrharusnya introspeksi diri orang orang yg berkecimpung dunia medis di sini dan juga pemerintahan melalui kementerian kesehatan kenapa rakyat nya malah lebih percaya berobat ke negara seberang harus nya pihak pelayanan publik di bidang kesehatan kalau benar benar profesional harusnya mikir dan malu bukan malah membela diri dan menolak kenyataan sehingga komentar denial dan picik katak dalam tempurung seperti anda brlihat juga tu bpk hendropriyono dan bpk luhut binsar panjaitan yg malah milih berobat ke singapura apa mereka juga tidak mendukung perekonomian dalam negeri apa karena mereka lebih bangga berobat ke ln alangkah picik nya jika orang lebih memilih berobat ke ln di judge demikian apa jangan jangan anda salah satu oknum dokter atau oknum praktisi kesehatan di indonesia yang sejenis mempermainkan pasien kah makanya kelojotan seperti cacing kepanasan dan menolak terima faktabrbrdan anda dari komentar nya aja kelihatan setara bocil bocil overproud keyboard warrior menyebut negara orang lain dengan menghina seperti itu harusnya terima kasih mereka tidak mempersulit warga indonesia baik yg menengah ke bawah maupun menengah ke atas untuk berobat di tempat mereka bukan malah menyebut negara orang dengan menghina dan membuly seperti itu nah kalau memang benar benar anda praktisi kesehatan dan dari cara komentar nya menghina dan membuly negara orang seperti komentar anda di atas pantas lah kalau realita pendidikan kesehatan di negeri ini mahasiswa dan para pendidik dan mentor nya gemar membuly junior junior dan anak didik nya sehingga ketika mereka menjadi senior akan melakukan hal yg sama ke junior selanjutnya dan ketika mereka menjadi pelayan publik di bidang kesehatan kebanyakan dari mereka malah menyusahkan rakyat dengan menipu mempermainkan dan memeras rakyatnya sendiri yg mana mereka disumpah saat lulu untuk melakukan pelayanan terbaik dan tulu melayani masyarakat tetapi malah melanggar sumpah dan bertindak sebaliknya lah wong saat mereka pendidikan aja sudah diajari buat nge bullyingbrbrpantas lah internasional dan negara negara tetangga jadi men cap iq orang orang di indonesia ya kerena gara gara segelintir orang orang bermental picik overproud denial dan gemar membuly negara orang padahal jumlah orang indonesia yg bermental seperti kalian ini hanya segelintir dari juta cuma gara gara sikap kalian yg overproud kelewat bata yg gemar menghina nama negara orang lain serta alergi fakta akhirnya satu nkri jadi kena getahnya padahal sudah seharusnya pola pikir masyarakat indonesia luas dan besar seluas negara nya,aksesibilitas,,
lho jadi ke mana mana bawa bawa perekonomian dalam negeri dan kebanggaan ini bukan soal kebanggaan dan perekonomian dalam negeri ini tentang orang yang urgent akan tindakan pelayanan yg serius yg mna mereka ingin sembuh dan berkaitan dengan nyawa kalau soal perekonomian dalam negeri orang oray tsb sudah pasti banyak berkontribusi untuk negaranya melalui bayar pajak tapi apa yang mereka dapatkan setelah nya ini bukan masalah kebanggaan berobat ke ln atau dsb justru komentar anda itu memperlihatkan dk jalan nalar anda dan justru anda yg baperan brbrharusnya introspeksi diri orang orang yg berkecimpung dunia medis di sini dan juga pemerintahan melalui kementerian kesehatan kenapa rakyat nya malah lebih percaya berobat ke negara seberang harus nya pihak pelayanan publik di bidang kesehatan kalau benar benar profesional harusnya mikir dan malu bukan malah membela diri dan menolak kenyataan sehingga komentar denial dan picik katak dalam tempurung seperti anda brlihat juga tu bpk hendropriyono dan bpk luhut binsar panjaitan yg malah milih berobat ke singapura apa mereka juga tidak mendukung perekonomian dalam negeri apa karena mereka lebih bangga berobat ke ln alangkah picik nya jika orang lebih memilih berobat ke ln di judge demikian apa jangan jangan anda salah satu oknum dokter atau oknum praktisi kesehatan di indonesia yang sejenis mempermainkan pasien kah makanya kelojotan seperti cacing kepanasan dan menolak terima faktabrbrdan anda dari komentar nya aja kelihatan setara bocil bocil overproud keyboard warrior menyebut negara orang lain dengan menghina seperti itu harusnya terima kasih mereka tidak mempersulit warga indonesia baik yg menengah ke bawah maupun menengah ke atas untuk berobat di tempat mereka bukan malah menyebut negara orang dengan menghina dan membuly seperti itu nah kalau memang benar benar anda praktisi kesehatan dan dari cara komentar nya menghina dan membuly negara orang seperti komentar anda di atas pantas lah kalau realita pendidikan kesehatan di negeri ini mahasiswa dan para pendidik dan mentor nya gemar membuly junior junior dan anak didik nya sehingga ketika mereka menjadi senior akan melakukan hal yg sama ke junior selanjutnya dan ketika mereka menjadi pelayan publik di bidang kesehatan kebanyakan dari mereka malah menyusahkan rakyat dengan menipu mempermainkan dan memeras rakyatnya sendiri yg mana mereka disumpah saat lulu untuk melakukan pelayanan terbaik dan tulu melayani masyarakat tetapi malah melanggar sumpah dan bertindak sebaliknya lah wong saat mereka pendidikan aja sudah diajari buat nge bullyingbrbrpantas lah internasional dan negara negara tetangga jadi men cap iq orang orang di indonesia ya kerena gara gara segelintir orang orang bermental picik overproud denial dan gemar membuly negara orang padahal jumlah orang indonesia yg bermental seperti kalian ini hanya segelintir dari juta cuma gara gara sikap kalian yg overproud kelewat bata yg gemar menghina nama negara orang lain serta alergi fakta akhirnya satu nkri jadi kena getahnya padahal sudah seharusnya pola pikir masyarakat indonesia luas dan besar seluas negara nya,kualitas_diagnosis,,
wajar lari berobat ke luar negeri,general,,
ya sesuaibrmenteri ny aja si luhut juga begitu berobat ke luar negeri,general,,
berobat ke luar negeri diagnosanya jelas tidak dipermainkan mafia rumah sakit di indonesia dari dokternya sampai direkturnya semuanya mafia terselubung memanfaatkan keuangan pasien,biaya,,
berobat ke luar negeri diagnosanya jelas tidak dipermainkan mafia rumah sakit di indonesia dari dokternya sampai direkturnya semuanya mafia terselubung memanfaatkan keuangan pasien,fasilitas,,
berobat ke luar negeri diagnosanya jelas tidak dipermainkan mafia rumah sakit di indonesia dari dokternya sampai direkturnya semuanya mafia terselubung memanfaatkan keuangan pasien,pelayanan,,
berobat ke luar negeri diagnosanya jelas tidak dipermainkan mafia rumah sakit di indonesia dari dokternya sampai direkturnya semuanya mafia terselubung memanfaatkan keuangan pasien,aksesibilitas,,
berobat ke luar negeri diagnosanya jelas tidak dipermainkan mafia rumah sakit di indonesia dari dokternya sampai direkturnya semuanya mafia terselubung memanfaatkan keuangan pasien,kualitas_diagnosis,,
memang dokter di indonesia ga mampu smp berobat ke luar negeri,biaya,,
memang dokter di indonesia ga mampu smp berobat ke luar negeri,pelayanan,,
memang dokter di indonesia ga mampu smp berobat ke luar negeri,aksesibilitas,,
berobat ke singapura,general,,
apa di indonesia tdk ada rmh sakit yg menangani penyakit pak beye n klo ada knp pak beye minta berobat ke luar negeri,pelayanan,,
apa di indonesia tdk ada rmh sakit yg menangani penyakit pak beye n klo ada knp pak beye minta berobat ke luar negeri,aksesibilitas,,
perlu di bangun suatu rumah sakit yg berkelas dan standar internasional di indonesia dengan kemampuan keaklian kedokteran org terbaik sehinga org super kaya dan vvvip tidak perlu lagi berobat ke luar negeri,biaya,,
perlu di bangun suatu rumah sakit yg berkelas dan standar internasional di indonesia dengan kemampuan keaklian kedokteran org terbaik sehinga org super kaya dan vvvip tidak perlu lagi berobat ke luar negeri,fasilitas,,
perlu di bangun suatu rumah sakit yg berkelas dan standar internasional di indonesia dengan kemampuan keaklian kedokteran org terbaik sehinga org super kaya dan vvvip tidak perlu lagi berobat ke luar negeri,pelayanan,,
perlu di bangun suatu rumah sakit yg berkelas dan standar internasional di indonesia dengan kemampuan keaklian kedokteran org terbaik sehinga org super kaya dan vvvip tidak perlu lagi berobat ke luar negeri,aksesibilitas,,
perlu di bangun suatu rumah sakit yg berkelas dan standar internasional di indonesia dengan kemampuan keaklian kedokteran org terbaik sehinga org super kaya dan vvvip tidak perlu lagi berobat ke luar negeri,kualitas_diagnosis,,
itulah hukum alam dan hukum karma buat sby yg suka makan uang rakyat kecil indonesia alasan berobat ke luar negeri padahal ada maksud lain mungkin mau lari dari kenyataan klu sby takut dihujat seluruh rakyat indonesia,biaya,,
itulah hukum alam dan hukum karma buat sby yg suka makan uang rakyat kecil indonesia alasan berobat ke luar negeri padahal ada maksud lain mungkin mau lari dari kenyataan klu sby takut dihujat seluruh rakyat indonesia,pelayanan,,
itulah hukum alam dan hukum karma buat sby yg suka makan uang rakyat kecil indonesia alasan berobat ke luar negeri padahal ada maksud lain mungkin mau lari dari kenyataan klu sby takut dihujat seluruh rakyat indonesia,aksesibilitas,,
bzvv iya bung klu hr berobat ke luar negeri dan hr jd beban negara kan kasihan negara katanya hutang negara banyak jd hr berhemat ya dokter indonesia banyak yg hebat lho,pelayanan,,
bzvv iya bung klu hr berobat ke luar negeri dan hr jd beban negara kan kasihan negara katanya hutang negara banyak jd hr berhemat ya dokter indonesia banyak yg hebat lho,aksesibilitas,,
kita doakan semoga cepat sembuhbrnamun bgt sbg rakyat kecil saya sedih dan kecewa krn indonesia telah thn merdeka spt tidak ada rumah sakit dan dokter terbaik yg bisa mengatasi penyakit yang saat ini rasakan pak sbybrbuktinya beliau memilih berobat ke luar negeri,biaya,,
kita doakan semoga cepat sembuhbrnamun bgt sbg rakyat kecil saya sedih dan kecewa krn indonesia telah thn merdeka spt tidak ada rumah sakit dan dokter terbaik yg bisa mengatasi penyakit yang saat ini rasakan pak sbybrbuktinya beliau memilih berobat ke luar negeri,fasilitas,,
kita doakan semoga cepat sembuhbrnamun bgt sbg rakyat kecil saya sedih dan kecewa krn indonesia telah thn merdeka spt tidak ada rumah sakit dan dokter terbaik yg bisa mengatasi penyakit yang saat ini rasakan pak sbybrbuktinya beliau memilih berobat ke luar negeri,pelayanan,,
kita doakan semoga cepat sembuhbrnamun bgt sbg rakyat kecil saya sedih dan kecewa krn indonesia telah thn merdeka spt tidak ada rumah sakit dan dokter terbaik yg bisa mengatasi penyakit yang saat ini rasakan pak sbybrbuktinya beliau memilih berobat ke luar negeri,aksesibilitas,,
dunia medis indonesia sangat memalukan selalu merujuk perawatan di luar negeri idi dan kemenkes kemana kenapa ga pernah membenahi masalah ini,pelayanan,,
dunia medis indonesia sangat memalukan selalu merujuk perawatan di luar negeri idi dan kemenkes kemana kenapa ga pernah membenahi masalah ini,aksesibilitas,,
dunia medis indonesia sangat memalukan selalu merujuk perawatan di luar negeri idi dan kemenkes kemana kenapa ga pernah membenahi masalah ini,kualitas_diagnosis,,
saya ingin berbagi dengan kesehatan saya pernah bekerja di malaysia wantu itu saya sakit sesak nafas saya berobot di klenik lela malaysia dan dokter bilang kamu tak kasih obat ini manpuh sampsi tahun itu benar sekali setelah saya kembalih kenegarahku sendiri berobat tak ada dokter pun yg menyapa dan tutur kata yg seperti di klinik yg di malaysia berarti dokter di malaysia itu berat kesembuhan paseannya uang nomer sekian tapi sebaliknya di sini uang duluhan yg penting,biaya,,
saya ingin berbagi dengan kesehatan saya pernah bekerja di malaysia wantu itu saya sakit sesak nafas saya berobot di klenik lela malaysia dan dokter bilang kamu tak kasih obat ini manpuh sampsi tahun itu benar sekali setelah saya kembalih kenegarahku sendiri berobat tak ada dokter pun yg menyapa dan tutur kata yg seperti di klinik yg di malaysia berarti dokter di malaysia itu berat kesembuhan paseannya uang nomer sekian tapi sebaliknya di sini uang duluhan yg penting,fasilitas,,
saya ingin berbagi dengan kesehatan saya pernah bekerja di malaysia wantu itu saya sakit sesak nafas saya berobot di klenik lela malaysia dan dokter bilang kamu tak kasih obat ini manpuh sampsi tahun itu benar sekali setelah saya kembalih kenegarahku sendiri berobat tak ada dokter pun yg menyapa dan tutur kata yg seperti di klinik yg di malaysia berarti dokter di malaysia itu berat kesembuhan paseannya uang nomer sekian tapi sebaliknya di sini uang duluhan yg penting,pelayanan,,
saya ingin berbagi dengan kesehatan saya pernah bekerja di malaysia wantu itu saya sakit sesak nafas saya berobot di klenik lela malaysia dan dokter bilang kamu tak kasih obat ini manpuh sampsi tahun itu benar sekali setelah saya kembalih kenegarahku sendiri berobat tak ada dokter pun yg menyapa dan tutur kata yg seperti di klinik yg di malaysia berarti dokter di malaysia itu berat kesembuhan paseannya uang nomer sekian tapi sebaliknya di sini uang duluhan yg penting,kualitas_diagnosis,,
wajar berobat ke luar negeri untuk yg mampu ga tau duit hasil apa ga mungkin rakyat menengah ke bawah karena mental pelayanan dan r di indonesia hampir semua berorientasi bisnis bukan masalah kemanusiaan lagi,biaya,,
wajar berobat ke luar negeri untuk yg mampu ga tau duit hasil apa ga mungkin rakyat menengah ke bawah karena mental pelayanan dan r di indonesia hampir semua berorientasi bisnis bukan masalah kemanusiaan lagi,pelayanan,,
wajar berobat ke luar negeri untuk yg mampu ga tau duit hasil apa ga mungkin rakyat menengah ke bawah karena mental pelayanan dan r di indonesia hampir semua berorientasi bisnis bukan masalah kemanusiaan lagi,aksesibilitas,,
wajar berobat ke luar negeri untuk yg mampu ga tau duit hasil apa ga mungkin rakyat menengah ke bawah karena mental pelayanan dan r di indonesia hampir semua berorientasi bisnis bukan masalah kemanusiaan lagi,kualitas_diagnosis,,
tingkatkan sdm di sini biar pasien dalam negeri tidak berobat ke luar negeri,general,,
berarti di r di indonesia kalah kualitasnya hingga berobat ke singapura ya klo pakai uang sendiri gak apalah lah kan mampu murah kok gak semahal di indonesia ya pak,biaya,,
berarti di r di indonesia kalah kualitasnya hingga berobat ke singapura ya klo pakai uang sendiri gak apalah lah kan mampu murah kok gak semahal di indonesia ya pak,fasilitas,,
berarti di r di indonesia kalah kualitasnya hingga berobat ke singapura ya klo pakai uang sendiri gak apalah lah kan mampu murah kok gak semahal di indonesia ya pak,aksesibilitas,,
berarti di r di indonesia kalah kualitasnya hingga berobat ke singapura ya klo pakai uang sendiri gak apalah lah kan mampu murah kok gak semahal di indonesia ya pak,kualitas_diagnosis,,
kata si luhut ngak boleh berobat ke singapurabrini contoh pejabat beda omongan beda realisasinya,biaya,,
banyak sekali orang indonesia yg berobat ke singapura wajar kalau seorang mentri spt pak luhut berobat ke negara tetangga ibu ani yudhoyono juga berobat dan sampai meninggal di singapura tapi tidak ada yg menghujat,pelayanan,,
banyak sekali orang indonesia yg berobat ke singapura wajar kalau seorang mentri spt pak luhut berobat ke negara tetangga ibu ani yudhoyono juga berobat dan sampai meninggal di singapura tapi tidak ada yg menghujat,aksesibilitas,,
berobat ke penang sama produk ngak samasemua bisa berobat ke penangtapi klu produk ngak semua bisa konsumsihati jgn sembarangankesehatan mahal,biaya,,
hallo temanteman semua salam kenal kami agent resmi r penang untuk temanteman yang berminat berobat ke penang bisa menghubungi kami untuk informasi cara berobat dan check jadual dokter juga membuat janji temu,pelayanan,,
hallo temanteman semua salam kenal kami agent resmi r penang untuk temanteman yang berminat berobat ke penang bisa menghubungi kami untuk informasi cara berobat dan check jadual dokter juga membuat janji temu,aksesibilitas,,
dokter di malaysia ini mungkin lebih teliti saja,biaya,,
dokter di malaysia ini mungkin lebih teliti saja,pelayanan,,
sepertinya pak jokowi ini liburannya kurang jauh brtuh tanya saja ama yg punya r mayapada datuk sri tahir yg ada di sebelah pak jokowi tanya ama dia kalo dia dan keluarganya sakit berobat dimana pasti di luar negri brkeluarga presiden megawati soekarno putri kalo sakit berobatnya ke singapura keluarga alm presiden habibi kalo berobat ke jerman keluarga presiden sby kalo berobat ke singapura dan amerika serikat brla skr kalo masyarakat biasa yg berobat ke luar negri kok disentil sentil sampai dikatain merugikan negara segalabrgajah di depan mata tak tampak tapi semut di ujung lautan terlihat jelas br mikir pakbr,biaya,,
sepertinya pak jokowi ini liburannya kurang jauh brtuh tanya saja ama yg punya r mayapada datuk sri tahir yg ada di sebelah pak jokowi tanya ama dia kalo dia dan keluarganya sakit berobat dimana pasti di luar negri brkeluarga presiden megawati soekarno putri kalo sakit berobatnya ke singapura keluarga alm presiden habibi kalo berobat ke jerman keluarga presiden sby kalo berobat ke singapura dan amerika serikat brla skr kalo masyarakat biasa yg berobat ke luar negri kok disentil sentil sampai dikatain merugikan negara segalabrgajah di depan mata tak tampak tapi semut di ujung lautan terlihat jelas br mikir pakbr,fasilitas,,
sepertinya pak jokowi ini liburannya kurang jauh brtuh tanya saja ama yg punya r mayapada datuk sri tahir yg ada di sebelah pak jokowi tanya ama dia kalo dia dan keluarganya sakit berobat dimana pasti di luar negri brkeluarga presiden megawati soekarno putri kalo sakit berobatnya ke singapura keluarga alm presiden habibi kalo berobat ke jerman keluarga presiden sby kalo berobat ke singapura dan amerika serikat brla skr kalo masyarakat biasa yg berobat ke luar negri kok disentil sentil sampai dikatain merugikan negara segalabrgajah di depan mata tak tampak tapi semut di ujung lautan terlihat jelas br mikir pakbr,pelayanan,,
sepertinya pak jokowi ini liburannya kurang jauh brtuh tanya saja ama yg punya r mayapada datuk sri tahir yg ada di sebelah pak jokowi tanya ama dia kalo dia dan keluarganya sakit berobat dimana pasti di luar negri brkeluarga presiden megawati soekarno putri kalo sakit berobatnya ke singapura keluarga alm presiden habibi kalo berobat ke jerman keluarga presiden sby kalo berobat ke singapura dan amerika serikat brla skr kalo masyarakat biasa yg berobat ke luar negri kok disentil sentil sampai dikatain merugikan negara segalabrgajah di depan mata tak tampak tapi semut di ujung lautan terlihat jelas br mikir pakbr,aksesibilitas,,
sudahlah pak presiden relakan sajalah devisa kita lari sebesar rp triliun karena juta lebih rakyat berbondongbondong berobat ke luar negeri demi mendapatkan pelayanan kesehatan yang memuaskan mungkin penyebab nya menkes yang diangkat ahli nuklir amp bukan ahli kesehatan disamping itu kualitas pelayanan r amp dokter di indonesia terlalu minimalis amp menyakitkan hati mending berobat ke luar negeri deh disampung murah tapi berkualitas,biaya,,
sudahlah pak presiden relakan sajalah devisa kita lari sebesar rp triliun karena juta lebih rakyat berbondongbondong berobat ke luar negeri demi mendapatkan pelayanan kesehatan yang memuaskan mungkin penyebab nya menkes yang diangkat ahli nuklir amp bukan ahli kesehatan disamping itu kualitas pelayanan r amp dokter di indonesia terlalu minimalis amp menyakitkan hati mending berobat ke luar negeri deh disampung murah tapi berkualitas,fasilitas,,
sudahlah pak presiden relakan sajalah devisa kita lari sebesar rp triliun karena juta lebih rakyat berbondongbondong berobat ke luar negeri demi mendapatkan pelayanan kesehatan yang memuaskan mungkin penyebab nya menkes yang diangkat ahli nuklir amp bukan ahli kesehatan disamping itu kualitas pelayanan r amp dokter di indonesia terlalu minimalis amp menyakitkan hati mending berobat ke luar negeri deh disampung murah tapi berkualitas,pelayanan,,
sudahlah pak presiden relakan sajalah devisa kita lari sebesar rp triliun karena juta lebih rakyat berbondongbondong berobat ke luar negeri demi mendapatkan pelayanan kesehatan yang memuaskan mungkin penyebab nya menkes yang diangkat ahli nuklir amp bukan ahli kesehatan disamping itu kualitas pelayanan r amp dokter di indonesia terlalu minimalis amp menyakitkan hati mending berobat ke luar negeri deh disampung murah tapi berkualitas,aksesibilitas,,
sudahlah pak presiden relakan sajalah devisa kita lari sebesar rp triliun karena juta lebih rakyat berbondongbondong berobat ke luar negeri demi mendapatkan pelayanan kesehatan yang memuaskan mungkin penyebab nya menkes yang diangkat ahli nuklir amp bukan ahli kesehatan disamping itu kualitas pelayanan r amp dokter di indonesia terlalu minimalis amp menyakitkan hati mending berobat ke luar negeri deh disampung murah tapi berkualitas,kualitas_diagnosis,,
ojo heran loh pak lah wong bapak jg pernah berobat ke luar negeri kok sokan heran,general,,
orang yg berduit berobat ke luar negeri,biaya,,
penanganan yang cepat profesional dan obat obatan yang berkualiras harus dimiliki indonesia biar orang kaya kaya yang punya dolar gak berobat ke luar negeri,biaya,,
penanganan yang cepat profesional dan obat obatan yang berkualiras harus dimiliki indonesia biar orang kaya kaya yang punya dolar gak berobat ke luar negeri,pelayanan,,
penanganan yang cepat profesional dan obat obatan yang berkualiras harus dimiliki indonesia biar orang kaya kaya yang punya dolar gak berobat ke luar negeri,aksesibilitas,,
penanganan yang cepat profesional dan obat obatan yang berkualiras harus dimiliki indonesia biar orang kaya kaya yang punya dolar gak berobat ke luar negeri,kualitas_diagnosis,,
dengan keadaan seperti itu pak kita jangan hanya tinggal diam dan membiarkan warga negara indonesia berobat keluar negeri oleh karena kurang nyaman berobat di dalam negeri kurang kualitas dan efektif berobat dalam negeri makanya faktor ini yang harus diperhatikan agar rumah sakitrumah sakit di indonesia harus berstandar dunia dengan kualitas terbaik seperti r di singapura inggris jerman dan amerika serikat yang perlu adalah tingkatkan kualitas rumah sakit tingkatkan fasilitas peralatan medis yang memadai dan komplit dan tingkatkan kualitas dokter perawat dan semua yang berurusan dengan kesehatan dan rumah sakit maka indonesia jadi sejahtera dalam hal kesehatan masyarakat bangga punya rumah sakit dalam negeri dan mereka tidak lagi pergi mencari rumah sakit di luar negeri,fasilitas,,
dengan keadaan seperti itu pak kita jangan hanya tinggal diam dan membiarkan warga negara indonesia berobat keluar negeri oleh karena kurang nyaman berobat di dalam negeri kurang kualitas dan efektif berobat dalam negeri makanya faktor ini yang harus diperhatikan agar rumah sakitrumah sakit di indonesia harus berstandar dunia dengan kualitas terbaik seperti r di singapura inggris jerman dan amerika serikat yang perlu adalah tingkatkan kualitas rumah sakit tingkatkan fasilitas peralatan medis yang memadai dan komplit dan tingkatkan kualitas dokter perawat dan semua yang berurusan dengan kesehatan dan rumah sakit maka indonesia jadi sejahtera dalam hal kesehatan masyarakat bangga punya rumah sakit dalam negeri dan mereka tidak lagi pergi mencari rumah sakit di luar negeri,pelayanan,,
dengan keadaan seperti itu pak kita jangan hanya tinggal diam dan membiarkan warga negara indonesia berobat keluar negeri oleh karena kurang nyaman berobat di dalam negeri kurang kualitas dan efektif berobat dalam negeri makanya faktor ini yang harus diperhatikan agar rumah sakitrumah sakit di indonesia harus berstandar dunia dengan kualitas terbaik seperti r di singapura inggris jerman dan amerika serikat yang perlu adalah tingkatkan kualitas rumah sakit tingkatkan fasilitas peralatan medis yang memadai dan komplit dan tingkatkan kualitas dokter perawat dan semua yang berurusan dengan kesehatan dan rumah sakit maka indonesia jadi sejahtera dalam hal kesehatan masyarakat bangga punya rumah sakit dalam negeri dan mereka tidak lagi pergi mencari rumah sakit di luar negeri,aksesibilitas,,
dengan keadaan seperti itu pak kita jangan hanya tinggal diam dan membiarkan warga negara indonesia berobat keluar negeri oleh karena kurang nyaman berobat di dalam negeri kurang kualitas dan efektif berobat dalam negeri makanya faktor ini yang harus diperhatikan agar rumah sakitrumah sakit di indonesia harus berstandar dunia dengan kualitas terbaik seperti r di singapura inggris jerman dan amerika serikat yang perlu adalah tingkatkan kualitas rumah sakit tingkatkan fasilitas peralatan medis yang memadai dan komplit dan tingkatkan kualitas dokter perawat dan semua yang berurusan dengan kesehatan dan rumah sakit maka indonesia jadi sejahtera dalam hal kesehatan masyarakat bangga punya rumah sakit dalam negeri dan mereka tidak lagi pergi mencari rumah sakit di luar negeri,kualitas_diagnosis,,
berobat ke luar negeri terus langsung kabuuurrrrr,general,,
mencret sampai nangisnangis pengen berobat ke luar negeri,general,,
bacot doangmenteri dan pejabat aja berobat ke singapura,biaya,,
pilih berobat ke singapura dan malaysia lah kl aku ditanggung asuransi kok,biaya,,
kl aku sih tetep sj berobat ke penang malaysia and singapore dibayarkan kantor kok berobat kesana,biaya,,
paling klo presiden sakit minta berobat ke luar negeri juga,pelayanan,,
sekelas dokter indonesia aja pun bawa keluarganya berobat ke luar negeribrgimana dengan rakyat biasa coba itu dokter loh bukan satpam,biaya,,
sekelas dokter indonesia aja pun bawa keluarganya berobat ke luar negeribrgimana dengan rakyat biasa coba itu dokter loh bukan satpam,pelayanan,,
sekelas dokter indonesia aja pun bawa keluarganya berobat ke luar negeribrgimana dengan rakyat biasa coba itu dokter loh bukan satpam,aksesibilitas,,
mutu mutu layanan rumah sakit indon sangat burukkkkkalah banding sama malaysia termasuk alat perubatan nya super canggih termodenrumah sakit indon peralatan nya sudah tuadokter dokter di malaysia cukup terlatih pintar,fasilitas,,
mutu mutu layanan rumah sakit indon sangat burukkkkkalah banding sama malaysia termasuk alat perubatan nya super canggih termodenrumah sakit indon peralatan nya sudah tuadokter dokter di malaysia cukup terlatih pintar,pelayanan,,
mutu mutu layanan rumah sakit indon sangat burukkkkkalah banding sama malaysia termasuk alat perubatan nya super canggih termodenrumah sakit indon peralatan nya sudah tuadokter dokter di malaysia cukup terlatih pintar,kualitas_diagnosis,,
jangan soroti pak yg berobat ke luar negeri tapi lihatlah berbagai r daerah banyak yg anti sosial,general,,
koordinasi antara dokter di malaysia jauh lbh bagus dibanding di indonesia kl di indonesia sepertinya dokter merasa dirinyalah yg lbh pintar dari rekan dokter lain kl dokter di malaysia mereka selalu berkoordinasi mencari penyakit pasien yg berobat ke rumah sakit mereka pasien keluhkan gejalanya dan dokter di sana akan melacak penyakit pasien,fasilitas,,
koordinasi antara dokter di malaysia jauh lbh bagus dibanding di indonesia kl di indonesia sepertinya dokter merasa dirinyalah yg lbh pintar dari rekan dokter lain kl dokter di malaysia mereka selalu berkoordinasi mencari penyakit pasien yg berobat ke rumah sakit mereka pasien keluhkan gejalanya dan dokter di sana akan melacak penyakit pasien,pelayanan,,
koordinasi antara dokter di malaysia jauh lbh bagus dibanding di indonesia kl di indonesia sepertinya dokter merasa dirinyalah yg lbh pintar dari rekan dokter lain kl dokter di malaysia mereka selalu berkoordinasi mencari penyakit pasien yg berobat ke rumah sakit mereka pasien keluhkan gejalanya dan dokter di sana akan melacak penyakit pasien,aksesibilitas,,
lebih kocak lg ni bhahaha kalau pasien itu penyakit nya berat dan harus berobat ke luar negeri dan memang obatnya ada di sana bagaimn itu,general,,
sby memerintah tahun jokowi juga nantinya berkuasa tahun tetapi soal berobat ke luar negeri tidak juga tuntasbrbahkan sby memilih berobatkan istrinya ke singapura,general,,
jangan terlalu berharap yang mau ditangani itu banyaknya wni yang berobat ke luar negeri ini semua yang punya banyak uang yang dari kelas bawah tidak diperduli karena gak mungkin ke luar negeri untuk berobat,biaya,,
berobat ke luar negeri lebih murah dri dlm negeri,biaya,,
di indonesia masih banyak yang perlu diperbaiki pelayanan kepada pasien di indonesia yang di utamakan administrasi nya kalau administrasi selesai baru pasien baru di dilayani makanya gak heran kalau wni banyak yang berobat ke luar negeri karena lebih baik pelayanan nyadan dokter di luar negeri punya empati kepada pasien,fasilitas,,
di indonesia masih banyak yang perlu diperbaiki pelayanan kepada pasien di indonesia yang di utamakan administrasi nya kalau administrasi selesai baru pasien baru di dilayani makanya gak heran kalau wni banyak yang berobat ke luar negeri karena lebih baik pelayanan nyadan dokter di luar negeri punya empati kepada pasien,pelayanan,,
di indonesia masih banyak yang perlu diperbaiki pelayanan kepada pasien di indonesia yang di utamakan administrasi nya kalau administrasi selesai baru pasien baru di dilayani makanya gak heran kalau wni banyak yang berobat ke luar negeri karena lebih baik pelayanan nyadan dokter di luar negeri punya empati kepada pasien,aksesibilitas,,
sebaiknya pk jokowi instrospeksi mengapa kok sampai berobat ke luar negeri mungkin dokter ahlinya belum ada atau kurang pengalaman dan kecakapanmungkin fasilitas di dlm neg kurang lengkap dlllha men kes nya aja bukan orang yang ngerti kesehatan kok pakpd hal dokter se abrek masak nggak ada yang mampu jadi mentrianeh kan,biaya,,
sebaiknya pk jokowi instrospeksi mengapa kok sampai berobat ke luar negeri mungkin dokter ahlinya belum ada atau kurang pengalaman dan kecakapanmungkin fasilitas di dlm neg kurang lengkap dlllha men kes nya aja bukan orang yang ngerti kesehatan kok pakpd hal dokter se abrek masak nggak ada yang mampu jadi mentrianeh kan,fasilitas,,
sebaiknya pk jokowi instrospeksi mengapa kok sampai berobat ke luar negeri mungkin dokter ahlinya belum ada atau kurang pengalaman dan kecakapanmungkin fasilitas di dlm neg kurang lengkap dlllha men kes nya aja bukan orang yang ngerti kesehatan kok pakpd hal dokter se abrek masak nggak ada yang mampu jadi mentrianeh kan,pelayanan,,
masalah layanan r indonesia sgt menyulitkan pasienada waktunya tidak dilayan dan menunggu terlalu lama utk diperiksaterlalu byk birokrasimalah dokternya tidak profesional pasien² yg pernah berobat di r indonesia menyatakan tidak ada merasa perubahan setelah menjalani perawatan sbb itu berbodong² org indonesia berobat ke luar negeri terutamanya di malaysiakeyakinan mereka setelah menjalani rawatan di malaysia menyebabkan mereka berulang berobat ke malaysia dgn layanan yg baikyg merawat dokternya bukan pembantu masa perawatan tidak mengambil waktu yg terlalu lama dan harga terjangkaumalah murah dari di indonesiadi malaysia dokter sentiasa ada di hospitalmalah dokter sentiasa memantau pasien yg dimasukkan kedlm wardhari cutisabtu atau minggu dokter sentiasa ada dihospital sbb itu perawatan kesehatan di malaysia antar yg terbaik di dunia,biaya,,
masalah layanan r indonesia sgt menyulitkan pasienada waktunya tidak dilayan dan menunggu terlalu lama utk diperiksaterlalu byk birokrasimalah dokternya tidak profesional pasien² yg pernah berobat di r indonesia menyatakan tidak ada merasa perubahan setelah menjalani perawatan sbb itu berbodong² org indonesia berobat ke luar negeri terutamanya di malaysiakeyakinan mereka setelah menjalani rawatan di malaysia menyebabkan mereka berulang berobat ke malaysia dgn layanan yg baikyg merawat dokternya bukan pembantu masa perawatan tidak mengambil waktu yg terlalu lama dan harga terjangkaumalah murah dari di indonesiadi malaysia dokter sentiasa ada di hospitalmalah dokter sentiasa memantau pasien yg dimasukkan kedlm wardhari cutisabtu atau minggu dokter sentiasa ada dihospital sbb itu perawatan kesehatan di malaysia antar yg terbaik di dunia,fasilitas,,
masalah layanan r indonesia sgt menyulitkan pasienada waktunya tidak dilayan dan menunggu terlalu lama utk diperiksaterlalu byk birokrasimalah dokternya tidak profesional pasien² yg pernah berobat di r indonesia menyatakan tidak ada merasa perubahan setelah menjalani perawatan sbb itu berbodong² org indonesia berobat ke luar negeri terutamanya di malaysiakeyakinan mereka setelah menjalani rawatan di malaysia menyebabkan mereka berulang berobat ke malaysia dgn layanan yg baikyg merawat dokternya bukan pembantu masa perawatan tidak mengambil waktu yg terlalu lama dan harga terjangkaumalah murah dari di indonesiadi malaysia dokter sentiasa ada di hospitalmalah dokter sentiasa memantau pasien yg dimasukkan kedlm wardhari cutisabtu atau minggu dokter sentiasa ada dihospital sbb itu perawatan kesehatan di malaysia antar yg terbaik di dunia,pelayanan,,
masalah layanan r indonesia sgt menyulitkan pasienada waktunya tidak dilayan dan menunggu terlalu lama utk diperiksaterlalu byk birokrasimalah dokternya tidak profesional pasien² yg pernah berobat di r indonesia menyatakan tidak ada merasa perubahan setelah menjalani perawatan sbb itu berbodong² org indonesia berobat ke luar negeri terutamanya di malaysiakeyakinan mereka setelah menjalani rawatan di malaysia menyebabkan mereka berulang berobat ke malaysia dgn layanan yg baikyg merawat dokternya bukan pembantu masa perawatan tidak mengambil waktu yg terlalu lama dan harga terjangkaumalah murah dari di indonesiadi malaysia dokter sentiasa ada di hospitalmalah dokter sentiasa memantau pasien yg dimasukkan kedlm wardhari cutisabtu atau minggu dokter sentiasa ada dihospital sbb itu perawatan kesehatan di malaysia antar yg terbaik di dunia,aksesibilitas,,
masalah layanan r indonesia sgt menyulitkan pasienada waktunya tidak dilayan dan menunggu terlalu lama utk diperiksaterlalu byk birokrasimalah dokternya tidak profesional pasien² yg pernah berobat di r indonesia menyatakan tidak ada merasa perubahan setelah menjalani perawatan sbb itu berbodong² org indonesia berobat ke luar negeri terutamanya di malaysiakeyakinan mereka setelah menjalani rawatan di malaysia menyebabkan mereka berulang berobat ke malaysia dgn layanan yg baikyg merawat dokternya bukan pembantu masa perawatan tidak mengambil waktu yg terlalu lama dan harga terjangkaumalah murah dari di indonesiadi malaysia dokter sentiasa ada di hospitalmalah dokter sentiasa memantau pasien yg dimasukkan kedlm wardhari cutisabtu atau minggu dokter sentiasa ada dihospital sbb itu perawatan kesehatan di malaysia antar yg terbaik di dunia,kualitas_diagnosis,,
kita lihat aja bakalan berobat ke luar negeri beliau dan keluarganya ga,general,,
tanya warga yang berobat ke luar negeri apa alasan mereka berobat di luar negerialasan alasan itu la yang perlu di perbaiki,fasilitas,,
setelah melihat ini kita berharap akan banyak org yg tadinya berobat ke malaysia akan pindah berobat ke singapura,general,,
hanya presiden jokowi yg memikirkan ini blm ada pemimpin sebelumnya kadang saya heran orang berobat ke luar negri seolah sbgi gaya hidupseperti halnya yg saya dengar orang kaya yg berobat ke singapura bgtu berharap dokter dan rumah sakit di indonesia memberi pelayanan dngn baik agar di percaya masyarakat,biaya,,
hanya presiden jokowi yg memikirkan ini blm ada pemimpin sebelumnya kadang saya heran orang berobat ke luar negri seolah sbgi gaya hidupseperti halnya yg saya dengar orang kaya yg berobat ke singapura bgtu berharap dokter dan rumah sakit di indonesia memberi pelayanan dngn baik agar di percaya masyarakat,fasilitas,,
hanya presiden jokowi yg memikirkan ini blm ada pemimpin sebelumnya kadang saya heran orang berobat ke luar negri seolah sbgi gaya hidupseperti halnya yg saya dengar orang kaya yg berobat ke singapura bgtu berharap dokter dan rumah sakit di indonesia memberi pelayanan dngn baik agar di percaya masyarakat,pelayanan,,
hanya presiden jokowi yg memikirkan ini blm ada pemimpin sebelumnya kadang saya heran orang berobat ke luar negri seolah sbgi gaya hidupseperti halnya yg saya dengar orang kaya yg berobat ke singapura bgtu berharap dokter dan rumah sakit di indonesia memberi pelayanan dngn baik agar di percaya masyarakat,aksesibilitas,,
orang berobat ke luar negeri karena disana layanannya baik dan terbuktibrnegara sana benar melindungi dan mengatur rakyatnya,biaya,,
orang berobat ke luar negeri karena disana layanannya baik dan terbuktibrnegara sana benar melindungi dan mengatur rakyatnya,fasilitas,,
orang berobat ke luar negeri karena disana layanannya baik dan terbuktibrnegara sana benar melindungi dan mengatur rakyatnya,pelayanan,,
orang berobat ke luar negeri karena disana layanannya baik dan terbuktibrnegara sana benar melindungi dan mengatur rakyatnya,kualitas_diagnosis,,
ya iyalah banyak orang kaya indonesia berobat ke luar negeri karena lebih profesional pengobannya kalo di indonesia maaf rumah sakitnya kebanyakan jual obat,biaya,,
ya iyalah banyak orang kaya indonesia berobat ke luar negeri karena lebih profesional pengobannya kalo di indonesia maaf rumah sakitnya kebanyakan jual obat,fasilitas,,
ya iyalah banyak orang kaya indonesia berobat ke luar negeri karena lebih profesional pengobannya kalo di indonesia maaf rumah sakitnya kebanyakan jual obat,pelayanan,,
ya iyalah banyak orang kaya indonesia berobat ke luar negeri karena lebih profesional pengobannya kalo di indonesia maaf rumah sakitnya kebanyakan jual obat,aksesibilitas,,
ya iyalah banyak orang kaya indonesia berobat ke luar negeri karena lebih profesional pengobannya kalo di indonesia maaf rumah sakitnya kebanyakan jual obat,kualitas_diagnosis,,
berobat ke luar negeri dokter nya juga orang indonesia tapi yg disayangkan adalah devisa,pelayanan,,
berobat ke luar negeri dokter nya juga orang indonesia tapi yg disayangkan adalah devisa,aksesibilitas,,
kenapa warga indonesia banyak yg berobat ke penangmalaysia karena berobat di penang harganya terjangkau dan tenaga kesehatannya,biaya,,
kenapa warga indonesia banyak yg berobat ke penangmalaysia karena berobat di penang harganya terjangkau dan tenaga kesehatannya,aksesibilitas,,
admin bilang rumah sakit di indo lebih bagus sopan kok masih rame berobat ke luar negeri heran banget,fasilitas,,
admin bilang rumah sakit di indo lebih bagus sopan kok masih rame berobat ke luar negeri heran banget,pelayanan,,
dulu memang murah berobat di malaysia tetapi sekarang karena banyak orang indonesia berabat harga nya naik bisa tiga kali lipat di bandingkan sebelum covid pengalaman saya berobat ke penang sejak tahun,biaya,,
dulu memang murah berobat di malaysia tetapi sekarang karena banyak orang indonesia berabat harga nya naik bisa tiga kali lipat di bandingkan sebelum covid pengalaman saya berobat ke penang sejak tahun,pelayanan,,
dulu memang murah berobat di malaysia tetapi sekarang karena banyak orang indonesia berabat harga nya naik bisa tiga kali lipat di bandingkan sebelum covid pengalaman saya berobat ke penang sejak tahun,aksesibilitas,,
artinya dokter di konoha tdk ada yg dipercaya lah lumut aja wkt sakit berobat ke singapura hahahahaha,pelayanan,,
betul berobat ke singapura dokter kasih obat flu hari lagi sembuh,pelayanan,,
orang berobat ke luar negeri karna pelayananya lebih cepat dan praktis mungkin ada juga faktor keterbatasan alat tapi yg paling sering dikeluhkan masyarakat adalah pelayananya,fasilitas,,
orang berobat ke luar negeri karna pelayananya lebih cepat dan praktis mungkin ada juga faktor keterbatasan alat tapi yg paling sering dikeluhkan masyarakat adalah pelayananya,pelayanan,,
kita lihat nanti kalau jokowi hampir mati nanti apakah dia berobat ke luar negeribrbiasanya beliau ini omongan yang besar kenyataan nol,pelayanan,,
orang berduit lebih baik berobat ke luar negeri lebih aman di dalam negeri banyak malpraktek kasus malpraktik di indonesia yang menggemparkan publik magazine january,biaya,,
orang berduit lebih baik berobat ke luar negeri lebih aman di dalam negeri banyak malpraktek kasus malpraktik di indonesia yang menggemparkan publik magazine january,fasilitas,,
orang berduit lebih baik berobat ke luar negeri lebih aman di dalam negeri banyak malpraktek kasus malpraktik di indonesia yang menggemparkan publik magazine january,pelayanan,,
orang berduit lebih baik berobat ke luar negeri lebih aman di dalam negeri banyak malpraktek kasus malpraktik di indonesia yang menggemparkan publik magazine january,aksesibilitas,,
padahal berobat dalam negeri lebih menguntungkan daripada berobat ke luar negeribrkan ongkos ke luar negeri mahal,biaya,,
sebenarnya biaya berobat ke penang secara keseluruhan tidak murah belum lagi waktu perjalananya yg tidak bisa di tergantikan kualitas dikter indonesia setara dan mungkn kepandaiannya di atas dokter di penang kalau penang saat berobat terasa seperti liburan mungkin perasaan nyaman dan relax inilah yang mendorong berobat ke penang,biaya,,
sebenarnya biaya berobat ke penang secara keseluruhan tidak murah belum lagi waktu perjalananya yg tidak bisa di tergantikan kualitas dikter indonesia setara dan mungkn kepandaiannya di atas dokter di penang kalau penang saat berobat terasa seperti liburan mungkin perasaan nyaman dan relax inilah yang mendorong berobat ke penang,fasilitas,,
sebenarnya biaya berobat ke penang secara keseluruhan tidak murah belum lagi waktu perjalananya yg tidak bisa di tergantikan kualitas dikter indonesia setara dan mungkn kepandaiannya di atas dokter di penang kalau penang saat berobat terasa seperti liburan mungkin perasaan nyaman dan relax inilah yang mendorong berobat ke penang,pelayanan,,
sebenarnya biaya berobat ke penang secara keseluruhan tidak murah belum lagi waktu perjalananya yg tidak bisa di tergantikan kualitas dikter indonesia setara dan mungkn kepandaiannya di atas dokter di penang kalau penang saat berobat terasa seperti liburan mungkin perasaan nyaman dan relax inilah yang mendorong berobat ke penang,aksesibilitas,,
sebenarnya biaya berobat ke penang secara keseluruhan tidak murah belum lagi waktu perjalananya yg tidak bisa di tergantikan kualitas dikter indonesia setara dan mungkn kepandaiannya di atas dokter di penang kalau penang saat berobat terasa seperti liburan mungkin perasaan nyaman dan relax inilah yang mendorong berobat ke penang,kualitas_diagnosis,,
saya penderita kanker colon kanker usus besar berobat di indonesia jakarta dan gleneagle penang untuk operasi yang sama jakarta lebih mahal dan pelayanannya sangat berbeda di malaysia pasien diperlakukan layaknya seorang pangeran yang harus diselamatkan sementara di jakarta dokter dan suster kurang membantu indonesia tertinggal br tahun dari malaysia dalam pelayanan rumah sakit di malaysia analisa cepat dan tindakannya tepat dalam hari seluruh testbyang diperlukan bisa selesai sementara di indo bertele tele di malaysia cukup ctscan sementara di indo ctscan bondscan dan patscan yang mahal di malaysia dengan ctscan dokter sdh dapat menjelaskan sebaran kanker sampai dimana besarnya kanker dll dan rencana tindakan operasi jika ada duit berobatlah di malaysia disana ada kepastian tindakan yang cepat dan tepat biaya hampir sama bahkan lebih murah satulagi makanan rumah sakit malaysia enak pasca operasi besar pengangkatan kanker usus makanan yg diberikan selalu hangat dan dilembutkan seperti bakso ayam daging miso soup sayur bening dan mudah dimakan harga obat di malaysia hanya sepertiga harga dj indo contohnya di indo harga obat utk hari rp di malaysia harganya rp saya sdh tahun berobat ke penang,biaya,,
saya penderita kanker colon kanker usus besar berobat di indonesia jakarta dan gleneagle penang untuk operasi yang sama jakarta lebih mahal dan pelayanannya sangat berbeda di malaysia pasien diperlakukan layaknya seorang pangeran yang harus diselamatkan sementara di jakarta dokter dan suster kurang membantu indonesia tertinggal br tahun dari malaysia dalam pelayanan rumah sakit di malaysia analisa cepat dan tindakannya tepat dalam hari seluruh testbyang diperlukan bisa selesai sementara di indo bertele tele di malaysia cukup ctscan sementara di indo ctscan bondscan dan patscan yang mahal di malaysia dengan ctscan dokter sdh dapat menjelaskan sebaran kanker sampai dimana besarnya kanker dll dan rencana tindakan operasi jika ada duit berobatlah di malaysia disana ada kepastian tindakan yang cepat dan tepat biaya hampir sama bahkan lebih murah satulagi makanan rumah sakit malaysia enak pasca operasi besar pengangkatan kanker usus makanan yg diberikan selalu hangat dan dilembutkan seperti bakso ayam daging miso soup sayur bening dan mudah dimakan harga obat di malaysia hanya sepertiga harga dj indo contohnya di indo harga obat utk hari rp di malaysia harganya rp saya sdh tahun berobat ke penang,fasilitas,,
saya penderita kanker colon kanker usus besar berobat di indonesia jakarta dan gleneagle penang untuk operasi yang sama jakarta lebih mahal dan pelayanannya sangat berbeda di malaysia pasien diperlakukan layaknya seorang pangeran yang harus diselamatkan sementara di jakarta dokter dan suster kurang membantu indonesia tertinggal br tahun dari malaysia dalam pelayanan rumah sakit di malaysia analisa cepat dan tindakannya tepat dalam hari seluruh testbyang diperlukan bisa selesai sementara di indo bertele tele di malaysia cukup ctscan sementara di indo ctscan bondscan dan patscan yang mahal di malaysia dengan ctscan dokter sdh dapat menjelaskan sebaran kanker sampai dimana besarnya kanker dll dan rencana tindakan operasi jika ada duit berobatlah di malaysia disana ada kepastian tindakan yang cepat dan tepat biaya hampir sama bahkan lebih murah satulagi makanan rumah sakit malaysia enak pasca operasi besar pengangkatan kanker usus makanan yg diberikan selalu hangat dan dilembutkan seperti bakso ayam daging miso soup sayur bening dan mudah dimakan harga obat di malaysia hanya sepertiga harga dj indo contohnya di indo harga obat utk hari rp di malaysia harganya rp saya sdh tahun berobat ke penang,pelayanan,,
saya penderita kanker colon kanker usus besar berobat di indonesia jakarta dan gleneagle penang untuk operasi yang sama jakarta lebih mahal dan pelayanannya sangat berbeda di malaysia pasien diperlakukan layaknya seorang pangeran yang harus diselamatkan sementara di jakarta dokter dan suster kurang membantu indonesia tertinggal br tahun dari malaysia dalam pelayanan rumah sakit di malaysia analisa cepat dan tindakannya tepat dalam hari seluruh testbyang diperlukan bisa selesai sementara di indo bertele tele di malaysia cukup ctscan sementara di indo ctscan bondscan dan patscan yang mahal di malaysia dengan ctscan dokter sdh dapat menjelaskan sebaran kanker sampai dimana besarnya kanker dll dan rencana tindakan operasi jika ada duit berobatlah di malaysia disana ada kepastian tindakan yang cepat dan tepat biaya hampir sama bahkan lebih murah satulagi makanan rumah sakit malaysia enak pasca operasi besar pengangkatan kanker usus makanan yg diberikan selalu hangat dan dilembutkan seperti bakso ayam daging miso soup sayur bening dan mudah dimakan harga obat di malaysia hanya sepertiga harga dj indo contohnya di indo harga obat utk hari rp di malaysia harganya rp saya sdh tahun berobat ke penang,aksesibilitas,,
saya penderita kanker colon kanker usus besar berobat di indonesia jakarta dan gleneagle penang untuk operasi yang sama jakarta lebih mahal dan pelayanannya sangat berbeda di malaysia pasien diperlakukan layaknya seorang pangeran yang harus diselamatkan sementara di jakarta dokter dan suster kurang membantu indonesia tertinggal br tahun dari malaysia dalam pelayanan rumah sakit di malaysia analisa cepat dan tindakannya tepat dalam hari seluruh testbyang diperlukan bisa selesai sementara di indo bertele tele di malaysia cukup ctscan sementara di indo ctscan bondscan dan patscan yang mahal di malaysia dengan ctscan dokter sdh dapat menjelaskan sebaran kanker sampai dimana besarnya kanker dll dan rencana tindakan operasi jika ada duit berobatlah di malaysia disana ada kepastian tindakan yang cepat dan tepat biaya hampir sama bahkan lebih murah satulagi makanan rumah sakit malaysia enak pasca operasi besar pengangkatan kanker usus makanan yg diberikan selalu hangat dan dilembutkan seperti bakso ayam daging miso soup sayur bening dan mudah dimakan harga obat di malaysia hanya sepertiga harga dj indo contohnya di indo harga obat utk hari rp di malaysia harganya rp saya sdh tahun berobat ke penang,kualitas_diagnosis,,
saya cancer berobat di jakarta karena terpaksa saat covid perbedaan dengan di penang sangat jauh saya ber asumsi indonesia tertinggal tahun dari malaysia baik teknologi dan pelayanan dokter di malaysia sangat efisien dalam bekerja diagnosa antara di indo sama tetapi tindakan di malaysia sangat tepat dan cepat biaya berobat lebih murah di malaysia salah satu tindakan di indo biayanya rpjuta rm dirawat hari sedangkan malaysia rm rpjt hanya daycare masuk kamar jam pagi jam sore sudah bisa pulang dengan kondisi sehat perawatsuster di malaysia memperlakukan pasien dengan sangat ramah dan sangat membantu,biaya,,
saya cancer berobat di jakarta karena terpaksa saat covid perbedaan dengan di penang sangat jauh saya ber asumsi indonesia tertinggal tahun dari malaysia baik teknologi dan pelayanan dokter di malaysia sangat efisien dalam bekerja diagnosa antara di indo sama tetapi tindakan di malaysia sangat tepat dan cepat biaya berobat lebih murah di malaysia salah satu tindakan di indo biayanya rpjuta rm dirawat hari sedangkan malaysia rm rpjt hanya daycare masuk kamar jam pagi jam sore sudah bisa pulang dengan kondisi sehat perawatsuster di malaysia memperlakukan pasien dengan sangat ramah dan sangat membantu,fasilitas,,
saya cancer berobat di jakarta karena terpaksa saat covid perbedaan dengan di penang sangat jauh saya ber asumsi indonesia tertinggal tahun dari malaysia baik teknologi dan pelayanan dokter di malaysia sangat efisien dalam bekerja diagnosa antara di indo sama tetapi tindakan di malaysia sangat tepat dan cepat biaya berobat lebih murah di malaysia salah satu tindakan di indo biayanya rpjuta rm dirawat hari sedangkan malaysia rm rpjt hanya daycare masuk kamar jam pagi jam sore sudah bisa pulang dengan kondisi sehat perawatsuster di malaysia memperlakukan pasien dengan sangat ramah dan sangat membantu,pelayanan,,
saya cancer berobat di jakarta karena terpaksa saat covid perbedaan dengan di penang sangat jauh saya ber asumsi indonesia tertinggal tahun dari malaysia baik teknologi dan pelayanan dokter di malaysia sangat efisien dalam bekerja diagnosa antara di indo sama tetapi tindakan di malaysia sangat tepat dan cepat biaya berobat lebih murah di malaysia salah satu tindakan di indo biayanya rpjuta rm dirawat hari sedangkan malaysia rm rpjt hanya daycare masuk kamar jam pagi jam sore sudah bisa pulang dengan kondisi sehat perawatsuster di malaysia memperlakukan pasien dengan sangat ramah dan sangat membantu,aksesibilitas,,
saya cancer berobat di jakarta karena terpaksa saat covid perbedaan dengan di penang sangat jauh saya ber asumsi indonesia tertinggal tahun dari malaysia baik teknologi dan pelayanan dokter di malaysia sangat efisien dalam bekerja diagnosa antara di indo sama tetapi tindakan di malaysia sangat tepat dan cepat biaya berobat lebih murah di malaysia salah satu tindakan di indo biayanya rpjuta rm dirawat hari sedangkan malaysia rm rpjt hanya daycare masuk kamar jam pagi jam sore sudah bisa pulang dengan kondisi sehat perawatsuster di malaysia memperlakukan pasien dengan sangat ramah dan sangat membantu,kualitas_diagnosis,,
mungkin ramai yang ga tau ramai warga indo yang tiada medical insurance dirawat secara percuma dan diamdiam oleh dokter di malaysia kerana tiada wang masih tetap di rawat kerana etika perawatan tetap kekal kerana integriti nya,pelayanan,,
rincian biaya ya dong uni supaya kita tau mempersiapkan biaya bila ingin berobat ke penang,biaya,,
rincian biaya ya dong uni supaya kita tau mempersiapkan biaya bila ingin berobat ke penang,fasilitas,,
spill dong tiara habisnya brp bukan buat pamer tapi supaya kami tau untuk yang ada rencana berobat ke penang karena sy rutin berobat di jakarta tiap bulan dan setiap kontrol obatnya byk bgt n mahal cepat pulih ya madam bahagia selalu bersama anak mantu cucu tercinta,biaya,,
spill dong tiara habisnya brp bukan buat pamer tapi supaya kami tau untuk yang ada rencana berobat ke penang karena sy rutin berobat di jakarta tiap bulan dan setiap kontrol obatnya byk bgt n mahal cepat pulih ya madam bahagia selalu bersama anak mantu cucu tercinta,fasilitas,,
spill dong tiara habisnya brp bukan buat pamer tapi supaya kami tau untuk yang ada rencana berobat ke penang karena sy rutin berobat di jakarta tiap bulan dan setiap kontrol obatnya byk bgt n mahal cepat pulih ya madam bahagia selalu bersama anak mantu cucu tercinta,pelayanan,,
alhamdulillah tepat waktusy juga salut sm dokter malaysiasy dlu jatuh dari lantai ke bawah semen patah kaki tangan hidung dagu pinggangtapi alhamdulillah sy terselamat kan oleh dokter di malaysia dan jg bantuan dr allah pastinya,fasilitas,,
alhamdulillah tepat waktusy juga salut sm dokter malaysiasy dlu jatuh dari lantai ke bawah semen patah kaki tangan hidung dagu pinggangtapi alhamdulillah sy terselamat kan oleh dokter di malaysia dan jg bantuan dr allah pastinya,pelayanan,,
alhamdulillah tepat waktusy juga salut sm dokter malaysiasy dlu jatuh dari lantai ke bawah semen patah kaki tangan hidung dagu pinggangtapi alhamdulillah sy terselamat kan oleh dokter di malaysia dan jg bantuan dr allah pastinya,kualitas_diagnosis,,
pelayanan nya di rumah sakit kurang memuaskan apalagi rsud makanya orang yang kaya berobat ke luar negeribagi orang miskin ya pasrah apalagi gak punya dwetkerumah sakit gak berani karena gak ada uang,biaya,,
pelayanan nya di rumah sakit kurang memuaskan apalagi rsud makanya orang yang kaya berobat ke luar negeribagi orang miskin ya pasrah apalagi gak punya dwetkerumah sakit gak berani karena gak ada uang,fasilitas,,
pelayanan nya di rumah sakit kurang memuaskan apalagi rsud makanya orang yang kaya berobat ke luar negeribagi orang miskin ya pasrah apalagi gak punya dwetkerumah sakit gak berani karena gak ada uang,pelayanan,,
pakde belum tau ya ada rsud subang yang tolak pasien kriti cuma gara gak ada surat rujukan sampe akhirnya meninggal brbrbrcoba mikir deh gimana orang indo gak berobat ke luar negeri kalo pelayanan di dalam negeri punya instansi pemerintah kaya gitu pelayanannya,biaya,,
pakde belum tau ya ada rsud subang yang tolak pasien kriti cuma gara gak ada surat rujukan sampe akhirnya meninggal brbrbrcoba mikir deh gimana orang indo gak berobat ke luar negeri kalo pelayanan di dalam negeri punya instansi pemerintah kaya gitu pelayanannya,fasilitas,,
pakde belum tau ya ada rsud subang yang tolak pasien kriti cuma gara gak ada surat rujukan sampe akhirnya meninggal brbrbrcoba mikir deh gimana orang indo gak berobat ke luar negeri kalo pelayanan di dalam negeri punya instansi pemerintah kaya gitu pelayanannya,pelayanan,,
wahterlambat tahu sepertinya tantomibrinfo expired nih brhal ini sudah sangat lama sekali dilakukan oleh warga indonesia khususnya dari aceh sumut riau utk berobat ke penangmalaysiabrberuntung warga dari aceh sumut riau sdh melakukan sejak lamabrternyata warga kita lebih cerdas menyikapinyabrsalam sehat indonesiabr,biaya,,
wahterlambat tahu sepertinya tantomibrinfo expired nih brhal ini sudah sangat lama sekali dilakukan oleh warga indonesia khususnya dari aceh sumut riau utk berobat ke penangmalaysiabrberuntung warga dari aceh sumut riau sdh melakukan sejak lamabrternyata warga kita lebih cerdas menyikapinyabrsalam sehat indonesiabr,fasilitas,,
wahterlambat tahu sepertinya tantomibrinfo expired nih brhal ini sudah sangat lama sekali dilakukan oleh warga indonesia khususnya dari aceh sumut riau utk berobat ke penangmalaysiabrberuntung warga dari aceh sumut riau sdh melakukan sejak lamabrternyata warga kita lebih cerdas menyikapinyabrsalam sehat indonesiabr,pelayanan,,
wahterlambat tahu sepertinya tantomibrinfo expired nih brhal ini sudah sangat lama sekali dilakukan oleh warga indonesia khususnya dari aceh sumut riau utk berobat ke penangmalaysiabrberuntung warga dari aceh sumut riau sdh melakukan sejak lamabrternyata warga kita lebih cerdas menyikapinyabrsalam sehat indonesiabr,aksesibilitas,,
kalau mau berobat ke luar negeri bisa hubungi kita ya tementemen,general,,
gaji dokter di singapura lebih besar daripada gaji dokter di malaysia,pelayanan,,
dokter di malaysia sangat bagus beruntung bgt buat rakyat malaysia,biaya,,
dokter di malaysia sangat bagus beruntung bgt buat rakyat malaysia,fasilitas,,
dokter di malaysia sangat bagus beruntung bgt buat rakyat malaysia,pelayanan,,
ibu ini heran kok di indonesia banyak orang menyalahkan fasilitas dan medis bahkan dokter termahal terkenal di jakarta mencari kesenangan ini untuk mempromosikan temuannya anti autioforosis dan nyeri sendi sampai dia mempromosikan mobilnya di bom karena saingan dengan produk farmasi ini sangat lucu sampai ustazah terkenal juga ikut promosi obat outioforosis dan nyeri sendi lucu banget semua orang tidak mau tahu apa penyebabnya banyak orang sakit di indonesia sampai berobat ke luar negeri cerita ibu ini sangat lucu penyebab banyak orang sakit di indonesia dan berobat ke luar negeri contoh paling gampang di singapura dan australia pemerintah melarang produk masal memakai bahan pengawet kimia dan gula buatan sedangkan di indonesia boleh bebas tampak takaran lagi sampai anak muda sekolah pintar di suruh sekolah kedokteran mereka menolak jadi dokter karena mereka menyalahkan dokter dan fasilitas seperti dokter termahal terkenal di jakarta yang pernah menjabat menteri kesehatan dia hanya mempromosikan temuannya obat outioforosis dan nyeri senditapi tidak mau kasih tahu penyebab orang banyak sakit di indonesia hanya mencari uang banyak sampai dia bilang mobilnya di bom karena saingan dengan produk farmasi,biaya,,
ibu ini heran kok di indonesia banyak orang menyalahkan fasilitas dan medis bahkan dokter termahal terkenal di jakarta mencari kesenangan ini untuk mempromosikan temuannya anti autioforosis dan nyeri sendi sampai dia mempromosikan mobilnya di bom karena saingan dengan produk farmasi ini sangat lucu sampai ustazah terkenal juga ikut promosi obat outioforosis dan nyeri sendi lucu banget semua orang tidak mau tahu apa penyebabnya banyak orang sakit di indonesia sampai berobat ke luar negeri cerita ibu ini sangat lucu penyebab banyak orang sakit di indonesia dan berobat ke luar negeri contoh paling gampang di singapura dan australia pemerintah melarang produk masal memakai bahan pengawet kimia dan gula buatan sedangkan di indonesia boleh bebas tampak takaran lagi sampai anak muda sekolah pintar di suruh sekolah kedokteran mereka menolak jadi dokter karena mereka menyalahkan dokter dan fasilitas seperti dokter termahal terkenal di jakarta yang pernah menjabat menteri kesehatan dia hanya mempromosikan temuannya obat outioforosis dan nyeri senditapi tidak mau kasih tahu penyebab orang banyak sakit di indonesia hanya mencari uang banyak sampai dia bilang mobilnya di bom karena saingan dengan produk farmasi,fasilitas,,
ibu ini heran kok di indonesia banyak orang menyalahkan fasilitas dan medis bahkan dokter termahal terkenal di jakarta mencari kesenangan ini untuk mempromosikan temuannya anti autioforosis dan nyeri sendi sampai dia mempromosikan mobilnya di bom karena saingan dengan produk farmasi ini sangat lucu sampai ustazah terkenal juga ikut promosi obat outioforosis dan nyeri sendi lucu banget semua orang tidak mau tahu apa penyebabnya banyak orang sakit di indonesia sampai berobat ke luar negeri cerita ibu ini sangat lucu penyebab banyak orang sakit di indonesia dan berobat ke luar negeri contoh paling gampang di singapura dan australia pemerintah melarang produk masal memakai bahan pengawet kimia dan gula buatan sedangkan di indonesia boleh bebas tampak takaran lagi sampai anak muda sekolah pintar di suruh sekolah kedokteran mereka menolak jadi dokter karena mereka menyalahkan dokter dan fasilitas seperti dokter termahal terkenal di jakarta yang pernah menjabat menteri kesehatan dia hanya mempromosikan temuannya obat outioforosis dan nyeri senditapi tidak mau kasih tahu penyebab orang banyak sakit di indonesia hanya mencari uang banyak sampai dia bilang mobilnya di bom karena saingan dengan produk farmasi,pelayanan,,
ibu ini heran kok di indonesia banyak orang menyalahkan fasilitas dan medis bahkan dokter termahal terkenal di jakarta mencari kesenangan ini untuk mempromosikan temuannya anti autioforosis dan nyeri sendi sampai dia mempromosikan mobilnya di bom karena saingan dengan produk farmasi ini sangat lucu sampai ustazah terkenal juga ikut promosi obat outioforosis dan nyeri sendi lucu banget semua orang tidak mau tahu apa penyebabnya banyak orang sakit di indonesia sampai berobat ke luar negeri cerita ibu ini sangat lucu penyebab banyak orang sakit di indonesia dan berobat ke luar negeri contoh paling gampang di singapura dan australia pemerintah melarang produk masal memakai bahan pengawet kimia dan gula buatan sedangkan di indonesia boleh bebas tampak takaran lagi sampai anak muda sekolah pintar di suruh sekolah kedokteran mereka menolak jadi dokter karena mereka menyalahkan dokter dan fasilitas seperti dokter termahal terkenal di jakarta yang pernah menjabat menteri kesehatan dia hanya mempromosikan temuannya obat outioforosis dan nyeri senditapi tidak mau kasih tahu penyebab orang banyak sakit di indonesia hanya mencari uang banyak sampai dia bilang mobilnya di bom karena saingan dengan produk farmasi,aksesibilitas,,
penyebab banyak orang sakit di indonesia dan menyalahkan fasilitas dan medis ini cerita agak panjang sampai anak saya yang sekolah cukup pintar di suruh jadi dokter mereka menolak mengapa mereka menolak karena di indonesia kacau balau banyak orang sakit di indonesia dan berobat ke luar negeri penyebab hal tersebut tidak ada satupun orang yang membahas mengapa orang indonesia menyatakan fasilitas dan medis dan mengapa banyak anak muda yang pintar tidak mau sekolah kedokteran karena mereka hanya menyalahkan medis dan fasilitas sampai dokter termahal terkenal di jakarta hanya memanfaatkan situasi kacau ini sampai dia mempromosikan temuannya obat outioforosis dan nyeri sendi dan lainnya karena saingan dengan produk masal farmasi sehingga rumahnya di bom sampai promosi begitu tapi tidak di rincikan mengapa banyak orang sakit di indonesia,biaya,,
penyebab banyak orang sakit di indonesia dan menyalahkan fasilitas dan medis ini cerita agak panjang sampai anak saya yang sekolah cukup pintar di suruh jadi dokter mereka menolak mengapa mereka menolak karena di indonesia kacau balau banyak orang sakit di indonesia dan berobat ke luar negeri penyebab hal tersebut tidak ada satupun orang yang membahas mengapa orang indonesia menyatakan fasilitas dan medis dan mengapa banyak anak muda yang pintar tidak mau sekolah kedokteran karena mereka hanya menyalahkan medis dan fasilitas sampai dokter termahal terkenal di jakarta hanya memanfaatkan situasi kacau ini sampai dia mempromosikan temuannya obat outioforosis dan nyeri sendi dan lainnya karena saingan dengan produk masal farmasi sehingga rumahnya di bom sampai promosi begitu tapi tidak di rincikan mengapa banyak orang sakit di indonesia,fasilitas,,
penyebab banyak orang sakit di indonesia dan menyalahkan fasilitas dan medis ini cerita agak panjang sampai anak saya yang sekolah cukup pintar di suruh jadi dokter mereka menolak mengapa mereka menolak karena di indonesia kacau balau banyak orang sakit di indonesia dan berobat ke luar negeri penyebab hal tersebut tidak ada satupun orang yang membahas mengapa orang indonesia menyatakan fasilitas dan medis dan mengapa banyak anak muda yang pintar tidak mau sekolah kedokteran karena mereka hanya menyalahkan medis dan fasilitas sampai dokter termahal terkenal di jakarta hanya memanfaatkan situasi kacau ini sampai dia mempromosikan temuannya obat outioforosis dan nyeri sendi dan lainnya karena saingan dengan produk masal farmasi sehingga rumahnya di bom sampai promosi begitu tapi tidak di rincikan mengapa banyak orang sakit di indonesia,pelayanan,,
penyebab banyak orang sakit di indonesia dan menyalahkan fasilitas dan medis ini cerita agak panjang sampai anak saya yang sekolah cukup pintar di suruh jadi dokter mereka menolak mengapa mereka menolak karena di indonesia kacau balau banyak orang sakit di indonesia dan berobat ke luar negeri penyebab hal tersebut tidak ada satupun orang yang membahas mengapa orang indonesia menyatakan fasilitas dan medis dan mengapa banyak anak muda yang pintar tidak mau sekolah kedokteran karena mereka hanya menyalahkan medis dan fasilitas sampai dokter termahal terkenal di jakarta hanya memanfaatkan situasi kacau ini sampai dia mempromosikan temuannya obat outioforosis dan nyeri sendi dan lainnya karena saingan dengan produk masal farmasi sehingga rumahnya di bom sampai promosi begitu tapi tidak di rincikan mengapa banyak orang sakit di indonesia,aksesibilitas,,
yang lucu lagi ada dokter termahal terkenal di jakarta hanya mempromosikan temuannya seperti autioforosis nyeri sendi sampai dia mempromosikan rumahnya telah di bom karena saingan dengan produk farmasikok mereka tidak kasih tahu penyebab orang banyak sakit di indonesia dan sampai berobat ke luar negeri sampai heboh sampai jokowi heran kok banyak orang sakit berobat ke luar negeri kok mereka tidak mau sadar bahwa di singapura dan australia pemerintah melarang produk masal memakai bahan pengawet kimia dan gula buatandan semua kacang kedelai di vacum pakai plastik tebal apakah di indonesia bisa begitu maka jangan salahkan fasilitas dan medis,biaya,,
yang lucu lagi ada dokter termahal terkenal di jakarta hanya mempromosikan temuannya seperti autioforosis nyeri sendi sampai dia mempromosikan rumahnya telah di bom karena saingan dengan produk farmasikok mereka tidak kasih tahu penyebab orang banyak sakit di indonesia dan sampai berobat ke luar negeri sampai heboh sampai jokowi heran kok banyak orang sakit berobat ke luar negeri kok mereka tidak mau sadar bahwa di singapura dan australia pemerintah melarang produk masal memakai bahan pengawet kimia dan gula buatandan semua kacang kedelai di vacum pakai plastik tebal apakah di indonesia bisa begitu maka jangan salahkan fasilitas dan medis,fasilitas,,
yang lucu lagi ada dokter termahal terkenal di jakarta hanya mempromosikan temuannya seperti autioforosis nyeri sendi sampai dia mempromosikan rumahnya telah di bom karena saingan dengan produk farmasikok mereka tidak kasih tahu penyebab orang banyak sakit di indonesia dan sampai berobat ke luar negeri sampai heboh sampai jokowi heran kok banyak orang sakit berobat ke luar negeri kok mereka tidak mau sadar bahwa di singapura dan australia pemerintah melarang produk masal memakai bahan pengawet kimia dan gula buatandan semua kacang kedelai di vacum pakai plastik tebal apakah di indonesia bisa begitu maka jangan salahkan fasilitas dan medis,pelayanan,,
yang lucu lagi ada dokter termahal terkenal di jakarta hanya mempromosikan temuannya seperti autioforosis nyeri sendi sampai dia mempromosikan rumahnya telah di bom karena saingan dengan produk farmasikok mereka tidak kasih tahu penyebab orang banyak sakit di indonesia dan sampai berobat ke luar negeri sampai heboh sampai jokowi heran kok banyak orang sakit berobat ke luar negeri kok mereka tidak mau sadar bahwa di singapura dan australia pemerintah melarang produk masal memakai bahan pengawet kimia dan gula buatandan semua kacang kedelai di vacum pakai plastik tebal apakah di indonesia bisa begitu maka jangan salahkan fasilitas dan medis,aksesibilitas,,
yang lucu lagi ada dokter termahal terkenal di jakarta hanya mempromosikan temuannya seperti autioforosis nyeri sendi sampai dia mempromosikan rumahnya telah di bom karena saingan dengan produk farmasikok mereka tidak kasih tahu penyebab orang banyak sakit di indonesia dan sampai berobat ke luar negeri sampai heboh sampai jokowi heran kok banyak orang sakit berobat ke luar negeri kok mereka tidak mau sadar bahwa di singapura dan australia pemerintah melarang produk masal memakai bahan pengawet kimia dan gula buatandan semua kacang kedelai di vacum pakai plastik tebal apakah di indonesia bisa begitu maka jangan salahkan fasilitas dan medis,kualitas_diagnosis,,
lucu banget di indonesia kok orang menyalahkan fasilitas dan medis kok mereka tidak menyalahkan penyebab banyak orang sakit di indonesia dan berobat ke luar negeri contoh di singapura dan australia pemerintah melarang produk masal memakai bahan pengawet dan gula buatan mereka kira semua orang tahan akan bahan pengawet kimia dan gula buatan ini yang aneh dan nyata contoh lagi di singapura beras dan kacang kedelai semua di vacum pakai plastik tebal dan tidak seperti di indonesia mereka memakai kantong biasa sehingga bisa rusak termakan oleh kutu jika tidak di kasih obat anti kutu sehingga kacang kedelai di olah menjadi tahu dan tempe menjadi masalah ada racun jadinya semua orang kok tidak bisa mikir bahwa kesalahan pemerintah membiarkan produk masal memakai bahan pengawet kimia dan gula buatan maka itu jangan main nyalakan medis dan fasilitas orang bisa sakit tu mengapaini lucu sekali,fasilitas,,
lucu banget di indonesia kok orang menyalahkan fasilitas dan medis kok mereka tidak menyalahkan penyebab banyak orang sakit di indonesia dan berobat ke luar negeri contoh di singapura dan australia pemerintah melarang produk masal memakai bahan pengawet dan gula buatan mereka kira semua orang tahan akan bahan pengawet kimia dan gula buatan ini yang aneh dan nyata contoh lagi di singapura beras dan kacang kedelai semua di vacum pakai plastik tebal dan tidak seperti di indonesia mereka memakai kantong biasa sehingga bisa rusak termakan oleh kutu jika tidak di kasih obat anti kutu sehingga kacang kedelai di olah menjadi tahu dan tempe menjadi masalah ada racun jadinya semua orang kok tidak bisa mikir bahwa kesalahan pemerintah membiarkan produk masal memakai bahan pengawet kimia dan gula buatan maka itu jangan main nyalakan medis dan fasilitas orang bisa sakit tu mengapaini lucu sekali,pelayanan,,
lucu banget di indonesia kok orang menyalahkan fasilitas dan medis kok mereka tidak menyalahkan penyebab banyak orang sakit di indonesia dan berobat ke luar negeri contoh di singapura dan australia pemerintah melarang produk masal memakai bahan pengawet dan gula buatan mereka kira semua orang tahan akan bahan pengawet kimia dan gula buatan ini yang aneh dan nyata contoh lagi di singapura beras dan kacang kedelai semua di vacum pakai plastik tebal dan tidak seperti di indonesia mereka memakai kantong biasa sehingga bisa rusak termakan oleh kutu jika tidak di kasih obat anti kutu sehingga kacang kedelai di olah menjadi tahu dan tempe menjadi masalah ada racun jadinya semua orang kok tidak bisa mikir bahwa kesalahan pemerintah membiarkan produk masal memakai bahan pengawet kimia dan gula buatan maka itu jangan main nyalakan medis dan fasilitas orang bisa sakit tu mengapaini lucu sekali,aksesibilitas,,
lucu banget di indonesia kok orang menyalahkan fasilitas dan medis kok mereka tidak menyalahkan penyebab banyak orang sakit di indonesia dan berobat ke luar negeri contoh di singapura dan australia pemerintah melarang produk masal memakai bahan pengawet dan gula buatan mereka kira semua orang tahan akan bahan pengawet kimia dan gula buatan ini yang aneh dan nyata contoh lagi di singapura beras dan kacang kedelai semua di vacum pakai plastik tebal dan tidak seperti di indonesia mereka memakai kantong biasa sehingga bisa rusak termakan oleh kutu jika tidak di kasih obat anti kutu sehingga kacang kedelai di olah menjadi tahu dan tempe menjadi masalah ada racun jadinya semua orang kok tidak bisa mikir bahwa kesalahan pemerintah membiarkan produk masal memakai bahan pengawet kimia dan gula buatan maka itu jangan main nyalakan medis dan fasilitas orang bisa sakit tu mengapaini lucu sekali,kualitas_diagnosis,,
bu orang banyak sakit di indonesia dan berobat ke luar negeri dan tidak percaya medis dan fasilitas itu cuma salah pemerintah membolehkan produsen masal memakai bahan pengawet kimia dan gula buatan sesuka produsen sehingga menyebabkan orang yang tidak tahan lagi akan bahan pengawet dan gula buatan membuat mereka sakit dan meninggal sesak nafas dan kejang kejang sampai dokter termahal terkenal di jakarta hanya mempromosikan temuannya autioforosis nyeri sendi apakah bisa membantuini sangat konyol sekali,biaya,,
bu orang banyak sakit di indonesia dan berobat ke luar negeri dan tidak percaya medis dan fasilitas itu cuma salah pemerintah membolehkan produsen masal memakai bahan pengawet kimia dan gula buatan sesuka produsen sehingga menyebabkan orang yang tidak tahan lagi akan bahan pengawet dan gula buatan membuat mereka sakit dan meninggal sesak nafas dan kejang kejang sampai dokter termahal terkenal di jakarta hanya mempromosikan temuannya autioforosis nyeri sendi apakah bisa membantuini sangat konyol sekali,fasilitas,,
bu orang banyak sakit di indonesia dan berobat ke luar negeri dan tidak percaya medis dan fasilitas itu cuma salah pemerintah membolehkan produsen masal memakai bahan pengawet kimia dan gula buatan sesuka produsen sehingga menyebabkan orang yang tidak tahan lagi akan bahan pengawet dan gula buatan membuat mereka sakit dan meninggal sesak nafas dan kejang kejang sampai dokter termahal terkenal di jakarta hanya mempromosikan temuannya autioforosis nyeri sendi apakah bisa membantuini sangat konyol sekali,pelayanan,,
bu orang banyak sakit di indonesia dan berobat ke luar negeri dan tidak percaya medis dan fasilitas itu cuma salah pemerintah membolehkan produsen masal memakai bahan pengawet kimia dan gula buatan sesuka produsen sehingga menyebabkan orang yang tidak tahan lagi akan bahan pengawet dan gula buatan membuat mereka sakit dan meninggal sesak nafas dan kejang kejang sampai dokter termahal terkenal di jakarta hanya mempromosikan temuannya autioforosis nyeri sendi apakah bisa membantuini sangat konyol sekali,aksesibilitas,,
bu orang banyak sakit di indonesia dan berobat ke luar negeri dan tidak percaya medis dan fasilitas itu cuma salah pemerintah membolehkan produsen masal memakai bahan pengawet kimia dan gula buatan sesuka produsen sehingga menyebabkan orang yang tidak tahan lagi akan bahan pengawet dan gula buatan membuat mereka sakit dan meninggal sesak nafas dan kejang kejang sampai dokter termahal terkenal di jakarta hanya mempromosikan temuannya autioforosis nyeri sendi apakah bisa membantuini sangat konyol sekali,kualitas_diagnosis,,
banyak dokter yang memberikan pembelaan boleh dan sah saja tapi masalahnya permasalahan kesehatan di indonesia masalah puluhan bahkan ratusan tahun kenapa sampai sekarang tidak ada perbaikan mau berubah dan tidak rasanya tidak mau berubah alias acuh sesimpel komunikasi apanya yg sulit ini tidak terjadi hanya didokter tapi dosen diperguruan tinggi dll mungkin ada rasa sok krn mereka datang dari kalangan atas dokter selalu telat tidak sesuai jamnya sampai pasien numpuk akhirnya kewalahan dan salah diagnosa umum terjadi padahal yang benar benar serius berobat ke dokter hebat kalangan atas dari az yg mau sembuh datang dari kalangan atas mestinya tidak ada alasan keterbatasan dokter orang miskin kebanyakan tdk mau berobat dibiarkan meninggal dirumah krn alasan biaya dari sini jelas dokter di indonesia memberikan kesan menakutkan daripada membantu rumah sakit dan dokter di malaysia bisa kenapa indonesia tidak bisa masalah teknologi juga perlu diperbaiki keuntungan rumah sakit dan dana pemerintah bisa untuk modal moderenisasi perlu kerjasama kejujuran jangan permainkan harga dan orientasi pada duit untuk balik modal ibu ini orang kaya diperlakukian seperti ini bagaimana orang miskin lain saya bicara diluar dari asuransi bpjs,biaya,,
banyak dokter yang memberikan pembelaan boleh dan sah saja tapi masalahnya permasalahan kesehatan di indonesia masalah puluhan bahkan ratusan tahun kenapa sampai sekarang tidak ada perbaikan mau berubah dan tidak rasanya tidak mau berubah alias acuh sesimpel komunikasi apanya yg sulit ini tidak terjadi hanya didokter tapi dosen diperguruan tinggi dll mungkin ada rasa sok krn mereka datang dari kalangan atas dokter selalu telat tidak sesuai jamnya sampai pasien numpuk akhirnya kewalahan dan salah diagnosa umum terjadi padahal yang benar benar serius berobat ke dokter hebat kalangan atas dari az yg mau sembuh datang dari kalangan atas mestinya tidak ada alasan keterbatasan dokter orang miskin kebanyakan tdk mau berobat dibiarkan meninggal dirumah krn alasan biaya dari sini jelas dokter di indonesia memberikan kesan menakutkan daripada membantu rumah sakit dan dokter di malaysia bisa kenapa indonesia tidak bisa masalah teknologi juga perlu diperbaiki keuntungan rumah sakit dan dana pemerintah bisa untuk modal moderenisasi perlu kerjasama kejujuran jangan permainkan harga dan orientasi pada duit untuk balik modal ibu ini orang kaya diperlakukian seperti ini bagaimana orang miskin lain saya bicara diluar dari asuransi bpjs,fasilitas,,
banyak dokter yang memberikan pembelaan boleh dan sah saja tapi masalahnya permasalahan kesehatan di indonesia masalah puluhan bahkan ratusan tahun kenapa sampai sekarang tidak ada perbaikan mau berubah dan tidak rasanya tidak mau berubah alias acuh sesimpel komunikasi apanya yg sulit ini tidak terjadi hanya didokter tapi dosen diperguruan tinggi dll mungkin ada rasa sok krn mereka datang dari kalangan atas dokter selalu telat tidak sesuai jamnya sampai pasien numpuk akhirnya kewalahan dan salah diagnosa umum terjadi padahal yang benar benar serius berobat ke dokter hebat kalangan atas dari az yg mau sembuh datang dari kalangan atas mestinya tidak ada alasan keterbatasan dokter orang miskin kebanyakan tdk mau berobat dibiarkan meninggal dirumah krn alasan biaya dari sini jelas dokter di indonesia memberikan kesan menakutkan daripada membantu rumah sakit dan dokter di malaysia bisa kenapa indonesia tidak bisa masalah teknologi juga perlu diperbaiki keuntungan rumah sakit dan dana pemerintah bisa untuk modal moderenisasi perlu kerjasama kejujuran jangan permainkan harga dan orientasi pada duit untuk balik modal ibu ini orang kaya diperlakukian seperti ini bagaimana orang miskin lain saya bicara diluar dari asuransi bpjs,pelayanan,,
banyak dokter yang memberikan pembelaan boleh dan sah saja tapi masalahnya permasalahan kesehatan di indonesia masalah puluhan bahkan ratusan tahun kenapa sampai sekarang tidak ada perbaikan mau berubah dan tidak rasanya tidak mau berubah alias acuh sesimpel komunikasi apanya yg sulit ini tidak terjadi hanya didokter tapi dosen diperguruan tinggi dll mungkin ada rasa sok krn mereka datang dari kalangan atas dokter selalu telat tidak sesuai jamnya sampai pasien numpuk akhirnya kewalahan dan salah diagnosa umum terjadi padahal yang benar benar serius berobat ke dokter hebat kalangan atas dari az yg mau sembuh datang dari kalangan atas mestinya tidak ada alasan keterbatasan dokter orang miskin kebanyakan tdk mau berobat dibiarkan meninggal dirumah krn alasan biaya dari sini jelas dokter di indonesia memberikan kesan menakutkan daripada membantu rumah sakit dan dokter di malaysia bisa kenapa indonesia tidak bisa masalah teknologi juga perlu diperbaiki keuntungan rumah sakit dan dana pemerintah bisa untuk modal moderenisasi perlu kerjasama kejujuran jangan permainkan harga dan orientasi pada duit untuk balik modal ibu ini orang kaya diperlakukian seperti ini bagaimana orang miskin lain saya bicara diluar dari asuransi bpjs,aksesibilitas,,
banyak dokter yang memberikan pembelaan boleh dan sah saja tapi masalahnya permasalahan kesehatan di indonesia masalah puluhan bahkan ratusan tahun kenapa sampai sekarang tidak ada perbaikan mau berubah dan tidak rasanya tidak mau berubah alias acuh sesimpel komunikasi apanya yg sulit ini tidak terjadi hanya didokter tapi dosen diperguruan tinggi dll mungkin ada rasa sok krn mereka datang dari kalangan atas dokter selalu telat tidak sesuai jamnya sampai pasien numpuk akhirnya kewalahan dan salah diagnosa umum terjadi padahal yang benar benar serius berobat ke dokter hebat kalangan atas dari az yg mau sembuh datang dari kalangan atas mestinya tidak ada alasan keterbatasan dokter orang miskin kebanyakan tdk mau berobat dibiarkan meninggal dirumah krn alasan biaya dari sini jelas dokter di indonesia memberikan kesan menakutkan daripada membantu rumah sakit dan dokter di malaysia bisa kenapa indonesia tidak bisa masalah teknologi juga perlu diperbaiki keuntungan rumah sakit dan dana pemerintah bisa untuk modal moderenisasi perlu kerjasama kejujuran jangan permainkan harga dan orientasi pada duit untuk balik modal ibu ini orang kaya diperlakukian seperti ini bagaimana orang miskin lain saya bicara diluar dari asuransi bpjs,kualitas_diagnosis,,
saya gk percaya dokter di indonesiakarena pernah alami sendiribukannya sembuh malah makin parahsangat jelek pelayanan dan pengobatannyakalau mau berobat ke luar negeri aja,fasilitas,,
saya gk percaya dokter di indonesiakarena pernah alami sendiribukannya sembuh malah makin parahsangat jelek pelayanan dan pengobatannyakalau mau berobat ke luar negeri aja,pelayanan,,
saya gk percaya dokter di indonesiakarena pernah alami sendiribukannya sembuh malah makin parahsangat jelek pelayanan dan pengobatannyakalau mau berobat ke luar negeri aja,aksesibilitas,,
dr cerita ibu ini sy jd takut mau konsultasi dengan dokter saraf takutnya di ulur dr besok ke besok yg mana sy harus mencari nafkah untuk keluarga sy dan bagi sy untuk berobat ke luar negeri itu cm mimpi sepertinya memang orang susah dilarang sakit di negri ini ya tuhan semoga kami sekeluarga sehat aja,pelayanan,,
dokter di malaysia itu sudah profisional alias lulusan dokter ngak tembak alias sogok dan selalu jaga nama baik negaranya,fasilitas,,
dokter di malaysia itu sudah profisional alias lulusan dokter ngak tembak alias sogok dan selalu jaga nama baik negaranya,pelayanan,,
jika netizen punya pengalaman berobat ke malaysia bagi penderita gerd anxiety bagi dong pengalaman ya sekalian kisaran biayanya,biaya,,
jika netizen punya pengalaman berobat ke malaysia bagi penderita gerd anxiety bagi dong pengalaman ya sekalian kisaran biayanya,pelayanan,,
coba email ke r adventis di penang tanya dokter specialis yg menangani penyakit tsbanak saya baru berobat ke penang juni pelayanannya ramah dan murah,biaya,,
coba email ke r adventis di penang tanya dokter specialis yg menangani penyakit tsbanak saya baru berobat ke penang juni pelayanannya ramah dan murah,pelayanan,,
mending berobat ke luar negeri aja emng dari dokternya gk stay di rumah sakit trus pelayanan berbelit trus diagnosis dokter kaya belajar di youtube ayo berobat ke negeri,biaya,,
mending berobat ke luar negeri aja emng dari dokternya gk stay di rumah sakit trus pelayanan berbelit trus diagnosis dokter kaya belajar di youtube ayo berobat ke negeri,fasilitas,,
mending berobat ke luar negeri aja emng dari dokternya gk stay di rumah sakit trus pelayanan berbelit trus diagnosis dokter kaya belajar di youtube ayo berobat ke negeri,pelayanan,,
mending berobat ke luar negeri aja emng dari dokternya gk stay di rumah sakit trus pelayanan berbelit trus diagnosis dokter kaya belajar di youtube ayo berobat ke negeri,kualitas_diagnosis,,
sdh ng heran bnyak org kaya yg berduit berobat ke luar negeri krn pelayanan disana benar menolong pasien nya beda disini cuma cari cuan wk wk wk wk,biaya,,
sdh ng heran bnyak org kaya yg berduit berobat ke luar negeri krn pelayanan disana benar menolong pasien nya beda disini cuma cari cuan wk wk wk wk,pelayanan,,
sdh ng heran bnyak org kaya yg berduit berobat ke luar negeri krn pelayanan disana benar menolong pasien nya beda disini cuma cari cuan wk wk wk wk,kualitas_diagnosis,,
pantesan pejabatorang kaya hampir pasti berobat ke luar negeribrlebih perhatian,biaya,,
pantesan pejabatorang kaya hampir pasti berobat ke luar negeribrlebih perhatian,kualitas_diagnosis,,
pemerintah melarang org indonesia berobat ke luar negeri tpi r indonesia kualitasnya cuma cari untung merugikan pasien,biaya,,
pemerintah melarang org indonesia berobat ke luar negeri tpi r indonesia kualitasnya cuma cari untung merugikan pasien,fasilitas,,
pemerintah melarang org indonesia berobat ke luar negeri tpi r indonesia kualitasnya cuma cari untung merugikan pasien,aksesibilitas,,
pemerintah melarang org indonesia berobat ke luar negeri tpi r indonesia kualitasnya cuma cari untung merugikan pasien,kualitas_diagnosis,,
buat dokter indonesia temenamp sanak saudara dokterbrbrsilakan dibela sampai mati aza perilaku kompetensi amp bobroknya empati para dokter ind yg konon sdh berakar krn dibela oleh idibrbrlanjutkan terusss brkarma terus berputarbrsuatu hari akan kena ke kalian sndrbrkena suami istri anak orang tua amp saudara sndrbrnah kala tsb baru terbukti karma serf finally brbryg ptg buat pasien bijakbrjgn x pun percaya dgn dokter indonesia anggap masuk kiri keluar kiri kembali drpd nyawa kita taruhannya brbrbuktinya pak menteri luhut aza bagusan berobat ke singapore drpd d jkt dan sehat sekarangbrbhkn alm mendiang ibu negara kt jg berobat ke luar negeri drpd mati ditipu dokter d indonesia,fasilitas,,
buat dokter indonesia temenamp sanak saudara dokterbrbrsilakan dibela sampai mati aza perilaku kompetensi amp bobroknya empati para dokter ind yg konon sdh berakar krn dibela oleh idibrbrlanjutkan terusss brkarma terus berputarbrsuatu hari akan kena ke kalian sndrbrkena suami istri anak orang tua amp saudara sndrbrnah kala tsb baru terbukti karma serf finally brbryg ptg buat pasien bijakbrjgn x pun percaya dgn dokter indonesia anggap masuk kiri keluar kiri kembali drpd nyawa kita taruhannya brbrbuktinya pak menteri luhut aza bagusan berobat ke singapore drpd d jkt dan sehat sekarangbrbhkn alm mendiang ibu negara kt jg berobat ke luar negeri drpd mati ditipu dokter d indonesia,pelayanan,,
buat dokter indonesia temenamp sanak saudara dokterbrbrsilakan dibela sampai mati aza perilaku kompetensi amp bobroknya empati para dokter ind yg konon sdh berakar krn dibela oleh idibrbrlanjutkan terusss brkarma terus berputarbrsuatu hari akan kena ke kalian sndrbrkena suami istri anak orang tua amp saudara sndrbrnah kala tsb baru terbukti karma serf finally brbryg ptg buat pasien bijakbrjgn x pun percaya dgn dokter indonesia anggap masuk kiri keluar kiri kembali drpd nyawa kita taruhannya brbrbuktinya pak menteri luhut aza bagusan berobat ke singapore drpd d jkt dan sehat sekarangbrbhkn alm mendiang ibu negara kt jg berobat ke luar negeri drpd mati ditipu dokter d indonesia,aksesibilitas,,
mungkin karena kurang baik pelayanan r di indonesia makanya ketika ada pejabat yang sakit di indonesia selalu saja berobat ke luar negeri seperti singapura malaysia dan lain lain,biaya,,
mungkin karena kurang baik pelayanan r di indonesia makanya ketika ada pejabat yang sakit di indonesia selalu saja berobat ke luar negeri seperti singapura malaysia dan lain lain,fasilitas,,
mungkin karena kurang baik pelayanan r di indonesia makanya ketika ada pejabat yang sakit di indonesia selalu saja berobat ke luar negeri seperti singapura malaysia dan lain lain,pelayanan,,
mungkin karena kurang baik pelayanan r di indonesia makanya ketika ada pejabat yang sakit di indonesia selalu saja berobat ke luar negeri seperti singapura malaysia dan lain lain,aksesibilitas,,
negara bobrok buk jgn salahkan rakyat yg berobat ke luar negeri,biaya,,
negara bobrok buk jgn salahkan rakyat yg berobat ke luar negeri,kualitas_diagnosis,,
sama persis kayak yang di alami adek saya ada hampir tahun sakit sakit terus bolak balik masuk rumah sakit dokter nya prediksi salah dan dia minum obat yang tak sesuai penyakit sampai lama dia heran kok nggak sembuh sembuh akhirnya ambil keputusan berobat ke penang nggak sampai seminggu berobat udah boleh pulang dan udah sembuh hingga sekarang dokter nya yang di penang juga heran dengan cara kerja dokter yang tanganin adek saya,biaya,,
sama persis kayak yang di alami adek saya ada hampir tahun sakit sakit terus bolak balik masuk rumah sakit dokter nya prediksi salah dan dia minum obat yang tak sesuai penyakit sampai lama dia heran kok nggak sembuh sembuh akhirnya ambil keputusan berobat ke penang nggak sampai seminggu berobat udah boleh pulang dan udah sembuh hingga sekarang dokter nya yang di penang juga heran dengan cara kerja dokter yang tanganin adek saya,fasilitas,,
sama persis kayak yang di alami adek saya ada hampir tahun sakit sakit terus bolak balik masuk rumah sakit dokter nya prediksi salah dan dia minum obat yang tak sesuai penyakit sampai lama dia heran kok nggak sembuh sembuh akhirnya ambil keputusan berobat ke penang nggak sampai seminggu berobat udah boleh pulang dan udah sembuh hingga sekarang dokter nya yang di penang juga heran dengan cara kerja dokter yang tanganin adek saya,pelayanan,,
sama persis kayak yang di alami adek saya ada hampir tahun sakit sakit terus bolak balik masuk rumah sakit dokter nya prediksi salah dan dia minum obat yang tak sesuai penyakit sampai lama dia heran kok nggak sembuh sembuh akhirnya ambil keputusan berobat ke penang nggak sampai seminggu berobat udah boleh pulang dan udah sembuh hingga sekarang dokter nya yang di penang juga heran dengan cara kerja dokter yang tanganin adek saya,aksesibilitas,,
sama persis kayak yang di alami adek saya ada hampir tahun sakit sakit terus bolak balik masuk rumah sakit dokter nya prediksi salah dan dia minum obat yang tak sesuai penyakit sampai lama dia heran kok nggak sembuh sembuh akhirnya ambil keputusan berobat ke penang nggak sampai seminggu berobat udah boleh pulang dan udah sembuh hingga sekarang dokter nya yang di penang juga heran dengan cara kerja dokter yang tanganin adek saya,kualitas_diagnosis,,
pelayanan pada saat oprasi d penang bagus skalikalau d indonesia sering salah diaknosaterutama di daerah saya puji tuhan berkat saran org berobat ke penang istri saya d sembuhkan,fasilitas,,
pelayanan pada saat oprasi d penang bagus skalikalau d indonesia sering salah diaknosaterutama di daerah saya puji tuhan berkat saran org berobat ke penang istri saya d sembuhkan,pelayanan,,
pelayanan pada saat oprasi d penang bagus skalikalau d indonesia sering salah diaknosaterutama di daerah saya puji tuhan berkat saran org berobat ke penang istri saya d sembuhkan,aksesibilitas,,
pelayanan pada saat oprasi d penang bagus skalikalau d indonesia sering salah diaknosaterutama di daerah saya puji tuhan berkat saran org berobat ke penang istri saya d sembuhkan,kualitas_diagnosis,,
sama juga dgn kisah saya alhasil saya hr berobat ke penang dan biayanya sangat jauh lebih murah tp yg paling utama adalah pelayanan dan dokternya luar biasa membuat kami para pasien yg dtg dgn harapan dan mendapatkan harapan bgt bertemu dgn dokternya juga sistem pelayanan pasiennya juga sangat membantu get well soon believe when you have faith there will be hope amen,biaya,,
sama juga dgn kisah saya alhasil saya hr berobat ke penang dan biayanya sangat jauh lebih murah tp yg paling utama adalah pelayanan dan dokternya luar biasa membuat kami para pasien yg dtg dgn harapan dan mendapatkan harapan bgt bertemu dgn dokternya juga sistem pelayanan pasiennya juga sangat membantu get well soon believe when you have faith there will be hope amen,pelayanan,,
sama juga dgn kisah saya alhasil saya hr berobat ke penang dan biayanya sangat jauh lebih murah tp yg paling utama adalah pelayanan dan dokternya luar biasa membuat kami para pasien yg dtg dgn harapan dan mendapatkan harapan bgt bertemu dgn dokternya juga sistem pelayanan pasiennya juga sangat membantu get well soon believe when you have faith there will be hope amen,aksesibilitas,,
sama juga dgn kisah saya alhasil saya hr berobat ke penang dan biayanya sangat jauh lebih murah tp yg paling utama adalah pelayanan dan dokternya luar biasa membuat kami para pasien yg dtg dgn harapan dan mendapatkan harapan bgt bertemu dgn dokternya juga sistem pelayanan pasiennya juga sangat membantu get well soon believe when you have faith there will be hope amen,kualitas_diagnosis,,
cepat sembuh ya bubrsaya penderita ca payudara saya berobat ke penang dari operasi kemo radiasi dan saya puas sekali dengan pelayanannya khususnya keahlian suster nya mencari nadi saat kemo dan ambil darahbr tapi saya tidak bisa membandingkan dengan r di indonesia krn saya memang langsung ke penangbryg jelas kalau di penang semua biaya jelas diterangkan diawal sangat membantu penyiapan dana bagi yg tidak punya asuransi,biaya,,
cepat sembuh ya bubrsaya penderita ca payudara saya berobat ke penang dari operasi kemo radiasi dan saya puas sekali dengan pelayanannya khususnya keahlian suster nya mencari nadi saat kemo dan ambil darahbr tapi saya tidak bisa membandingkan dengan r di indonesia krn saya memang langsung ke penangbryg jelas kalau di penang semua biaya jelas diterangkan diawal sangat membantu penyiapan dana bagi yg tidak punya asuransi,fasilitas,,
cepat sembuh ya bubrsaya penderita ca payudara saya berobat ke penang dari operasi kemo radiasi dan saya puas sekali dengan pelayanannya khususnya keahlian suster nya mencari nadi saat kemo dan ambil darahbr tapi saya tidak bisa membandingkan dengan r di indonesia krn saya memang langsung ke penangbryg jelas kalau di penang semua biaya jelas diterangkan diawal sangat membantu penyiapan dana bagi yg tidak punya asuransi,pelayanan,,
cepat sembuh ya bubrsaya penderita ca payudara saya berobat ke penang dari operasi kemo radiasi dan saya puas sekali dengan pelayanannya khususnya keahlian suster nya mencari nadi saat kemo dan ambil darahbr tapi saya tidak bisa membandingkan dengan r di indonesia krn saya memang langsung ke penangbryg jelas kalau di penang semua biaya jelas diterangkan diawal sangat membantu penyiapan dana bagi yg tidak punya asuransi,aksesibilitas,,
baru denger menit pertama aja udah marah cerita ini bukan omong kosong saya merasakan juga nasabah saya diping pong amp antri untuk konsultasi aja dari jam kapok gak mau lagi urusan sama rumah sakit indonesia kata nasabah saya nasabah saya bukan orang berduit tapi memilih berobat ke penang lim wah ee hospital untuk kanker payudara dia cerita r disana sangat memanusiakan manusia nasabah saya di cek jam sekali tanpa perlu panggil² amp menunggu lama yuk sama² warga indonesia berobat aja ke luar negeri pejabat pemerintah kita aja berobat ke luar negeri juga kok,biaya,,
baru denger menit pertama aja udah marah cerita ini bukan omong kosong saya merasakan juga nasabah saya diping pong amp antri untuk konsultasi aja dari jam kapok gak mau lagi urusan sama rumah sakit indonesia kata nasabah saya nasabah saya bukan orang berduit tapi memilih berobat ke penang lim wah ee hospital untuk kanker payudara dia cerita r disana sangat memanusiakan manusia nasabah saya di cek jam sekali tanpa perlu panggil² amp menunggu lama yuk sama² warga indonesia berobat aja ke luar negeri pejabat pemerintah kita aja berobat ke luar negeri juga kok,fasilitas,,
baru denger menit pertama aja udah marah cerita ini bukan omong kosong saya merasakan juga nasabah saya diping pong amp antri untuk konsultasi aja dari jam kapok gak mau lagi urusan sama rumah sakit indonesia kata nasabah saya nasabah saya bukan orang berduit tapi memilih berobat ke penang lim wah ee hospital untuk kanker payudara dia cerita r disana sangat memanusiakan manusia nasabah saya di cek jam sekali tanpa perlu panggil² amp menunggu lama yuk sama² warga indonesia berobat aja ke luar negeri pejabat pemerintah kita aja berobat ke luar negeri juga kok,pelayanan,,
baru denger menit pertama aja udah marah cerita ini bukan omong kosong saya merasakan juga nasabah saya diping pong amp antri untuk konsultasi aja dari jam kapok gak mau lagi urusan sama rumah sakit indonesia kata nasabah saya nasabah saya bukan orang berduit tapi memilih berobat ke penang lim wah ee hospital untuk kanker payudara dia cerita r disana sangat memanusiakan manusia nasabah saya di cek jam sekali tanpa perlu panggil² amp menunggu lama yuk sama² warga indonesia berobat aja ke luar negeri pejabat pemerintah kita aja berobat ke luar negeri juga kok,aksesibilitas,,
baru denger menit pertama aja udah marah cerita ini bukan omong kosong saya merasakan juga nasabah saya diping pong amp antri untuk konsultasi aja dari jam kapok gak mau lagi urusan sama rumah sakit indonesia kata nasabah saya nasabah saya bukan orang berduit tapi memilih berobat ke penang lim wah ee hospital untuk kanker payudara dia cerita r disana sangat memanusiakan manusia nasabah saya di cek jam sekali tanpa perlu panggil² amp menunggu lama yuk sama² warga indonesia berobat aja ke luar negeri pejabat pemerintah kita aja berobat ke luar negeri juga kok,kualitas_diagnosis,,
dokter di indnesia tdk di awasi shg getol cari uang sebesar nya dan tdk tanggung jwb pd nyswa pasien shg banyak yg pd berobat ke singapura dan penang yg lebih baik tanggung jwb dan harga lebih ramah dgn kantong kita brmaka nya jgn segan terbang ke wilayah penang berobat dari pd di i indonesia yg canggih rogoh kantong pasien canggih nbokong tabungsn org utk di kura tdk tanggung jwb nyawa pasien mulut manis tapi banyak bohong canggih berbohong,biaya,,
dokter di indnesia tdk di awasi shg getol cari uang sebesar nya dan tdk tanggung jwb pd nyswa pasien shg banyak yg pd berobat ke singapura dan penang yg lebih baik tanggung jwb dan harga lebih ramah dgn kantong kita brmaka nya jgn segan terbang ke wilayah penang berobat dari pd di i indonesia yg canggih rogoh kantong pasien canggih nbokong tabungsn org utk di kura tdk tanggung jwb nyawa pasien mulut manis tapi banyak bohong canggih berbohong,fasilitas,,
dokter di indnesia tdk di awasi shg getol cari uang sebesar nya dan tdk tanggung jwb pd nyswa pasien shg banyak yg pd berobat ke singapura dan penang yg lebih baik tanggung jwb dan harga lebih ramah dgn kantong kita brmaka nya jgn segan terbang ke wilayah penang berobat dari pd di i indonesia yg canggih rogoh kantong pasien canggih nbokong tabungsn org utk di kura tdk tanggung jwb nyawa pasien mulut manis tapi banyak bohong canggih berbohong,pelayanan,,
dokter di indnesia tdk di awasi shg getol cari uang sebesar nya dan tdk tanggung jwb pd nyswa pasien shg banyak yg pd berobat ke singapura dan penang yg lebih baik tanggung jwb dan harga lebih ramah dgn kantong kita brmaka nya jgn segan terbang ke wilayah penang berobat dari pd di i indonesia yg canggih rogoh kantong pasien canggih nbokong tabungsn org utk di kura tdk tanggung jwb nyawa pasien mulut manis tapi banyak bohong canggih berbohong,aksesibilitas,,
dokter di indnesia tdk di awasi shg getol cari uang sebesar nya dan tdk tanggung jwb pd nyswa pasien shg banyak yg pd berobat ke singapura dan penang yg lebih baik tanggung jwb dan harga lebih ramah dgn kantong kita brmaka nya jgn segan terbang ke wilayah penang berobat dari pd di i indonesia yg canggih rogoh kantong pasien canggih nbokong tabungsn org utk di kura tdk tanggung jwb nyawa pasien mulut manis tapi banyak bohong canggih berbohong,kualitas_diagnosis,,
ikut prihatin busaya juga prihatin dengan layanan kesehatan di indonesia akhirnya banyak yg memilih pengobatan di luar negeri pdhal banyak pelajar malaysia yang mengambil pendidikan kedokteran di indonesia indonesia lebih baik sebagai tempat belajar tetapi dalam implementasi parah,fasilitas,,
ikut prihatin busaya juga prihatin dengan layanan kesehatan di indonesia akhirnya banyak yg memilih pengobatan di luar negeri pdhal banyak pelajar malaysia yang mengambil pendidikan kedokteran di indonesia indonesia lebih baik sebagai tempat belajar tetapi dalam implementasi parah,pelayanan,,
ikut prihatin busaya juga prihatin dengan layanan kesehatan di indonesia akhirnya banyak yg memilih pengobatan di luar negeri pdhal banyak pelajar malaysia yang mengambil pendidikan kedokteran di indonesia indonesia lebih baik sebagai tempat belajar tetapi dalam implementasi parah,aksesibilitas,,
pa saya tulis komentar ini video ini sudah mendekati k view saya sih cuma takut nanti kalau pemerintah lihat ini yang ada malah akan dikeluarkan quotundang undangquot atau quotkebijakanquot yang akan mempersulit atau bahkan melarang masyarakat untuk berobat ke luar negeri brbrsemoga saya dugaan saya salah ya makin ngeri aja keadaan negara kita ini,fasilitas,,
pa saya tulis komentar ini video ini sudah mendekati k view saya sih cuma takut nanti kalau pemerintah lihat ini yang ada malah akan dikeluarkan quotundang undangquot atau quotkebijakanquot yang akan mempersulit atau bahkan melarang masyarakat untuk berobat ke luar negeri brbrsemoga saya dugaan saya salah ya makin ngeri aja keadaan negara kita ini,pelayanan,,
pa saya tulis komentar ini video ini sudah mendekati k view saya sih cuma takut nanti kalau pemerintah lihat ini yang ada malah akan dikeluarkan quotundang undangquot atau quotkebijakanquot yang akan mempersulit atau bahkan melarang masyarakat untuk berobat ke luar negeri brbrsemoga saya dugaan saya salah ya makin ngeri aja keadaan negara kita ini,aksesibilitas,,
pa saya tulis komentar ini video ini sudah mendekati k view saya sih cuma takut nanti kalau pemerintah lihat ini yang ada malah akan dikeluarkan quotundang undangquot atau quotkebijakanquot yang akan mempersulit atau bahkan melarang masyarakat untuk berobat ke luar negeri brbrsemoga saya dugaan saya salah ya makin ngeri aja keadaan negara kita ini,kualitas_diagnosis,,
aspek humanis ketepatan diagnosis dan kecepatan kerja dokter di malaysia harus kita acungi jempol sudah terlalu banyak cerita dari keluarga dan kerabat saya yang menemukan kesembuhan di malaysia dan singapore karena dari dokter di indo salah diagnosis dan biayanya yang sangat sangat mahal bukannya kita tidak nasionalis tp dari perspektif sbg pasien adalah hak kita mendapatkan perawatan yg baik diagnosis yg tepat dan kesembuhan yg utuh,biaya,,
aspek humanis ketepatan diagnosis dan kecepatan kerja dokter di malaysia harus kita acungi jempol sudah terlalu banyak cerita dari keluarga dan kerabat saya yang menemukan kesembuhan di malaysia dan singapore karena dari dokter di indo salah diagnosis dan biayanya yang sangat sangat mahal bukannya kita tidak nasionalis tp dari perspektif sbg pasien adalah hak kita mendapatkan perawatan yg baik diagnosis yg tepat dan kesembuhan yg utuh,fasilitas,,
aspek humanis ketepatan diagnosis dan kecepatan kerja dokter di malaysia harus kita acungi jempol sudah terlalu banyak cerita dari keluarga dan kerabat saya yang menemukan kesembuhan di malaysia dan singapore karena dari dokter di indo salah diagnosis dan biayanya yang sangat sangat mahal bukannya kita tidak nasionalis tp dari perspektif sbg pasien adalah hak kita mendapatkan perawatan yg baik diagnosis yg tepat dan kesembuhan yg utuh,pelayanan,,
aspek humanis ketepatan diagnosis dan kecepatan kerja dokter di malaysia harus kita acungi jempol sudah terlalu banyak cerita dari keluarga dan kerabat saya yang menemukan kesembuhan di malaysia dan singapore karena dari dokter di indo salah diagnosis dan biayanya yang sangat sangat mahal bukannya kita tidak nasionalis tp dari perspektif sbg pasien adalah hak kita mendapatkan perawatan yg baik diagnosis yg tepat dan kesembuhan yg utuh,kualitas_diagnosis,,
ibu saya juga berobat ke penang,general,,
dokter a hrefhttpindonesiatdkindonesiatdka ada apa nyalah dgn dokter luar negerimakanya orang kaya indonesia pasti berobat ke luar negeri,biaya,,
dokter a hrefhttpindonesiatdkindonesiatdka ada apa nyalah dgn dokter luar negerimakanya orang kaya indonesia pasti berobat ke luar negeri,pelayanan,,
dokter a hrefhttpindonesiatdkindonesiatdka ada apa nyalah dgn dokter luar negerimakanya orang kaya indonesia pasti berobat ke luar negeri,aksesibilitas,,
ibu saya sampe ginjal kronis krn dokter di indonesia padahal ibu saya rematik autoimmune yg kata dokter di malaysia ga perlu diobati internal di indonesia selalu dikasih pereda nyeri dll yg bikin ginjal bonyok dengan cepat parah dokter indonesia btw berobat di malaysia atau singapura sangat murah dibanding di indonesia yg jd cost palingn akomodasi inap aja fck emang layanan kesehatan di indinesia,biaya,,
ibu saya sampe ginjal kronis krn dokter di indonesia padahal ibu saya rematik autoimmune yg kata dokter di malaysia ga perlu diobati internal di indonesia selalu dikasih pereda nyeri dll yg bikin ginjal bonyok dengan cepat parah dokter indonesia btw berobat di malaysia atau singapura sangat murah dibanding di indonesia yg jd cost palingn akomodasi inap aja fck emang layanan kesehatan di indinesia,pelayanan,,
ibu saya sampe ginjal kronis krn dokter di indonesia padahal ibu saya rematik autoimmune yg kata dokter di malaysia ga perlu diobati internal di indonesia selalu dikasih pereda nyeri dll yg bikin ginjal bonyok dengan cepat parah dokter indonesia btw berobat di malaysia atau singapura sangat murah dibanding di indonesia yg jd cost palingn akomodasi inap aja fck emang layanan kesehatan di indinesia,aksesibilitas,,
inilah cara dokter² di r indonesia menangani pasien dan itu juga yg bikin banyak orang indonesia pergi berobat ke luar negeri bila di survey mgkn semua orang yg mampu pasti berobat ke luar negeri dan itu juga yg membuat negara sudah rugi ratusan trilyun karena banyak uang dari dalam negeri kita dibawa ke luar negeri dan dibelanjakan di sanabrmaka satu²nya jalan adalah berdoa kepada tuhan yang maha kuasa minta tolong dibukakan pintu hati para dokter kita agar diberi terang hatinya jauhkan dari kegelapan setan,biaya,,
inilah cara dokter² di r indonesia menangani pasien dan itu juga yg bikin banyak orang indonesia pergi berobat ke luar negeri bila di survey mgkn semua orang yg mampu pasti berobat ke luar negeri dan itu juga yg membuat negara sudah rugi ratusan trilyun karena banyak uang dari dalam negeri kita dibawa ke luar negeri dan dibelanjakan di sanabrmaka satu²nya jalan adalah berdoa kepada tuhan yang maha kuasa minta tolong dibukakan pintu hati para dokter kita agar diberi terang hatinya jauhkan dari kegelapan setan,pelayanan,,
inilah cara dokter² di r indonesia menangani pasien dan itu juga yg bikin banyak orang indonesia pergi berobat ke luar negeri bila di survey mgkn semua orang yg mampu pasti berobat ke luar negeri dan itu juga yg membuat negara sudah rugi ratusan trilyun karena banyak uang dari dalam negeri kita dibawa ke luar negeri dan dibelanjakan di sanabrmaka satu²nya jalan adalah berdoa kepada tuhan yang maha kuasa minta tolong dibukakan pintu hati para dokter kita agar diberi terang hatinya jauhkan dari kegelapan setan,aksesibilitas,,
presiden kita ngomong mengenai divisa negara yang menghilang karena pada milih berobat ke luar negeri tapi gak pernah koreksi diri sendiri kenapa orangorang lebih memilih untuk berobat ke singapore atau malaysia ketimbang di negara sendiri,general,,
saya turut prihatin dengan yg ibu alami saya salut dgn keberanian ibu utk membagikan apa yg sudah ibu alami saya juga org yg sdh ber kali berobat tanpa saran dan tanpa solusi atas penyakit lambung saya akhirnya karna udh bosan kedr r saya beli obat ditoko obat kecil yg pemiliknya ngerti penyakit di ampeta jkt dan cari info dr youtube sp skr saya sehat selanjutnya lg planing utk cek up dan berobat ke penang kucing malaysia,pelayanan,,
saya turut prihatin dengan yg ibu alami saya salut dgn keberanian ibu utk membagikan apa yg sudah ibu alami saya juga org yg sdh ber kali berobat tanpa saran dan tanpa solusi atas penyakit lambung saya akhirnya karna udh bosan kedr r saya beli obat ditoko obat kecil yg pemiliknya ngerti penyakit di ampeta jkt dan cari info dr youtube sp skr saya sehat selanjutnya lg planing utk cek up dan berobat ke penang kucing malaysia,kualitas_diagnosis,,
dokter di malaysia paling baik dan bertanggung jawab mereka sangat baik,fasilitas,,
dokter di malaysia paling baik dan bertanggung jawab mereka sangat baik,pelayanan,,
bener ini relate bgt makanya saya ajak mama mcu dan berobat ke penang kl dan malaka jauh sekali bedanya pelayanan dokter dan perawatnya,pelayanan,,
bener ini relate bgt makanya saya ajak mama mcu dan berobat ke penang kl dan malaka jauh sekali bedanya pelayanan dokter dan perawatnya,aksesibilitas,,
di konoha ada uang bisa jdi dokter jdi kualitas dokter kurang bagus berobat ke penang aja lebih bagus dan manusiawi melayani pasien,biaya,,
di konoha ada uang bisa jdi dokter jdi kualitas dokter kurang bagus berobat ke penang aja lebih bagus dan manusiawi melayani pasien,fasilitas,,
di konoha ada uang bisa jdi dokter jdi kualitas dokter kurang bagus berobat ke penang aja lebih bagus dan manusiawi melayani pasien,pelayanan,,
di konoha ada uang bisa jdi dokter jdi kualitas dokter kurang bagus berobat ke penang aja lebih bagus dan manusiawi melayani pasien,kualitas_diagnosis,,
shalombrjangan sekali menggunakan asuransi utk berobat dengan special treatment di indonesiaapalagi bpjsbrbrkrn kebanyakan r di indonesia lebih mengutamakan pelayanan yg sifatnya massal dan lebih melayani masyarakat menengah kebawahbrdokternya pun juga sdh terbiasa dengan kondisi lingkungan yg buruk dan peralatan yg serba terbatasbrbritu mengapa pilihan ibu yg punya dana berlebih sdh tepat berobat ke luar negeribrbrspecial treatment special value special price special next treatment foreverbrbrsemoga lekas sembuh,biaya,,
shalombrjangan sekali menggunakan asuransi utk berobat dengan special treatment di indonesiaapalagi bpjsbrbrkrn kebanyakan r di indonesia lebih mengutamakan pelayanan yg sifatnya massal dan lebih melayani masyarakat menengah kebawahbrdokternya pun juga sdh terbiasa dengan kondisi lingkungan yg buruk dan peralatan yg serba terbatasbrbritu mengapa pilihan ibu yg punya dana berlebih sdh tepat berobat ke luar negeribrbrspecial treatment special value special price special next treatment foreverbrbrsemoga lekas sembuh,fasilitas,,
shalombrjangan sekali menggunakan asuransi utk berobat dengan special treatment di indonesiaapalagi bpjsbrbrkrn kebanyakan r di indonesia lebih mengutamakan pelayanan yg sifatnya massal dan lebih melayani masyarakat menengah kebawahbrdokternya pun juga sdh terbiasa dengan kondisi lingkungan yg buruk dan peralatan yg serba terbatasbrbritu mengapa pilihan ibu yg punya dana berlebih sdh tepat berobat ke luar negeribrbrspecial treatment special value special price special next treatment foreverbrbrsemoga lekas sembuh,pelayanan,,
shalombrjangan sekali menggunakan asuransi utk berobat dengan special treatment di indonesiaapalagi bpjsbrbrkrn kebanyakan r di indonesia lebih mengutamakan pelayanan yg sifatnya massal dan lebih melayani masyarakat menengah kebawahbrdokternya pun juga sdh terbiasa dengan kondisi lingkungan yg buruk dan peralatan yg serba terbatasbrbritu mengapa pilihan ibu yg punya dana berlebih sdh tepat berobat ke luar negeribrbrspecial treatment special value special price special next treatment foreverbrbrsemoga lekas sembuh,aksesibilitas,,
shalombrjangan sekali menggunakan asuransi utk berobat dengan special treatment di indonesiaapalagi bpjsbrbrkrn kebanyakan r di indonesia lebih mengutamakan pelayanan yg sifatnya massal dan lebih melayani masyarakat menengah kebawahbrdokternya pun juga sdh terbiasa dengan kondisi lingkungan yg buruk dan peralatan yg serba terbatasbrbritu mengapa pilihan ibu yg punya dana berlebih sdh tepat berobat ke luar negeribrbrspecial treatment special value special price special next treatment foreverbrbrsemoga lekas sembuh,kualitas_diagnosis,,
kalau orang medansudah sejak dari dulu berobat ke penang malaysia penyakit cepatdiidentifikasi dengan peralatan yang lengkap dan modern,fasilitas,,
kalau orang medansudah sejak dari dulu berobat ke penang malaysia penyakit cepatdiidentifikasi dengan peralatan yang lengkap dan modern,pelayanan,,
kalau orang medansudah sejak dari dulu berobat ke penang malaysia penyakit cepatdiidentifikasi dengan peralatan yang lengkap dan modern,kualitas_diagnosis,,
iya kita juga pernah mempunyai pengalaman yg gak begitu sregbrjadi saya maupun keluarga berobat ke penangpelayanan sangat cepatdokter akan mengarahkan dng sangat cepat kalau memang itu bukan ahlinya,pelayanan,,
makanya mengapa boyke orang yg keluar negeri lpengobatan di luar negeri gak pengobatan diindonesia parah sel diindonesia,aksesibilitas,,
dokter di indonesia terbiasa mengikuti prosedur amp pengobatan yang ditanggung oleh asuransi sehingga mereka tidak leluasa mengembangkan keahliannya atau meresepkan obat di luar yang ditanggung oleh asuransi prosedur amp obat yang lebih ampuh belum tentu ditanggung oleh asuransi karena mahal sementara pasien indonesia kebanyakan tanggungan asuransi jadi kalau punya uang mending langsung berobat ke luar negeri,biaya,,
dokter di indonesia terbiasa mengikuti prosedur amp pengobatan yang ditanggung oleh asuransi sehingga mereka tidak leluasa mengembangkan keahliannya atau meresepkan obat di luar yang ditanggung oleh asuransi prosedur amp obat yang lebih ampuh belum tentu ditanggung oleh asuransi karena mahal sementara pasien indonesia kebanyakan tanggungan asuransi jadi kalau punya uang mending langsung berobat ke luar negeri,pelayanan,,
dokter di indonesia terbiasa mengikuti prosedur amp pengobatan yang ditanggung oleh asuransi sehingga mereka tidak leluasa mengembangkan keahliannya atau meresepkan obat di luar yang ditanggung oleh asuransi prosedur amp obat yang lebih ampuh belum tentu ditanggung oleh asuransi karena mahal sementara pasien indonesia kebanyakan tanggungan asuransi jadi kalau punya uang mending langsung berobat ke luar negeri,aksesibilitas,,
terimakasih sudah speak up bu saya juga punya banyak pengalaman buruk dengan rumah sakit dan dokter di indonesia brbrtante saya masuk rumah sakit tanpa cacat pulangnya lumpuh seumur hidup sampai waktu dia meninggal dunia dokter ampr rumah sakit cuci tangan brbrkeluarga saya kesakitan gak bisa duduk karena sakit ginjal harus operasi dan awalnya masuk igd sudah menunggu lebih setengah hari gak dapat bed bukan karena gak ada bed kosong tapi karena tiap ada bed kosong di isi sama pasien yang baru datang dan pasien yang datang dari pagi sekali di cuekin saya tanya ke perawat nya lalu responya bed sudah penuh dan pasien kan sudah di kasih obat penenang dan rasa sakit jadi sudah tidak prioritas lagi untuk dapat bed padahal pasien yg baru masuk igd itu ada yang cuma karena mual pusing dan hitungan jam bisa langsung pulang tapi mereka bisa dapat bed saya hadap lagi dong sama suster nya dia jawab kalau begitu kenapa bapak gak ambil bed nya saja dari awal kita kan gak tahu dalam hati saya kesal kalau tahu pasien bisa berebut bed igd dari pagi saya sudah tempatin keluarga saya di bed yg baru kosong kenapa mereka sudah sampai sore baru ngomong sekarang kalau boleh begitubrbrbayangin aja kalau misalnya ada pasien kesakitan karena bleeding parah komplain ke tenaga medis responya sudah di kasih obat nyeri pasien kan sudah gak kesakitan lagi jadi gak prioritas bisa mati duluan tuh pasien kehabisan darahbrbrada yang unik juga waktu di igd tuh sesama perawat ribut adu mulut di depan kita ngomong nya pasien kalian sudah edukasi gak kalian gak tahu kalau bed penuh bla bla bla dalam hati saya kita pasien gak sebodoh itu juga kita bisa bedakan kalau bed itu masih kosong atau berisi dan di isi pasien baru masuk atau pasien yang menunggu jadi dia ngomong seakan akan pasien yang gak paham kalau bed nya penuh kok malah kita yang salah cuma karena mereka ngomong antar perawat jadi saya gak main masuk aja ke percakapannya jelas kesal sekali waktu itu saya dan saya cukup sabar untuk gak ngomel tapi saya pelototin terus tu perawat yang ngomong begitu sampai hari menjelang malam brbrada lagi kejadian waktu saya bawa adik mau cabut gigi jadi mungkin rumah sakit nya punya prosedur harus edukasi pasien mengenai resiko dan wajib dapat persetujuan pasien jadi saya jawab karena saya awam dengan dunia medis saya minta bantuannya dok prosedur mana yang minim resiko dokternya jawab itu bukan saya yg tentukan semua prosedur ada resikonya kamu yg harus pilih saya tanya ulang lagi kan jawabnya muter muter di situ juga dalam hati saya ini dokter dan rumah sakit pasti lah tahu prosedur mana yg minim resikonya tapi kok gak mau nyebut resiko cabut gigi setahu saya juga cendrung ringan tapi kok seperti maksa keluarga pasien yang milih prosedur dan menyetujuinya dulu gitu sih kebetulan sampai sekarang belum di operasi karena jadwalnya bulan depan jujur saya bingung tetap bawa ke dokter itu gak ya brbrkebetulan saya pernah punya pengalaman beberapa kali berobat di luar negri kalau edukasi pasti ada juga sih tapi kalau prosedur yang resiko cukup ringan biasanya dokter malah nganjurin dia ngomong kamu tenang aja kamu datang dari jauh kita kasih yang terbaik resiko operasinya ringan kalau ada apa apa sama kamu kita tanggung jawab bedanya sama dokter dan rumah sakit di indonesiabrbrapa mungkin sekarang ini edukasi dan persetujuan resiko ini menjadi modus untuk melindungi dokter dan rumah sakit di indonesia untuk cuci tangan kalau terjadi hal buruk brbrapa mungkin industri kesehatan di indonesia memang begitu ya berdagang barang dan jasa tapi tidak mau menanggung resiko resiko di tanggung pembeli industri jasa perbengkelan saja kalau kendaraan customer masih rusak mereka siap tanggung jawab industri pertambangan pun mereka di tuntut untuk menanggung resiko kerusakan lingkungan industri perdagangan produksi produk mereka harus melindungi customer dengan memberikan garansi kalau industri kesehatan kelihatannya mau terima proyek tapi gak mau terima resiko dan tanggung jawabbrbrkalau soal pelayanan pengalaman tenaga medis dokter dan rumah sakit di luar negeri sana memang jauh lebih memuaskan dari pada di indonesia pasien di tangani betul betul di indonesia pasien mengeluh apa langsung keluar diagnosis tanpa di cek apa pun sentuh pasien sedikitpun kadang gak ada menit masuk ruangan dokter selesai ntah ini karena dokter di indonesia terlalu jago atau bagaimana,biaya,,
terimakasih sudah speak up bu saya juga punya banyak pengalaman buruk dengan rumah sakit dan dokter di indonesia brbrtante saya masuk rumah sakit tanpa cacat pulangnya lumpuh seumur hidup sampai waktu dia meninggal dunia dokter ampr rumah sakit cuci tangan brbrkeluarga saya kesakitan gak bisa duduk karena sakit ginjal harus operasi dan awalnya masuk igd sudah menunggu lebih setengah hari gak dapat bed bukan karena gak ada bed kosong tapi karena tiap ada bed kosong di isi sama pasien yang baru datang dan pasien yang datang dari pagi sekali di cuekin saya tanya ke perawat nya lalu responya bed sudah penuh dan pasien kan sudah di kasih obat penenang dan rasa sakit jadi sudah tidak prioritas lagi untuk dapat bed padahal pasien yg baru masuk igd itu ada yang cuma karena mual pusing dan hitungan jam bisa langsung pulang tapi mereka bisa dapat bed saya hadap lagi dong sama suster nya dia jawab kalau begitu kenapa bapak gak ambil bed nya saja dari awal kita kan gak tahu dalam hati saya kesal kalau tahu pasien bisa berebut bed igd dari pagi saya sudah tempatin keluarga saya di bed yg baru kosong kenapa mereka sudah sampai sore baru ngomong sekarang kalau boleh begitubrbrbayangin aja kalau misalnya ada pasien kesakitan karena bleeding parah komplain ke tenaga medis responya sudah di kasih obat nyeri pasien kan sudah gak kesakitan lagi jadi gak prioritas bisa mati duluan tuh pasien kehabisan darahbrbrada yang unik juga waktu di igd tuh sesama perawat ribut adu mulut di depan kita ngomong nya pasien kalian sudah edukasi gak kalian gak tahu kalau bed penuh bla bla bla dalam hati saya kita pasien gak sebodoh itu juga kita bisa bedakan kalau bed itu masih kosong atau berisi dan di isi pasien baru masuk atau pasien yang menunggu jadi dia ngomong seakan akan pasien yang gak paham kalau bed nya penuh kok malah kita yang salah cuma karena mereka ngomong antar perawat jadi saya gak main masuk aja ke percakapannya jelas kesal sekali waktu itu saya dan saya cukup sabar untuk gak ngomel tapi saya pelototin terus tu perawat yang ngomong begitu sampai hari menjelang malam brbrada lagi kejadian waktu saya bawa adik mau cabut gigi jadi mungkin rumah sakit nya punya prosedur harus edukasi pasien mengenai resiko dan wajib dapat persetujuan pasien jadi saya jawab karena saya awam dengan dunia medis saya minta bantuannya dok prosedur mana yang minim resiko dokternya jawab itu bukan saya yg tentukan semua prosedur ada resikonya kamu yg harus pilih saya tanya ulang lagi kan jawabnya muter muter di situ juga dalam hati saya ini dokter dan rumah sakit pasti lah tahu prosedur mana yg minim resikonya tapi kok gak mau nyebut resiko cabut gigi setahu saya juga cendrung ringan tapi kok seperti maksa keluarga pasien yang milih prosedur dan menyetujuinya dulu gitu sih kebetulan sampai sekarang belum di operasi karena jadwalnya bulan depan jujur saya bingung tetap bawa ke dokter itu gak ya brbrkebetulan saya pernah punya pengalaman beberapa kali berobat di luar negri kalau edukasi pasti ada juga sih tapi kalau prosedur yang resiko cukup ringan biasanya dokter malah nganjurin dia ngomong kamu tenang aja kamu datang dari jauh kita kasih yang terbaik resiko operasinya ringan kalau ada apa apa sama kamu kita tanggung jawab bedanya sama dokter dan rumah sakit di indonesiabrbrapa mungkin sekarang ini edukasi dan persetujuan resiko ini menjadi modus untuk melindungi dokter dan rumah sakit di indonesia untuk cuci tangan kalau terjadi hal buruk brbrapa mungkin industri kesehatan di indonesia memang begitu ya berdagang barang dan jasa tapi tidak mau menanggung resiko resiko di tanggung pembeli industri jasa perbengkelan saja kalau kendaraan customer masih rusak mereka siap tanggung jawab industri pertambangan pun mereka di tuntut untuk menanggung resiko kerusakan lingkungan industri perdagangan produksi produk mereka harus melindungi customer dengan memberikan garansi kalau industri kesehatan kelihatannya mau terima proyek tapi gak mau terima resiko dan tanggung jawabbrbrkalau soal pelayanan pengalaman tenaga medis dokter dan rumah sakit di luar negeri sana memang jauh lebih memuaskan dari pada di indonesia pasien di tangani betul betul di indonesia pasien mengeluh apa langsung keluar diagnosis tanpa di cek apa pun sentuh pasien sedikitpun kadang gak ada menit masuk ruangan dokter selesai ntah ini karena dokter di indonesia terlalu jago atau bagaimana,fasilitas,,
terimakasih sudah speak up bu saya juga punya banyak pengalaman buruk dengan rumah sakit dan dokter di indonesia brbrtante saya masuk rumah sakit tanpa cacat pulangnya lumpuh seumur hidup sampai waktu dia meninggal dunia dokter ampr rumah sakit cuci tangan brbrkeluarga saya kesakitan gak bisa duduk karena sakit ginjal harus operasi dan awalnya masuk igd sudah menunggu lebih setengah hari gak dapat bed bukan karena gak ada bed kosong tapi karena tiap ada bed kosong di isi sama pasien yang baru datang dan pasien yang datang dari pagi sekali di cuekin saya tanya ke perawat nya lalu responya bed sudah penuh dan pasien kan sudah di kasih obat penenang dan rasa sakit jadi sudah tidak prioritas lagi untuk dapat bed padahal pasien yg baru masuk igd itu ada yang cuma karena mual pusing dan hitungan jam bisa langsung pulang tapi mereka bisa dapat bed saya hadap lagi dong sama suster nya dia jawab kalau begitu kenapa bapak gak ambil bed nya saja dari awal kita kan gak tahu dalam hati saya kesal kalau tahu pasien bisa berebut bed igd dari pagi saya sudah tempatin keluarga saya di bed yg baru kosong kenapa mereka sudah sampai sore baru ngomong sekarang kalau boleh begitubrbrbayangin aja kalau misalnya ada pasien kesakitan karena bleeding parah komplain ke tenaga medis responya sudah di kasih obat nyeri pasien kan sudah gak kesakitan lagi jadi gak prioritas bisa mati duluan tuh pasien kehabisan darahbrbrada yang unik juga waktu di igd tuh sesama perawat ribut adu mulut di depan kita ngomong nya pasien kalian sudah edukasi gak kalian gak tahu kalau bed penuh bla bla bla dalam hati saya kita pasien gak sebodoh itu juga kita bisa bedakan kalau bed itu masih kosong atau berisi dan di isi pasien baru masuk atau pasien yang menunggu jadi dia ngomong seakan akan pasien yang gak paham kalau bed nya penuh kok malah kita yang salah cuma karena mereka ngomong antar perawat jadi saya gak main masuk aja ke percakapannya jelas kesal sekali waktu itu saya dan saya cukup sabar untuk gak ngomel tapi saya pelototin terus tu perawat yang ngomong begitu sampai hari menjelang malam brbrada lagi kejadian waktu saya bawa adik mau cabut gigi jadi mungkin rumah sakit nya punya prosedur harus edukasi pasien mengenai resiko dan wajib dapat persetujuan pasien jadi saya jawab karena saya awam dengan dunia medis saya minta bantuannya dok prosedur mana yang minim resiko dokternya jawab itu bukan saya yg tentukan semua prosedur ada resikonya kamu yg harus pilih saya tanya ulang lagi kan jawabnya muter muter di situ juga dalam hati saya ini dokter dan rumah sakit pasti lah tahu prosedur mana yg minim resikonya tapi kok gak mau nyebut resiko cabut gigi setahu saya juga cendrung ringan tapi kok seperti maksa keluarga pasien yang milih prosedur dan menyetujuinya dulu gitu sih kebetulan sampai sekarang belum di operasi karena jadwalnya bulan depan jujur saya bingung tetap bawa ke dokter itu gak ya brbrkebetulan saya pernah punya pengalaman beberapa kali berobat di luar negri kalau edukasi pasti ada juga sih tapi kalau prosedur yang resiko cukup ringan biasanya dokter malah nganjurin dia ngomong kamu tenang aja kamu datang dari jauh kita kasih yang terbaik resiko operasinya ringan kalau ada apa apa sama kamu kita tanggung jawab bedanya sama dokter dan rumah sakit di indonesiabrbrapa mungkin sekarang ini edukasi dan persetujuan resiko ini menjadi modus untuk melindungi dokter dan rumah sakit di indonesia untuk cuci tangan kalau terjadi hal buruk brbrapa mungkin industri kesehatan di indonesia memang begitu ya berdagang barang dan jasa tapi tidak mau menanggung resiko resiko di tanggung pembeli industri jasa perbengkelan saja kalau kendaraan customer masih rusak mereka siap tanggung jawab industri pertambangan pun mereka di tuntut untuk menanggung resiko kerusakan lingkungan industri perdagangan produksi produk mereka harus melindungi customer dengan memberikan garansi kalau industri kesehatan kelihatannya mau terima proyek tapi gak mau terima resiko dan tanggung jawabbrbrkalau soal pelayanan pengalaman tenaga medis dokter dan rumah sakit di luar negeri sana memang jauh lebih memuaskan dari pada di indonesia pasien di tangani betul betul di indonesia pasien mengeluh apa langsung keluar diagnosis tanpa di cek apa pun sentuh pasien sedikitpun kadang gak ada menit masuk ruangan dokter selesai ntah ini karena dokter di indonesia terlalu jago atau bagaimana,pelayanan,,
terimakasih sudah speak up bu saya juga punya banyak pengalaman buruk dengan rumah sakit dan dokter di indonesia brbrtante saya masuk rumah sakit tanpa cacat pulangnya lumpuh seumur hidup sampai waktu dia meninggal dunia dokter ampr rumah sakit cuci tangan brbrkeluarga saya kesakitan gak bisa duduk karena sakit ginjal harus operasi dan awalnya masuk igd sudah menunggu lebih setengah hari gak dapat bed bukan karena gak ada bed kosong tapi karena tiap ada bed kosong di isi sama pasien yang baru datang dan pasien yang datang dari pagi sekali di cuekin saya tanya ke perawat nya lalu responya bed sudah penuh dan pasien kan sudah di kasih obat penenang dan rasa sakit jadi sudah tidak prioritas lagi untuk dapat bed padahal pasien yg baru masuk igd itu ada yang cuma karena mual pusing dan hitungan jam bisa langsung pulang tapi mereka bisa dapat bed saya hadap lagi dong sama suster nya dia jawab kalau begitu kenapa bapak gak ambil bed nya saja dari awal kita kan gak tahu dalam hati saya kesal kalau tahu pasien bisa berebut bed igd dari pagi saya sudah tempatin keluarga saya di bed yg baru kosong kenapa mereka sudah sampai sore baru ngomong sekarang kalau boleh begitubrbrbayangin aja kalau misalnya ada pasien kesakitan karena bleeding parah komplain ke tenaga medis responya sudah di kasih obat nyeri pasien kan sudah gak kesakitan lagi jadi gak prioritas bisa mati duluan tuh pasien kehabisan darahbrbrada yang unik juga waktu di igd tuh sesama perawat ribut adu mulut di depan kita ngomong nya pasien kalian sudah edukasi gak kalian gak tahu kalau bed penuh bla bla bla dalam hati saya kita pasien gak sebodoh itu juga kita bisa bedakan kalau bed itu masih kosong atau berisi dan di isi pasien baru masuk atau pasien yang menunggu jadi dia ngomong seakan akan pasien yang gak paham kalau bed nya penuh kok malah kita yang salah cuma karena mereka ngomong antar perawat jadi saya gak main masuk aja ke percakapannya jelas kesal sekali waktu itu saya dan saya cukup sabar untuk gak ngomel tapi saya pelototin terus tu perawat yang ngomong begitu sampai hari menjelang malam brbrada lagi kejadian waktu saya bawa adik mau cabut gigi jadi mungkin rumah sakit nya punya prosedur harus edukasi pasien mengenai resiko dan wajib dapat persetujuan pasien jadi saya jawab karena saya awam dengan dunia medis saya minta bantuannya dok prosedur mana yang minim resiko dokternya jawab itu bukan saya yg tentukan semua prosedur ada resikonya kamu yg harus pilih saya tanya ulang lagi kan jawabnya muter muter di situ juga dalam hati saya ini dokter dan rumah sakit pasti lah tahu prosedur mana yg minim resikonya tapi kok gak mau nyebut resiko cabut gigi setahu saya juga cendrung ringan tapi kok seperti maksa keluarga pasien yang milih prosedur dan menyetujuinya dulu gitu sih kebetulan sampai sekarang belum di operasi karena jadwalnya bulan depan jujur saya bingung tetap bawa ke dokter itu gak ya brbrkebetulan saya pernah punya pengalaman beberapa kali berobat di luar negri kalau edukasi pasti ada juga sih tapi kalau prosedur yang resiko cukup ringan biasanya dokter malah nganjurin dia ngomong kamu tenang aja kamu datang dari jauh kita kasih yang terbaik resiko operasinya ringan kalau ada apa apa sama kamu kita tanggung jawab bedanya sama dokter dan rumah sakit di indonesiabrbrapa mungkin sekarang ini edukasi dan persetujuan resiko ini menjadi modus untuk melindungi dokter dan rumah sakit di indonesia untuk cuci tangan kalau terjadi hal buruk brbrapa mungkin industri kesehatan di indonesia memang begitu ya berdagang barang dan jasa tapi tidak mau menanggung resiko resiko di tanggung pembeli industri jasa perbengkelan saja kalau kendaraan customer masih rusak mereka siap tanggung jawab industri pertambangan pun mereka di tuntut untuk menanggung resiko kerusakan lingkungan industri perdagangan produksi produk mereka harus melindungi customer dengan memberikan garansi kalau industri kesehatan kelihatannya mau terima proyek tapi gak mau terima resiko dan tanggung jawabbrbrkalau soal pelayanan pengalaman tenaga medis dokter dan rumah sakit di luar negeri sana memang jauh lebih memuaskan dari pada di indonesia pasien di tangani betul betul di indonesia pasien mengeluh apa langsung keluar diagnosis tanpa di cek apa pun sentuh pasien sedikitpun kadang gak ada menit masuk ruangan dokter selesai ntah ini karena dokter di indonesia terlalu jago atau bagaimana,aksesibilitas,,
terimakasih sudah speak up bu saya juga punya banyak pengalaman buruk dengan rumah sakit dan dokter di indonesia brbrtante saya masuk rumah sakit tanpa cacat pulangnya lumpuh seumur hidup sampai waktu dia meninggal dunia dokter ampr rumah sakit cuci tangan brbrkeluarga saya kesakitan gak bisa duduk karena sakit ginjal harus operasi dan awalnya masuk igd sudah menunggu lebih setengah hari gak dapat bed bukan karena gak ada bed kosong tapi karena tiap ada bed kosong di isi sama pasien yang baru datang dan pasien yang datang dari pagi sekali di cuekin saya tanya ke perawat nya lalu responya bed sudah penuh dan pasien kan sudah di kasih obat penenang dan rasa sakit jadi sudah tidak prioritas lagi untuk dapat bed padahal pasien yg baru masuk igd itu ada yang cuma karena mual pusing dan hitungan jam bisa langsung pulang tapi mereka bisa dapat bed saya hadap lagi dong sama suster nya dia jawab kalau begitu kenapa bapak gak ambil bed nya saja dari awal kita kan gak tahu dalam hati saya kesal kalau tahu pasien bisa berebut bed igd dari pagi saya sudah tempatin keluarga saya di bed yg baru kosong kenapa mereka sudah sampai sore baru ngomong sekarang kalau boleh begitubrbrbayangin aja kalau misalnya ada pasien kesakitan karena bleeding parah komplain ke tenaga medis responya sudah di kasih obat nyeri pasien kan sudah gak kesakitan lagi jadi gak prioritas bisa mati duluan tuh pasien kehabisan darahbrbrada yang unik juga waktu di igd tuh sesama perawat ribut adu mulut di depan kita ngomong nya pasien kalian sudah edukasi gak kalian gak tahu kalau bed penuh bla bla bla dalam hati saya kita pasien gak sebodoh itu juga kita bisa bedakan kalau bed itu masih kosong atau berisi dan di isi pasien baru masuk atau pasien yang menunggu jadi dia ngomong seakan akan pasien yang gak paham kalau bed nya penuh kok malah kita yang salah cuma karena mereka ngomong antar perawat jadi saya gak main masuk aja ke percakapannya jelas kesal sekali waktu itu saya dan saya cukup sabar untuk gak ngomel tapi saya pelototin terus tu perawat yang ngomong begitu sampai hari menjelang malam brbrada lagi kejadian waktu saya bawa adik mau cabut gigi jadi mungkin rumah sakit nya punya prosedur harus edukasi pasien mengenai resiko dan wajib dapat persetujuan pasien jadi saya jawab karena saya awam dengan dunia medis saya minta bantuannya dok prosedur mana yang minim resiko dokternya jawab itu bukan saya yg tentukan semua prosedur ada resikonya kamu yg harus pilih saya tanya ulang lagi kan jawabnya muter muter di situ juga dalam hati saya ini dokter dan rumah sakit pasti lah tahu prosedur mana yg minim resikonya tapi kok gak mau nyebut resiko cabut gigi setahu saya juga cendrung ringan tapi kok seperti maksa keluarga pasien yang milih prosedur dan menyetujuinya dulu gitu sih kebetulan sampai sekarang belum di operasi karena jadwalnya bulan depan jujur saya bingung tetap bawa ke dokter itu gak ya brbrkebetulan saya pernah punya pengalaman beberapa kali berobat di luar negri kalau edukasi pasti ada juga sih tapi kalau prosedur yang resiko cukup ringan biasanya dokter malah nganjurin dia ngomong kamu tenang aja kamu datang dari jauh kita kasih yang terbaik resiko operasinya ringan kalau ada apa apa sama kamu kita tanggung jawab bedanya sama dokter dan rumah sakit di indonesiabrbrapa mungkin sekarang ini edukasi dan persetujuan resiko ini menjadi modus untuk melindungi dokter dan rumah sakit di indonesia untuk cuci tangan kalau terjadi hal buruk brbrapa mungkin industri kesehatan di indonesia memang begitu ya berdagang barang dan jasa tapi tidak mau menanggung resiko resiko di tanggung pembeli industri jasa perbengkelan saja kalau kendaraan customer masih rusak mereka siap tanggung jawab industri pertambangan pun mereka di tuntut untuk menanggung resiko kerusakan lingkungan industri perdagangan produksi produk mereka harus melindungi customer dengan memberikan garansi kalau industri kesehatan kelihatannya mau terima proyek tapi gak mau terima resiko dan tanggung jawabbrbrkalau soal pelayanan pengalaman tenaga medis dokter dan rumah sakit di luar negeri sana memang jauh lebih memuaskan dari pada di indonesia pasien di tangani betul betul di indonesia pasien mengeluh apa langsung keluar diagnosis tanpa di cek apa pun sentuh pasien sedikitpun kadang gak ada menit masuk ruangan dokter selesai ntah ini karena dokter di indonesia terlalu jago atau bagaimana,kualitas_diagnosis,,
tks ibu atas kesaksiannya ini hr menjadi perhatian pemerintah indonesia terutama menteri segala urusan si lbp saat sakit malah lari berobat ke singapura sebenarnya dia punya tugas urus rumah sakit di indonesia spy pelayanannya baik sprti di malaysia dan singapura,fasilitas,,
tks ibu atas kesaksiannya ini hr menjadi perhatian pemerintah indonesia terutama menteri segala urusan si lbp saat sakit malah lari berobat ke singapura sebenarnya dia punya tugas urus rumah sakit di indonesia spy pelayanannya baik sprti di malaysia dan singapura,pelayanan,,
tks ibu atas kesaksiannya ini hr menjadi perhatian pemerintah indonesia terutama menteri segala urusan si lbp saat sakit malah lari berobat ke singapura sebenarnya dia punya tugas urus rumah sakit di indonesia spy pelayanannya baik sprti di malaysia dan singapura,aksesibilitas,,
tks ibu atas kesaksiannya ini hr menjadi perhatian pemerintah indonesia terutama menteri segala urusan si lbp saat sakit malah lari berobat ke singapura sebenarnya dia punya tugas urus rumah sakit di indonesia spy pelayanannya baik sprti di malaysia dan singapura,kualitas_diagnosis,,
klau dokter di malaysia hebat amp profesional mereka dulu waktu kuliah betul jadi dokter bukan sok gayaan jadi jadi dokter,pelayanan,,
klau dokter di malaysia hebat amp profesional mereka dulu waktu kuliah betul jadi dokter bukan sok gayaan jadi jadi dokter,kualitas_diagnosis,,
makanya para elit pejabatnya berobat ke luar negeriemang mereka percaya dgn rumah sakit dan dokter di sini,biaya,,
makanya para elit pejabatnya berobat ke luar negeriemang mereka percaya dgn rumah sakit dan dokter di sini,fasilitas,,
makanya para elit pejabatnya berobat ke luar negeriemang mereka percaya dgn rumah sakit dan dokter di sini,pelayanan,,
semoga viral seviralnya ya sampe presiden biar tau kenapa orang itu berobat ke luar negeri karena ini kalau bukan pejabat dan berobat di indonesia bisa mati,biaya,,
semoga viral seviralnya ya sampe presiden biar tau kenapa orang itu berobat ke luar negeri karena ini kalau bukan pejabat dan berobat di indonesia bisa mati,pelayanan,,
semoga viral seviralnya ya sampe presiden biar tau kenapa orang itu berobat ke luar negeri karena ini kalau bukan pejabat dan berobat di indonesia bisa mati,aksesibilitas,,
sgt setuju sekali terutama menteri segala urusan si lbp saat sakit malah lari berobat ke singapura sebenarnya dia punya tugas urus rumah sakit di indonesia spy pelayanannya baik sprti di malaysia dan singapura,fasilitas,,
sgt setuju sekali terutama menteri segala urusan si lbp saat sakit malah lari berobat ke singapura sebenarnya dia punya tugas urus rumah sakit di indonesia spy pelayanannya baik sprti di malaysia dan singapura,pelayanan,,
sgt setuju sekali terutama menteri segala urusan si lbp saat sakit malah lari berobat ke singapura sebenarnya dia punya tugas urus rumah sakit di indonesia spy pelayanannya baik sprti di malaysia dan singapura,aksesibilitas,,
sgt setuju sekali terutama menteri segala urusan si lbp saat sakit malah lari berobat ke singapura sebenarnya dia punya tugas urus rumah sakit di indonesia spy pelayanannya baik sprti di malaysia dan singapura,kualitas_diagnosis,,
makanya tidak bisa di salahkan kenapa banyak masyarakat yg mampu dan peduli dgn nyawanya berangkat berobat ke penang malaysia,biaya,,
makanya tidak bisa di salahkan kenapa banyak masyarakat yg mampu dan peduli dgn nyawanya berangkat berobat ke penang malaysia,kualitas_diagnosis,,
rmh sakit lbh suka pasien sakit lbh lama dari pada pasien lekas smbuh byk teman berobat ke penang r di sana lbh manusiawi ramahtama dan lbh murah pula,biaya,,
rmh sakit lbh suka pasien sakit lbh lama dari pada pasien lekas smbuh byk teman berobat ke penang r di sana lbh manusiawi ramahtama dan lbh murah pula,pelayanan,,
saya dokter di indonesia yang juga sering mengantar keluarga berobat ke penang penang dan malaka hampir sama kualiatas pelayanan dan pengobatanya setelah saya amati saya mengakui kita kalah jauh soal pelayanan bahkan dari segi farmasi pun saya menilai ada perbedaan yg mencolok mayoritas obat paten dsini dan dsan dgn kandungan yang sama lbh murah disana tpi soal ilmu sebenernya dokter kita indonesia banyak yang pintar bahkan ada yang menjadi tenaga pengajar moderator seminar di malaysia tpi memang kualitas pelayanan kita jauh di bawah mereka dokter disana fokus hanya di r beda dgn disini dokter kita banyak yang bagus di indonesia tapi image dokter hancur gara oknum dokter yg pelayanannya di bawah standard semoga kedepannya indonesia bisa berbenah masalah ini bukan hanya masalah di tenaga medis tapi menjadi tanggung jawab pemerintah kenapa kualitas pelayanan kesehatan di indonesia seperti ini pasti banyak hal yang mendasari sehingga rendahnya mayoritas kualitas pelayanan kesehatan di indonesia,biaya,,
saya dokter di indonesia yang juga sering mengantar keluarga berobat ke penang penang dan malaka hampir sama kualiatas pelayanan dan pengobatanya setelah saya amati saya mengakui kita kalah jauh soal pelayanan bahkan dari segi farmasi pun saya menilai ada perbedaan yg mencolok mayoritas obat paten dsini dan dsan dgn kandungan yang sama lbh murah disana tpi soal ilmu sebenernya dokter kita indonesia banyak yang pintar bahkan ada yang menjadi tenaga pengajar moderator seminar di malaysia tpi memang kualitas pelayanan kita jauh di bawah mereka dokter disana fokus hanya di r beda dgn disini dokter kita banyak yang bagus di indonesia tapi image dokter hancur gara oknum dokter yg pelayanannya di bawah standard semoga kedepannya indonesia bisa berbenah masalah ini bukan hanya masalah di tenaga medis tapi menjadi tanggung jawab pemerintah kenapa kualitas pelayanan kesehatan di indonesia seperti ini pasti banyak hal yang mendasari sehingga rendahnya mayoritas kualitas pelayanan kesehatan di indonesia,fasilitas,,
saya dokter di indonesia yang juga sering mengantar keluarga berobat ke penang penang dan malaka hampir sama kualiatas pelayanan dan pengobatanya setelah saya amati saya mengakui kita kalah jauh soal pelayanan bahkan dari segi farmasi pun saya menilai ada perbedaan yg mencolok mayoritas obat paten dsini dan dsan dgn kandungan yang sama lbh murah disana tpi soal ilmu sebenernya dokter kita indonesia banyak yang pintar bahkan ada yang menjadi tenaga pengajar moderator seminar di malaysia tpi memang kualitas pelayanan kita jauh di bawah mereka dokter disana fokus hanya di r beda dgn disini dokter kita banyak yang bagus di indonesia tapi image dokter hancur gara oknum dokter yg pelayanannya di bawah standard semoga kedepannya indonesia bisa berbenah masalah ini bukan hanya masalah di tenaga medis tapi menjadi tanggung jawab pemerintah kenapa kualitas pelayanan kesehatan di indonesia seperti ini pasti banyak hal yang mendasari sehingga rendahnya mayoritas kualitas pelayanan kesehatan di indonesia,pelayanan,,
saya dokter di indonesia yang juga sering mengantar keluarga berobat ke penang penang dan malaka hampir sama kualiatas pelayanan dan pengobatanya setelah saya amati saya mengakui kita kalah jauh soal pelayanan bahkan dari segi farmasi pun saya menilai ada perbedaan yg mencolok mayoritas obat paten dsini dan dsan dgn kandungan yang sama lbh murah disana tpi soal ilmu sebenernya dokter kita indonesia banyak yang pintar bahkan ada yang menjadi tenaga pengajar moderator seminar di malaysia tpi memang kualitas pelayanan kita jauh di bawah mereka dokter disana fokus hanya di r beda dgn disini dokter kita banyak yang bagus di indonesia tapi image dokter hancur gara oknum dokter yg pelayanannya di bawah standard semoga kedepannya indonesia bisa berbenah masalah ini bukan hanya masalah di tenaga medis tapi menjadi tanggung jawab pemerintah kenapa kualitas pelayanan kesehatan di indonesia seperti ini pasti banyak hal yang mendasari sehingga rendahnya mayoritas kualitas pelayanan kesehatan di indonesia,aksesibilitas,,
saya dokter di indonesia yang juga sering mengantar keluarga berobat ke penang penang dan malaka hampir sama kualiatas pelayanan dan pengobatanya setelah saya amati saya mengakui kita kalah jauh soal pelayanan bahkan dari segi farmasi pun saya menilai ada perbedaan yg mencolok mayoritas obat paten dsini dan dsan dgn kandungan yang sama lbh murah disana tpi soal ilmu sebenernya dokter kita indonesia banyak yang pintar bahkan ada yang menjadi tenaga pengajar moderator seminar di malaysia tpi memang kualitas pelayanan kita jauh di bawah mereka dokter disana fokus hanya di r beda dgn disini dokter kita banyak yang bagus di indonesia tapi image dokter hancur gara oknum dokter yg pelayanannya di bawah standard semoga kedepannya indonesia bisa berbenah masalah ini bukan hanya masalah di tenaga medis tapi menjadi tanggung jawab pemerintah kenapa kualitas pelayanan kesehatan di indonesia seperti ini pasti banyak hal yang mendasari sehingga rendahnya mayoritas kualitas pelayanan kesehatan di indonesia,kualitas_diagnosis,,
berobat ke penang murah dan dokternya hebat,biaya,,
berobat ke penang murah dan dokternya hebat,pelayanan,,
punya pengalaman yng menyakit khan hingga nyawa melayang dan harga yng fantastis untuk seorang bayi sehingga suamiku trauma sejak saat itu kami memutus khan berobat ke penang hasil nya alhamdulillah,biaya,,
punya pengalaman yng menyakit khan hingga nyawa melayang dan harga yng fantastis untuk seorang bayi sehingga suamiku trauma sejak saat itu kami memutus khan berobat ke penang hasil nya alhamdulillah,pelayanan,,
punya pengalaman yng menyakit khan hingga nyawa melayang dan harga yng fantastis untuk seorang bayi sehingga suamiku trauma sejak saat itu kami memutus khan berobat ke penang hasil nya alhamdulillah,kualitas_diagnosis,,
saya pernah dirawat di rumah sakit di daerah pluit enam hari dirawat hanya di infus saja sampai tdk sadar karena kedinginan terus saya minta keluar hari dirawat sdh habis jt tubuh panas dingin terus sama istri berobat ke penang hari di penang langsung di operasi kecil ternyata di lever saya bernanah hari sdh boleh pulang dan sekarang sdh sembuh,fasilitas,,
saya pernah dirawat di rumah sakit di daerah pluit enam hari dirawat hanya di infus saja sampai tdk sadar karena kedinginan terus saya minta keluar hari dirawat sdh habis jt tubuh panas dingin terus sama istri berobat ke penang hari di penang langsung di operasi kecil ternyata di lever saya bernanah hari sdh boleh pulang dan sekarang sdh sembuh,pelayanan,,
saya pernah dirawat di rumah sakit di daerah pluit enam hari dirawat hanya di infus saja sampai tdk sadar karena kedinginan terus saya minta keluar hari dirawat sdh habis jt tubuh panas dingin terus sama istri berobat ke penang hari di penang langsung di operasi kecil ternyata di lever saya bernanah hari sdh boleh pulang dan sekarang sdh sembuh,aksesibilitas,,
memang beda jauh kualitas pelayanan r di indonesia dan malaysia orang indo banyak yg berobat ke penang dan malaka pelayanan nya sangat baik dan profesional mri ct scan dll sangat cepat hitungan jam sudah keluar hasil untuk biaya jg terkadang lebih murah dimalaysia asuransi jg langsung ditangani dng cepat karena keluarga sy sudah sering berobat di penang malay,biaya,,
memang beda jauh kualitas pelayanan r di indonesia dan malaysia orang indo banyak yg berobat ke penang dan malaka pelayanan nya sangat baik dan profesional mri ct scan dll sangat cepat hitungan jam sudah keluar hasil untuk biaya jg terkadang lebih murah dimalaysia asuransi jg langsung ditangani dng cepat karena keluarga sy sudah sering berobat di penang malay,fasilitas,,
memang beda jauh kualitas pelayanan r di indonesia dan malaysia orang indo banyak yg berobat ke penang dan malaka pelayanan nya sangat baik dan profesional mri ct scan dll sangat cepat hitungan jam sudah keluar hasil untuk biaya jg terkadang lebih murah dimalaysia asuransi jg langsung ditangani dng cepat karena keluarga sy sudah sering berobat di penang malay,pelayanan,,
memang beda jauh kualitas pelayanan r di indonesia dan malaysia orang indo banyak yg berobat ke penang dan malaka pelayanan nya sangat baik dan profesional mri ct scan dll sangat cepat hitungan jam sudah keluar hasil untuk biaya jg terkadang lebih murah dimalaysia asuransi jg langsung ditangani dng cepat karena keluarga sy sudah sering berobat di penang malay,aksesibilitas,,
memang beda jauh kualitas pelayanan r di indonesia dan malaysia orang indo banyak yg berobat ke penang dan malaka pelayanan nya sangat baik dan profesional mri ct scan dll sangat cepat hitungan jam sudah keluar hasil untuk biaya jg terkadang lebih murah dimalaysia asuransi jg langsung ditangani dng cepat karena keluarga sy sudah sering berobat di penang malay,kualitas_diagnosis,,
itulah yg sdh biasabr terjadi berpuluh tahun di negri konoha brsalah diagnosabr mal praktek brn nyawa melayang sdh biasa brsdgkan beaya sepenuhnya hr dibayar pasien nbrhak pasien diriadakan br mau dibikinin r internasional dg fasilitas internasional jg tak ada guna br krn tenaga medisnya jg tdk profesional brwalopun fasilitas nya profesional br seperti bias hak pasien ditiadakan br makanya banyak yg berobat ke penang malaka brdgn beaya yg ga jauh beda dgn di negri konoha br tapi dgn br tingkat profesionalisme tenaga medis jauh lbh tinggi br tingkat keperdulian pasien yg lbh tinggi br dgn resiko lbh rendah brkalo dana longgar lbh baik ke singapura br fakta n bukti brbicara br brkesaksian medis yg sangat memberkati brpraise the lord brbe smart brgbu br mau sampe kpn kondisi medis indonesia kaya begini terus brkasihan pasien negri sendiri,biaya,,
itulah yg sdh biasabr terjadi berpuluh tahun di negri konoha brsalah diagnosabr mal praktek brn nyawa melayang sdh biasa brsdgkan beaya sepenuhnya hr dibayar pasien nbrhak pasien diriadakan br mau dibikinin r internasional dg fasilitas internasional jg tak ada guna br krn tenaga medisnya jg tdk profesional brwalopun fasilitas nya profesional br seperti bias hak pasien ditiadakan br makanya banyak yg berobat ke penang malaka brdgn beaya yg ga jauh beda dgn di negri konoha br tapi dgn br tingkat profesionalisme tenaga medis jauh lbh tinggi br tingkat keperdulian pasien yg lbh tinggi br dgn resiko lbh rendah brkalo dana longgar lbh baik ke singapura br fakta n bukti brbicara br brkesaksian medis yg sangat memberkati brpraise the lord brbe smart brgbu br mau sampe kpn kondisi medis indonesia kaya begini terus brkasihan pasien negri sendiri,fasilitas,,
itulah yg sdh biasabr terjadi berpuluh tahun di negri konoha brsalah diagnosabr mal praktek brn nyawa melayang sdh biasa brsdgkan beaya sepenuhnya hr dibayar pasien nbrhak pasien diriadakan br mau dibikinin r internasional dg fasilitas internasional jg tak ada guna br krn tenaga medisnya jg tdk profesional brwalopun fasilitas nya profesional br seperti bias hak pasien ditiadakan br makanya banyak yg berobat ke penang malaka brdgn beaya yg ga jauh beda dgn di negri konoha br tapi dgn br tingkat profesionalisme tenaga medis jauh lbh tinggi br tingkat keperdulian pasien yg lbh tinggi br dgn resiko lbh rendah brkalo dana longgar lbh baik ke singapura br fakta n bukti brbicara br brkesaksian medis yg sangat memberkati brpraise the lord brbe smart brgbu br mau sampe kpn kondisi medis indonesia kaya begini terus brkasihan pasien negri sendiri,pelayanan,,
itulah yg sdh biasabr terjadi berpuluh tahun di negri konoha brsalah diagnosabr mal praktek brn nyawa melayang sdh biasa brsdgkan beaya sepenuhnya hr dibayar pasien nbrhak pasien diriadakan br mau dibikinin r internasional dg fasilitas internasional jg tak ada guna br krn tenaga medisnya jg tdk profesional brwalopun fasilitas nya profesional br seperti bias hak pasien ditiadakan br makanya banyak yg berobat ke penang malaka brdgn beaya yg ga jauh beda dgn di negri konoha br tapi dgn br tingkat profesionalisme tenaga medis jauh lbh tinggi br tingkat keperdulian pasien yg lbh tinggi br dgn resiko lbh rendah brkalo dana longgar lbh baik ke singapura br fakta n bukti brbicara br brkesaksian medis yg sangat memberkati brpraise the lord brbe smart brgbu br mau sampe kpn kondisi medis indonesia kaya begini terus brkasihan pasien negri sendiri,aksesibilitas,,
itulah yg sdh biasabr terjadi berpuluh tahun di negri konoha brsalah diagnosabr mal praktek brn nyawa melayang sdh biasa brsdgkan beaya sepenuhnya hr dibayar pasien nbrhak pasien diriadakan br mau dibikinin r internasional dg fasilitas internasional jg tak ada guna br krn tenaga medisnya jg tdk profesional brwalopun fasilitas nya profesional br seperti bias hak pasien ditiadakan br makanya banyak yg berobat ke penang malaka brdgn beaya yg ga jauh beda dgn di negri konoha br tapi dgn br tingkat profesionalisme tenaga medis jauh lbh tinggi br tingkat keperdulian pasien yg lbh tinggi br dgn resiko lbh rendah brkalo dana longgar lbh baik ke singapura br fakta n bukti brbicara br brkesaksian medis yg sangat memberkati brpraise the lord brbe smart brgbu br mau sampe kpn kondisi medis indonesia kaya begini terus brkasihan pasien negri sendiri,kualitas_diagnosis,,
di indonesia itu r itu ibarat ajang bisnisnyawa tdk diperhitungkan mungkin uda byk nyawa melayang di indonesia ini akibat malpraktek tdk ada tuntutan aplg klu ekonomi kebawa benar sangar memprihatinkan dokter di indonesia jg bermutu rendah sering hasil diagnosa salah kebanyakan dokter di indonesia ini dokter abal kaleng gaya tinggi kwalitas nol sy sangat mendukung klu byk orang indonesia itu berobat ke luar negeri harga standar indonesia itu berobat mahal aplg sewa kamar jd ajang bisnis bila perlu senang rasanya r indonesia itu sepi tdk adayg berobat biarkan ber obat ke luar negeri,biaya,,
di indonesia itu r itu ibarat ajang bisnisnyawa tdk diperhitungkan mungkin uda byk nyawa melayang di indonesia ini akibat malpraktek tdk ada tuntutan aplg klu ekonomi kebawa benar sangar memprihatinkan dokter di indonesia jg bermutu rendah sering hasil diagnosa salah kebanyakan dokter di indonesia ini dokter abal kaleng gaya tinggi kwalitas nol sy sangat mendukung klu byk orang indonesia itu berobat ke luar negeri harga standar indonesia itu berobat mahal aplg sewa kamar jd ajang bisnis bila perlu senang rasanya r indonesia itu sepi tdk adayg berobat biarkan ber obat ke luar negeri,fasilitas,,
di indonesia itu r itu ibarat ajang bisnisnyawa tdk diperhitungkan mungkin uda byk nyawa melayang di indonesia ini akibat malpraktek tdk ada tuntutan aplg klu ekonomi kebawa benar sangar memprihatinkan dokter di indonesia jg bermutu rendah sering hasil diagnosa salah kebanyakan dokter di indonesia ini dokter abal kaleng gaya tinggi kwalitas nol sy sangat mendukung klu byk orang indonesia itu berobat ke luar negeri harga standar indonesia itu berobat mahal aplg sewa kamar jd ajang bisnis bila perlu senang rasanya r indonesia itu sepi tdk adayg berobat biarkan ber obat ke luar negeri,pelayanan,,
di indonesia itu r itu ibarat ajang bisnisnyawa tdk diperhitungkan mungkin uda byk nyawa melayang di indonesia ini akibat malpraktek tdk ada tuntutan aplg klu ekonomi kebawa benar sangar memprihatinkan dokter di indonesia jg bermutu rendah sering hasil diagnosa salah kebanyakan dokter di indonesia ini dokter abal kaleng gaya tinggi kwalitas nol sy sangat mendukung klu byk orang indonesia itu berobat ke luar negeri harga standar indonesia itu berobat mahal aplg sewa kamar jd ajang bisnis bila perlu senang rasanya r indonesia itu sepi tdk adayg berobat biarkan ber obat ke luar negeri,aksesibilitas,,
di indonesia itu r itu ibarat ajang bisnisnyawa tdk diperhitungkan mungkin uda byk nyawa melayang di indonesia ini akibat malpraktek tdk ada tuntutan aplg klu ekonomi kebawa benar sangar memprihatinkan dokter di indonesia jg bermutu rendah sering hasil diagnosa salah kebanyakan dokter di indonesia ini dokter abal kaleng gaya tinggi kwalitas nol sy sangat mendukung klu byk orang indonesia itu berobat ke luar negeri harga standar indonesia itu berobat mahal aplg sewa kamar jd ajang bisnis bila perlu senang rasanya r indonesia itu sepi tdk adayg berobat biarkan ber obat ke luar negeri,kualitas_diagnosis,,
fasilitas dan dokter di indonesia fasilitas dan dokter di malaysia sorry yeee sorry yeeeeitu emang kenyataansdh itu bayarannya di malaysia lebih murahapalagi dibawah rezim mukidiiibrengsek,biaya,,
fasilitas dan dokter di indonesia fasilitas dan dokter di malaysia sorry yeee sorry yeeeeitu emang kenyataansdh itu bayarannya di malaysia lebih murahapalagi dibawah rezim mukidiiibrengsek,fasilitas,,
fasilitas dan dokter di indonesia fasilitas dan dokter di malaysia sorry yeee sorry yeeeeitu emang kenyataansdh itu bayarannya di malaysia lebih murahapalagi dibawah rezim mukidiiibrengsek,pelayanan,,
fasilitas dan dokter di indonesia fasilitas dan dokter di malaysia sorry yeee sorry yeeeeitu emang kenyataansdh itu bayarannya di malaysia lebih murahapalagi dibawah rezim mukidiiibrengsek,aksesibilitas,,
kesian klurga serumpun kita di indonesia rumah sakitnya spti pentingkn wang dr nyawacuba ambil cth rumah sakit di luar negeri nyawa lbih penting dr wangspatutnya rumah sakit pemerintah bg gratis pd masyarakat sdri yg ingin brobat spt negara jiranharap dimasa mndtg rumh skit di indonesia lbih prihatin pd masyarakat,biaya,,
kesian klurga serumpun kita di indonesia rumah sakitnya spti pentingkn wang dr nyawacuba ambil cth rumah sakit di luar negeri nyawa lbih penting dr wangspatutnya rumah sakit pemerintah bg gratis pd masyarakat sdri yg ingin brobat spt negara jiranharap dimasa mndtg rumh skit di indonesia lbih prihatin pd masyarakat,fasilitas,,
kesian klurga serumpun kita di indonesia rumah sakitnya spti pentingkn wang dr nyawacuba ambil cth rumah sakit di luar negeri nyawa lbih penting dr wangspatutnya rumah sakit pemerintah bg gratis pd masyarakat sdri yg ingin brobat spt negara jiranharap dimasa mndtg rumh skit di indonesia lbih prihatin pd masyarakat,pelayanan,,
kesian klurga serumpun kita di indonesia rumah sakitnya spti pentingkn wang dr nyawacuba ambil cth rumah sakit di luar negeri nyawa lbih penting dr wangspatutnya rumah sakit pemerintah bg gratis pd masyarakat sdri yg ingin brobat spt negara jiranharap dimasa mndtg rumh skit di indonesia lbih prihatin pd masyarakat,aksesibilitas,,
itu karena pelayanan dokter di malaysia dan singapore bagus,fasilitas,,
itu karena pelayanan dokter di malaysia dan singapore bagus,pelayanan,,
makanya masyarakat lebih banyak berobat ke luar negeri kayak malaysia singapore dll,biaya,,
rumah sakit di negara kita pelayanan tergantung kelas dan isi dompet mahal iyaaa dan siap di bikin miskin brbryang bikin gelenggeleng kepala sebagain dokter di malaysia kuliah di indonesia brbrselamat buat warga malaysia anda mendapatkan pelayanan kesehatan yang baik terjangkau,biaya,,
rumah sakit di negara kita pelayanan tergantung kelas dan isi dompet mahal iyaaa dan siap di bikin miskin brbryang bikin gelenggeleng kepala sebagain dokter di malaysia kuliah di indonesia brbrselamat buat warga malaysia anda mendapatkan pelayanan kesehatan yang baik terjangkau,fasilitas,,
rumah sakit di negara kita pelayanan tergantung kelas dan isi dompet mahal iyaaa dan siap di bikin miskin brbryang bikin gelenggeleng kepala sebagain dokter di malaysia kuliah di indonesia brbrselamat buat warga malaysia anda mendapatkan pelayanan kesehatan yang baik terjangkau,pelayanan,,
rumah sakit di negara kita pelayanan tergantung kelas dan isi dompet mahal iyaaa dan siap di bikin miskin brbryang bikin gelenggeleng kepala sebagain dokter di malaysia kuliah di indonesia brbrselamat buat warga malaysia anda mendapatkan pelayanan kesehatan yang baik terjangkau,aksesibilitas,,
wah masukan yang baik yah terimakasih telah memberikan masukan untuk para dokter di indonesia semoga doktor di indonesia bisa meniru dan mencontoh dokter di malaysia,fasilitas,,
wah masukan yang baik yah terimakasih telah memberikan masukan untuk para dokter di indonesia semoga doktor di indonesia bisa meniru dan mencontoh dokter di malaysia,pelayanan,,
wah masukan yang baik yah terimakasih telah memberikan masukan untuk para dokter di indonesia semoga doktor di indonesia bisa meniru dan mencontoh dokter di malaysia,aksesibilitas,,
nah buat kalian org indonesia yg nolak pak luhut narik dokter asing utk praktek ke indonesia kalian trlalu diracuni kata quotasingquot memang kita tdk boleh trlalu pro dgn asing tpi tdk boleh juga trlalu kontra kita harus pilih tpi soal rencana ini kita harus dukung krn utk meningkatkan kualitas kesehatan di indonesia krn negara tetangga juga welcome terhadap doktor asing dan itu brbuah manis bagi kualitas kesehatan mrekabrkalian gak iri kah dgn kualitas mereka yg bagus di indonesia bnyak hospital besar bhkan yg standar internasional pun ada tpi masih bnyak warga kita berobat ke luar negeri krn dsana jauh lebih bagus,fasilitas,,
nah buat kalian org indonesia yg nolak pak luhut narik dokter asing utk praktek ke indonesia kalian trlalu diracuni kata quotasingquot memang kita tdk boleh trlalu pro dgn asing tpi tdk boleh juga trlalu kontra kita harus pilih tpi soal rencana ini kita harus dukung krn utk meningkatkan kualitas kesehatan di indonesia krn negara tetangga juga welcome terhadap doktor asing dan itu brbuah manis bagi kualitas kesehatan mrekabrkalian gak iri kah dgn kualitas mereka yg bagus di indonesia bnyak hospital besar bhkan yg standar internasional pun ada tpi masih bnyak warga kita berobat ke luar negeri krn dsana jauh lebih bagus,pelayanan,,
nah buat kalian org indonesia yg nolak pak luhut narik dokter asing utk praktek ke indonesia kalian trlalu diracuni kata quotasingquot memang kita tdk boleh trlalu pro dgn asing tpi tdk boleh juga trlalu kontra kita harus pilih tpi soal rencana ini kita harus dukung krn utk meningkatkan kualitas kesehatan di indonesia krn negara tetangga juga welcome terhadap doktor asing dan itu brbuah manis bagi kualitas kesehatan mrekabrkalian gak iri kah dgn kualitas mereka yg bagus di indonesia bnyak hospital besar bhkan yg standar internasional pun ada tpi masih bnyak warga kita berobat ke luar negeri krn dsana jauh lebih bagus,aksesibilitas,,
nah buat kalian org indonesia yg nolak pak luhut narik dokter asing utk praktek ke indonesia kalian trlalu diracuni kata quotasingquot memang kita tdk boleh trlalu pro dgn asing tpi tdk boleh juga trlalu kontra kita harus pilih tpi soal rencana ini kita harus dukung krn utk meningkatkan kualitas kesehatan di indonesia krn negara tetangga juga welcome terhadap doktor asing dan itu brbuah manis bagi kualitas kesehatan mrekabrkalian gak iri kah dgn kualitas mereka yg bagus di indonesia bnyak hospital besar bhkan yg standar internasional pun ada tpi masih bnyak warga kita berobat ke luar negeri krn dsana jauh lebih bagus,kualitas_diagnosis,,
alhamdulillah saya warga indonesia sangat berterima kasih sama dokter di malaysia malaysia memang hebat,pelayanan,,
alhamdulillah saya warga indonesia sangat berterima kasih sama dokter di malaysia malaysia memang hebat,aksesibilitas,,
biasanya kalo orang dari indonesia datang ke malaysia banyaknya berobat ke penang kuala lumpur amp melaka jangan lupa sekalian liburan kerna kota ini juga merupakan tempat wisatabrbrsalam dari,fasilitas,,
biasanya kalo orang dari indonesia datang ke malaysia banyaknya berobat ke penang kuala lumpur amp melaka jangan lupa sekalian liburan kerna kota ini juga merupakan tempat wisatabrbrsalam dari,aksesibilitas,,
betulsodara sy yg di kalimantan kalau berobat ke penang malaysialebih murah dan lebih bagus,biaya,,
betulsodara sy yg di kalimantan kalau berobat ke penang malaysialebih murah dan lebih bagus,fasilitas,,
ya setuju tp mungkin juga mentaliti berbezayang saya tahu semua dokter di malaysia akan mengutamakan kesihatan dan nyawa pesakit berbanding yang laintapi dokter di indonesia saya tdk pasti bagaimana,pelayanan,,
ya setuju tp mungkin juga mentaliti berbezayang saya tahu semua dokter di malaysia akan mengutamakan kesihatan dan nyawa pesakit berbanding yang laintapi dokter di indonesia saya tdk pasti bagaimana,aksesibilitas,,
mknya org lbih bnyak berobat ke penang dri pda di indonesia,aksesibilitas,,
semoga bpk mba jesica sembuh total dan sihat selalukalau dokter di malaysia gak sembarangan merawat pasian dan tapi kalau uda takdir meninggal itu uda ketentuan tuhankalau dokter yg baru dan masih prektikal gak boleh menangani kasus pasian yg kronikcuman yg menangani cuma dokter yg berpengalaman,pelayanan,,
ini bukan soal murah tapi ini menyangkut kualitas dokter nya dokter di malaysia dan singapore belajar nya di amerika inggris german dll brdi indonesia dokter tamatan luar negeri izin praktek dipersulit,biaya,,
ini bukan soal murah tapi ini menyangkut kualitas dokter nya dokter di malaysia dan singapore belajar nya di amerika inggris german dll brdi indonesia dokter tamatan luar negeri izin praktek dipersulit,fasilitas,,
ini bukan soal murah tapi ini menyangkut kualitas dokter nya dokter di malaysia dan singapore belajar nya di amerika inggris german dll brdi indonesia dokter tamatan luar negeri izin praktek dipersulit,pelayanan,,
ini bukan soal murah tapi ini menyangkut kualitas dokter nya dokter di malaysia dan singapore belajar nya di amerika inggris german dll brdi indonesia dokter tamatan luar negeri izin praktek dipersulit,aksesibilitas,,
ini bukan soal murah tapi ini menyangkut kualitas dokter nya dokter di malaysia dan singapore belajar nya di amerika inggris german dll brdi indonesia dokter tamatan luar negeri izin praktek dipersulit,kualitas_diagnosis,,
orang sumatra diare saja hari langsung berobat ke penang itu karena murah dan relatif dekat,biaya,,
orang sumatra diare saja hari langsung berobat ke penang itu karena murah dan relatif dekat,aksesibilitas,,
saya pernah berobat ke penang operasi disalah satu r di penangbrmasyalloh semua pelayannya sangat sempurna system nya sudah mapanbrhampir pasien yang kami temui dari indonesiabrbiaya dan waktu sudah ditentukan dimuka sebelum operasipasien bisa milih kelas atau untuk pelayan penangananya operasi dan semua ada kepastiandan kepastian ini yang sangat menjamin pasienbrbiaya murah dan sangat murahbrkenapa dipenang bisa begitu brini menurut saya karena moral nakes nya gaya hidupnya brdan di r tidak ada sliweran detailer obat,biaya,,
saya pernah berobat ke penang operasi disalah satu r di penangbrmasyalloh semua pelayannya sangat sempurna system nya sudah mapanbrhampir pasien yang kami temui dari indonesiabrbiaya dan waktu sudah ditentukan dimuka sebelum operasipasien bisa milih kelas atau untuk pelayan penangananya operasi dan semua ada kepastiandan kepastian ini yang sangat menjamin pasienbrbiaya murah dan sangat murahbrkenapa dipenang bisa begitu brini menurut saya karena moral nakes nya gaya hidupnya brdan di r tidak ada sliweran detailer obat,pelayanan,,
saya pernah berobat ke penang operasi disalah satu r di penangbrmasyalloh semua pelayannya sangat sempurna system nya sudah mapanbrhampir pasien yang kami temui dari indonesiabrbiaya dan waktu sudah ditentukan dimuka sebelum operasipasien bisa milih kelas atau untuk pelayan penangananya operasi dan semua ada kepastiandan kepastian ini yang sangat menjamin pasienbrbiaya murah dan sangat murahbrkenapa dipenang bisa begitu brini menurut saya karena moral nakes nya gaya hidupnya brdan di r tidak ada sliweran detailer obat,aksesibilitas,,
saya pernah berobat ke penang operasi disalah satu r di penangbrmasyalloh semua pelayannya sangat sempurna system nya sudah mapanbrhampir pasien yang kami temui dari indonesiabrbiaya dan waktu sudah ditentukan dimuka sebelum operasipasien bisa milih kelas atau untuk pelayan penangananya operasi dan semua ada kepastiandan kepastian ini yang sangat menjamin pasienbrbiaya murah dan sangat murahbrkenapa dipenang bisa begitu brini menurut saya karena moral nakes nya gaya hidupnya brdan di r tidak ada sliweran detailer obat,kualitas_diagnosis,,
dokterdokter di malaysia dan singapura itu tamatan uk inggris ireland scotland wale australia u ehhh di indonesia dokter dokter wni tamatan luar negeri mau masuk indonesia praktek itu dipersulit oleh oligarki kesehatan di indonesia,fasilitas,,
dokterdokter di malaysia dan singapura itu tamatan uk inggris ireland scotland wale australia u ehhh di indonesia dokter dokter wni tamatan luar negeri mau masuk indonesia praktek itu dipersulit oleh oligarki kesehatan di indonesia,pelayanan,,
dokterdokter di malaysia dan singapura itu tamatan uk inggris ireland scotland wale australia u ehhh di indonesia dokter dokter wni tamatan luar negeri mau masuk indonesia praktek itu dipersulit oleh oligarki kesehatan di indonesia,aksesibilitas,,
bagaimana org indonesia akhirnya memilih keluar negeri baik itu tujuan utk berobat berwisata traveling study berbelanjabrkarena lebih murahbringat lebih murahbrutk pergi dgn penerbangan aja tiket domestik aja b x lipat lebih mahal drpd keluar negeri seperti ke malaysia misalnyabrmakanya org indonesia akhirnya memilih berwisata keluar negeri yah krn murahbrlum lg berobat ke penang aja contohnya sodara perempuan sy aja kena kanker payudara semua dokter di indonesia cuma punya jawaban operasi pengangkatan kanker payudara itupun bisa hidup kembali masih nya lg tdk ada harapan hidupbrakhirnya memilih berobat ke penang kalian tau apa yg terjadibrsodara perempuan sy sembuh total tanpa ada tindakan operasi kanker payudarabrdan tdk ada penyampaian dari dokter di penang yg mengatakan kemungkinan hidup brtapi mereka berani menjamin sembuh totalbrbrhai indonesia yg gw sering baca berita yg memojokkan negara tetangga tapi mereka bisa menyelamatkan jiwa orang indonesia yg tdk bisa diselamatkan jiwa nya di negara sendiribrbrintinya pr di negara ini byk bangetbrklo mau disebut negara hebat ataupun negara maju yah berikan kenyamanan buat rakyatnya berikan kepercayaan yg tinggi buat rakyatnyabrkelihatan nya sederhana tapi tdk b direalisasikan di negara ini,biaya,,
bagaimana org indonesia akhirnya memilih keluar negeri baik itu tujuan utk berobat berwisata traveling study berbelanjabrkarena lebih murahbringat lebih murahbrutk pergi dgn penerbangan aja tiket domestik aja b x lipat lebih mahal drpd keluar negeri seperti ke malaysia misalnyabrmakanya org indonesia akhirnya memilih berwisata keluar negeri yah krn murahbrlum lg berobat ke penang aja contohnya sodara perempuan sy aja kena kanker payudara semua dokter di indonesia cuma punya jawaban operasi pengangkatan kanker payudara itupun bisa hidup kembali masih nya lg tdk ada harapan hidupbrakhirnya memilih berobat ke penang kalian tau apa yg terjadibrsodara perempuan sy sembuh total tanpa ada tindakan operasi kanker payudarabrdan tdk ada penyampaian dari dokter di penang yg mengatakan kemungkinan hidup brtapi mereka berani menjamin sembuh totalbrbrhai indonesia yg gw sering baca berita yg memojokkan negara tetangga tapi mereka bisa menyelamatkan jiwa orang indonesia yg tdk bisa diselamatkan jiwa nya di negara sendiribrbrintinya pr di negara ini byk bangetbrklo mau disebut negara hebat ataupun negara maju yah berikan kenyamanan buat rakyatnya berikan kepercayaan yg tinggi buat rakyatnyabrkelihatan nya sederhana tapi tdk b direalisasikan di negara ini,fasilitas,,
bagaimana org indonesia akhirnya memilih keluar negeri baik itu tujuan utk berobat berwisata traveling study berbelanjabrkarena lebih murahbringat lebih murahbrutk pergi dgn penerbangan aja tiket domestik aja b x lipat lebih mahal drpd keluar negeri seperti ke malaysia misalnyabrmakanya org indonesia akhirnya memilih berwisata keluar negeri yah krn murahbrlum lg berobat ke penang aja contohnya sodara perempuan sy aja kena kanker payudara semua dokter di indonesia cuma punya jawaban operasi pengangkatan kanker payudara itupun bisa hidup kembali masih nya lg tdk ada harapan hidupbrakhirnya memilih berobat ke penang kalian tau apa yg terjadibrsodara perempuan sy sembuh total tanpa ada tindakan operasi kanker payudarabrdan tdk ada penyampaian dari dokter di penang yg mengatakan kemungkinan hidup brtapi mereka berani menjamin sembuh totalbrbrhai indonesia yg gw sering baca berita yg memojokkan negara tetangga tapi mereka bisa menyelamatkan jiwa orang indonesia yg tdk bisa diselamatkan jiwa nya di negara sendiribrbrintinya pr di negara ini byk bangetbrklo mau disebut negara hebat ataupun negara maju yah berikan kenyamanan buat rakyatnya berikan kepercayaan yg tinggi buat rakyatnyabrkelihatan nya sederhana tapi tdk b direalisasikan di negara ini,pelayanan,,
bagaimana org indonesia akhirnya memilih keluar negeri baik itu tujuan utk berobat berwisata traveling study berbelanjabrkarena lebih murahbringat lebih murahbrutk pergi dgn penerbangan aja tiket domestik aja b x lipat lebih mahal drpd keluar negeri seperti ke malaysia misalnyabrmakanya org indonesia akhirnya memilih berwisata keluar negeri yah krn murahbrlum lg berobat ke penang aja contohnya sodara perempuan sy aja kena kanker payudara semua dokter di indonesia cuma punya jawaban operasi pengangkatan kanker payudara itupun bisa hidup kembali masih nya lg tdk ada harapan hidupbrakhirnya memilih berobat ke penang kalian tau apa yg terjadibrsodara perempuan sy sembuh total tanpa ada tindakan operasi kanker payudarabrdan tdk ada penyampaian dari dokter di penang yg mengatakan kemungkinan hidup brtapi mereka berani menjamin sembuh totalbrbrhai indonesia yg gw sering baca berita yg memojokkan negara tetangga tapi mereka bisa menyelamatkan jiwa orang indonesia yg tdk bisa diselamatkan jiwa nya di negara sendiribrbrintinya pr di negara ini byk bangetbrklo mau disebut negara hebat ataupun negara maju yah berikan kenyamanan buat rakyatnya berikan kepercayaan yg tinggi buat rakyatnyabrkelihatan nya sederhana tapi tdk b direalisasikan di negara ini,aksesibilitas,,
bagaimana org indonesia akhirnya memilih keluar negeri baik itu tujuan utk berobat berwisata traveling study berbelanjabrkarena lebih murahbringat lebih murahbrutk pergi dgn penerbangan aja tiket domestik aja b x lipat lebih mahal drpd keluar negeri seperti ke malaysia misalnyabrmakanya org indonesia akhirnya memilih berwisata keluar negeri yah krn murahbrlum lg berobat ke penang aja contohnya sodara perempuan sy aja kena kanker payudara semua dokter di indonesia cuma punya jawaban operasi pengangkatan kanker payudara itupun bisa hidup kembali masih nya lg tdk ada harapan hidupbrakhirnya memilih berobat ke penang kalian tau apa yg terjadibrsodara perempuan sy sembuh total tanpa ada tindakan operasi kanker payudarabrdan tdk ada penyampaian dari dokter di penang yg mengatakan kemungkinan hidup brtapi mereka berani menjamin sembuh totalbrbrhai indonesia yg gw sering baca berita yg memojokkan negara tetangga tapi mereka bisa menyelamatkan jiwa orang indonesia yg tdk bisa diselamatkan jiwa nya di negara sendiribrbrintinya pr di negara ini byk bangetbrklo mau disebut negara hebat ataupun negara maju yah berikan kenyamanan buat rakyatnya berikan kepercayaan yg tinggi buat rakyatnyabrkelihatan nya sederhana tapi tdk b direalisasikan di negara ini,kualitas_diagnosis,,
temuan terbaru beberapa orang indonesia berobat ke luar negeri sebagai cara menutupi hasil dari korupsi alias mencuci uang korupsi dengan dalih atau motif sakit alasannya yakni sakitnya gak bisa ditangani di indonesia,biaya,,
temuan terbaru beberapa orang indonesia berobat ke luar negeri sebagai cara menutupi hasil dari korupsi alias mencuci uang korupsi dengan dalih atau motif sakit alasannya yakni sakitnya gak bisa ditangani di indonesia,pelayanan,,
temuan terbaru beberapa orang indonesia berobat ke luar negeri sebagai cara menutupi hasil dari korupsi alias mencuci uang korupsi dengan dalih atau motif sakit alasannya yakni sakitnya gak bisa ditangani di indonesia,aksesibilitas,,
temuan terbaru beberapa orang indonesia berobat ke luar negeri sebagai cara menutupi hasil dari korupsi alias mencuci uang korupsi dengan dalih atau motif sakit alasannya yakni sakitnya gak bisa ditangani di indonesia,kualitas_diagnosis,,
saya orang indonesia yg menikah dgn orang malaysia suami saya orang malaysia skrg lg prose pengobatan di hosoital um kuala lumpur suami saya sakit jantung dokter di malaysia emang betul bagus dn sangat teliti sebelum prose mau di oprasi bnyk procedure nya suami saya langsung di tangani oleh dokter jantung negara dr ijn instutut jantung negaraprop dr shifa dokter specialist jantungdokter no di makaysia,biaya,,
saya orang indonesia yg menikah dgn orang malaysia suami saya orang malaysia skrg lg prose pengobatan di hosoital um kuala lumpur suami saya sakit jantung dokter di malaysia emang betul bagus dn sangat teliti sebelum prose mau di oprasi bnyk procedure nya suami saya langsung di tangani oleh dokter jantung negara dr ijn instutut jantung negaraprop dr shifa dokter specialist jantungdokter no di makaysia,fasilitas,,
saya orang indonesia yg menikah dgn orang malaysia suami saya orang malaysia skrg lg prose pengobatan di hosoital um kuala lumpur suami saya sakit jantung dokter di malaysia emang betul bagus dn sangat teliti sebelum prose mau di oprasi bnyk procedure nya suami saya langsung di tangani oleh dokter jantung negara dr ijn instutut jantung negaraprop dr shifa dokter specialist jantungdokter no di makaysia,pelayanan,,
saya orang indonesia yg menikah dgn orang malaysia suami saya orang malaysia skrg lg prose pengobatan di hosoital um kuala lumpur suami saya sakit jantung dokter di malaysia emang betul bagus dn sangat teliti sebelum prose mau di oprasi bnyk procedure nya suami saya langsung di tangani oleh dokter jantung negara dr ijn instutut jantung negaraprop dr shifa dokter specialist jantungdokter no di makaysia,aksesibilitas,,
ini hanya omon saja tidak bermamfaat karena kalian berdua belum bisa keluar dari dogma sesat yg kalian yakini saat ini brwalaupun sdh berpendidikan tinggi dan mendapat beasiswa di usa pergaulan kalian di berbagai mancanegara yg maju dan negara timtengbr kapasitas duta besar di new zealand belum mampu menjelaskan melepaskan diri dari mindset dan dogmabrkepastian kejujuran penguasaan teknologi kesehatan tidak rasis dan manusiawi inilah yg ditawarkan oleh rumah sakit di penang brdari klg kami berobat di penang ada kepastian pengobatan murah tiket pesawat murah kuliner akomodasi dan tranporasi bandara dalam kota murahbrpersentase berobat ke penang adalh tionghoa dan batak sekitar persen rata rata krn gagal berobat di indonesia terutama kepastian diagnosa tidak tepat dan akurat mengakibatkan biaya tinggi dan penyakit makin parahbrmasyarakat indonesia yg berobat dan berwisata kesehatan ke penang meningkat setiap hari penerbangan dari jakarta medan dan surabaya selalu selalu penuh booking tiket harus jauh hari baru dapat,biaya,,
ini hanya omon saja tidak bermamfaat karena kalian berdua belum bisa keluar dari dogma sesat yg kalian yakini saat ini brwalaupun sdh berpendidikan tinggi dan mendapat beasiswa di usa pergaulan kalian di berbagai mancanegara yg maju dan negara timtengbr kapasitas duta besar di new zealand belum mampu menjelaskan melepaskan diri dari mindset dan dogmabrkepastian kejujuran penguasaan teknologi kesehatan tidak rasis dan manusiawi inilah yg ditawarkan oleh rumah sakit di penang brdari klg kami berobat di penang ada kepastian pengobatan murah tiket pesawat murah kuliner akomodasi dan tranporasi bandara dalam kota murahbrpersentase berobat ke penang adalh tionghoa dan batak sekitar persen rata rata krn gagal berobat di indonesia terutama kepastian diagnosa tidak tepat dan akurat mengakibatkan biaya tinggi dan penyakit makin parahbrmasyarakat indonesia yg berobat dan berwisata kesehatan ke penang meningkat setiap hari penerbangan dari jakarta medan dan surabaya selalu selalu penuh booking tiket harus jauh hari baru dapat,fasilitas,,
ini hanya omon saja tidak bermamfaat karena kalian berdua belum bisa keluar dari dogma sesat yg kalian yakini saat ini brwalaupun sdh berpendidikan tinggi dan mendapat beasiswa di usa pergaulan kalian di berbagai mancanegara yg maju dan negara timtengbr kapasitas duta besar di new zealand belum mampu menjelaskan melepaskan diri dari mindset dan dogmabrkepastian kejujuran penguasaan teknologi kesehatan tidak rasis dan manusiawi inilah yg ditawarkan oleh rumah sakit di penang brdari klg kami berobat di penang ada kepastian pengobatan murah tiket pesawat murah kuliner akomodasi dan tranporasi bandara dalam kota murahbrpersentase berobat ke penang adalh tionghoa dan batak sekitar persen rata rata krn gagal berobat di indonesia terutama kepastian diagnosa tidak tepat dan akurat mengakibatkan biaya tinggi dan penyakit makin parahbrmasyarakat indonesia yg berobat dan berwisata kesehatan ke penang meningkat setiap hari penerbangan dari jakarta medan dan surabaya selalu selalu penuh booking tiket harus jauh hari baru dapat,pelayanan,,
ini hanya omon saja tidak bermamfaat karena kalian berdua belum bisa keluar dari dogma sesat yg kalian yakini saat ini brwalaupun sdh berpendidikan tinggi dan mendapat beasiswa di usa pergaulan kalian di berbagai mancanegara yg maju dan negara timtengbr kapasitas duta besar di new zealand belum mampu menjelaskan melepaskan diri dari mindset dan dogmabrkepastian kejujuran penguasaan teknologi kesehatan tidak rasis dan manusiawi inilah yg ditawarkan oleh rumah sakit di penang brdari klg kami berobat di penang ada kepastian pengobatan murah tiket pesawat murah kuliner akomodasi dan tranporasi bandara dalam kota murahbrpersentase berobat ke penang adalh tionghoa dan batak sekitar persen rata rata krn gagal berobat di indonesia terutama kepastian diagnosa tidak tepat dan akurat mengakibatkan biaya tinggi dan penyakit makin parahbrmasyarakat indonesia yg berobat dan berwisata kesehatan ke penang meningkat setiap hari penerbangan dari jakarta medan dan surabaya selalu selalu penuh booking tiket harus jauh hari baru dapat,aksesibilitas,,
ini hanya omon saja tidak bermamfaat karena kalian berdua belum bisa keluar dari dogma sesat yg kalian yakini saat ini brwalaupun sdh berpendidikan tinggi dan mendapat beasiswa di usa pergaulan kalian di berbagai mancanegara yg maju dan negara timtengbr kapasitas duta besar di new zealand belum mampu menjelaskan melepaskan diri dari mindset dan dogmabrkepastian kejujuran penguasaan teknologi kesehatan tidak rasis dan manusiawi inilah yg ditawarkan oleh rumah sakit di penang brdari klg kami berobat di penang ada kepastian pengobatan murah tiket pesawat murah kuliner akomodasi dan tranporasi bandara dalam kota murahbrpersentase berobat ke penang adalh tionghoa dan batak sekitar persen rata rata krn gagal berobat di indonesia terutama kepastian diagnosa tidak tepat dan akurat mengakibatkan biaya tinggi dan penyakit makin parahbrmasyarakat indonesia yg berobat dan berwisata kesehatan ke penang meningkat setiap hari penerbangan dari jakarta medan dan surabaya selalu selalu penuh booking tiket harus jauh hari baru dapat,kualitas_diagnosis,,
tapi memang berobat d indonesia terlalu mahal obat mahal bgt beruntung ada bpjs yg bisa d manfaatkan oleh rakyat yg membutuhkan tetapi ada sebagian masyarakat yg memang ingin mendapatkan pelayanan kesehatan diluar bpjs hanya sayang pelayanan dan obat di indonesia kelewat mahal sehingga mereka berobat ke luar negeri yg ternyata kualitas dan pelayanan kesehatannya lebih baik dan jauh lebih murah,biaya,,
tapi memang berobat d indonesia terlalu mahal obat mahal bgt beruntung ada bpjs yg bisa d manfaatkan oleh rakyat yg membutuhkan tetapi ada sebagian masyarakat yg memang ingin mendapatkan pelayanan kesehatan diluar bpjs hanya sayang pelayanan dan obat di indonesia kelewat mahal sehingga mereka berobat ke luar negeri yg ternyata kualitas dan pelayanan kesehatannya lebih baik dan jauh lebih murah,fasilitas,,
tapi memang berobat d indonesia terlalu mahal obat mahal bgt beruntung ada bpjs yg bisa d manfaatkan oleh rakyat yg membutuhkan tetapi ada sebagian masyarakat yg memang ingin mendapatkan pelayanan kesehatan diluar bpjs hanya sayang pelayanan dan obat di indonesia kelewat mahal sehingga mereka berobat ke luar negeri yg ternyata kualitas dan pelayanan kesehatannya lebih baik dan jauh lebih murah,pelayanan,,
tapi memang berobat d indonesia terlalu mahal obat mahal bgt beruntung ada bpjs yg bisa d manfaatkan oleh rakyat yg membutuhkan tetapi ada sebagian masyarakat yg memang ingin mendapatkan pelayanan kesehatan diluar bpjs hanya sayang pelayanan dan obat di indonesia kelewat mahal sehingga mereka berobat ke luar negeri yg ternyata kualitas dan pelayanan kesehatannya lebih baik dan jauh lebih murah,aksesibilitas,,
tapi memang berobat d indonesia terlalu mahal obat mahal bgt beruntung ada bpjs yg bisa d manfaatkan oleh rakyat yg membutuhkan tetapi ada sebagian masyarakat yg memang ingin mendapatkan pelayanan kesehatan diluar bpjs hanya sayang pelayanan dan obat di indonesia kelewat mahal sehingga mereka berobat ke luar negeri yg ternyata kualitas dan pelayanan kesehatannya lebih baik dan jauh lebih murah,kualitas_diagnosis,,
bukankah ada berita terbaru yang menyatakan sekarang ini banyak dokter di malaysia yang pindah ke luar negeri,pelayanan,,
my mom salah satu pasien yang memutuskan berobat ke penang beliau pergi ke penang adventist hospital pah recently pah terpilih menjadi salah satu hospital terbaik di asia kenapa ke situ pada saat beliau mulai sakit cari dokter susah antri dokter panjang kadang tidak dapat dan waktu dapat appointment tidak ada satupun dokter di rumah sakit pemerintah sampai rumah sakit termahal pun di jakarta bandung surabaya dan sekitarnya yang bisa kasih diagnosa tepat semua kirakira follow up juga susah waktu dan biaya habis for nothing kakak beliau kebetulan berobat ke pah merekomendasi pah saya tidak tinggal di indonesia meregristrasi ibu saya sangat mudah dari negara lain ibu saya didiagnosa dan ditangani dengan cepat walaupun beliau sebenarnya bisa disembuhkan bila kami lebih cepat membawanya ke pah tapi ini saja kami sudah bersyukur awalnya saya kira biaya di pah bakal gilagilaan kayak singapore tapi ternyata malah lebih murah daripada di jakarta service sangat baik mereka bahkan merekomendasikan rumah penginapan sekitar hospital bila hotel terlalu mahal komunikasi baik karena staff nya banyak orang indonesia dokternya gosh he gave me his personal cell phone number karena dia tau saya khawatir akan ibu saya dan dia menjawab telepon bila ditelepon waktu covid hit dan traveling ke penang susah mereka merekomendasikan obat similar atau generic yang ada di indonesia dokternya membuat saya teringat akan dokter di eropa dan amerika dimana menjadi dokter adalah panggilan hati bukan cari uang tidak bete kalau saya cari second or third opinion dari dokterdokter lain,biaya,,
my mom salah satu pasien yang memutuskan berobat ke penang beliau pergi ke penang adventist hospital pah recently pah terpilih menjadi salah satu hospital terbaik di asia kenapa ke situ pada saat beliau mulai sakit cari dokter susah antri dokter panjang kadang tidak dapat dan waktu dapat appointment tidak ada satupun dokter di rumah sakit pemerintah sampai rumah sakit termahal pun di jakarta bandung surabaya dan sekitarnya yang bisa kasih diagnosa tepat semua kirakira follow up juga susah waktu dan biaya habis for nothing kakak beliau kebetulan berobat ke pah merekomendasi pah saya tidak tinggal di indonesia meregristrasi ibu saya sangat mudah dari negara lain ibu saya didiagnosa dan ditangani dengan cepat walaupun beliau sebenarnya bisa disembuhkan bila kami lebih cepat membawanya ke pah tapi ini saja kami sudah bersyukur awalnya saya kira biaya di pah bakal gilagilaan kayak singapore tapi ternyata malah lebih murah daripada di jakarta service sangat baik mereka bahkan merekomendasikan rumah penginapan sekitar hospital bila hotel terlalu mahal komunikasi baik karena staff nya banyak orang indonesia dokternya gosh he gave me his personal cell phone number karena dia tau saya khawatir akan ibu saya dan dia menjawab telepon bila ditelepon waktu covid hit dan traveling ke penang susah mereka merekomendasikan obat similar atau generic yang ada di indonesia dokternya membuat saya teringat akan dokter di eropa dan amerika dimana menjadi dokter adalah panggilan hati bukan cari uang tidak bete kalau saya cari second or third opinion dari dokterdokter lain,fasilitas,,
my mom salah satu pasien yang memutuskan berobat ke penang beliau pergi ke penang adventist hospital pah recently pah terpilih menjadi salah satu hospital terbaik di asia kenapa ke situ pada saat beliau mulai sakit cari dokter susah antri dokter panjang kadang tidak dapat dan waktu dapat appointment tidak ada satupun dokter di rumah sakit pemerintah sampai rumah sakit termahal pun di jakarta bandung surabaya dan sekitarnya yang bisa kasih diagnosa tepat semua kirakira follow up juga susah waktu dan biaya habis for nothing kakak beliau kebetulan berobat ke pah merekomendasi pah saya tidak tinggal di indonesia meregristrasi ibu saya sangat mudah dari negara lain ibu saya didiagnosa dan ditangani dengan cepat walaupun beliau sebenarnya bisa disembuhkan bila kami lebih cepat membawanya ke pah tapi ini saja kami sudah bersyukur awalnya saya kira biaya di pah bakal gilagilaan kayak singapore tapi ternyata malah lebih murah daripada di jakarta service sangat baik mereka bahkan merekomendasikan rumah penginapan sekitar hospital bila hotel terlalu mahal komunikasi baik karena staff nya banyak orang indonesia dokternya gosh he gave me his personal cell phone number karena dia tau saya khawatir akan ibu saya dan dia menjawab telepon bila ditelepon waktu covid hit dan traveling ke penang susah mereka merekomendasikan obat similar atau generic yang ada di indonesia dokternya membuat saya teringat akan dokter di eropa dan amerika dimana menjadi dokter adalah panggilan hati bukan cari uang tidak bete kalau saya cari second or third opinion dari dokterdokter lain,pelayanan,,
my mom salah satu pasien yang memutuskan berobat ke penang beliau pergi ke penang adventist hospital pah recently pah terpilih menjadi salah satu hospital terbaik di asia kenapa ke situ pada saat beliau mulai sakit cari dokter susah antri dokter panjang kadang tidak dapat dan waktu dapat appointment tidak ada satupun dokter di rumah sakit pemerintah sampai rumah sakit termahal pun di jakarta bandung surabaya dan sekitarnya yang bisa kasih diagnosa tepat semua kirakira follow up juga susah waktu dan biaya habis for nothing kakak beliau kebetulan berobat ke pah merekomendasi pah saya tidak tinggal di indonesia meregristrasi ibu saya sangat mudah dari negara lain ibu saya didiagnosa dan ditangani dengan cepat walaupun beliau sebenarnya bisa disembuhkan bila kami lebih cepat membawanya ke pah tapi ini saja kami sudah bersyukur awalnya saya kira biaya di pah bakal gilagilaan kayak singapore tapi ternyata malah lebih murah daripada di jakarta service sangat baik mereka bahkan merekomendasikan rumah penginapan sekitar hospital bila hotel terlalu mahal komunikasi baik karena staff nya banyak orang indonesia dokternya gosh he gave me his personal cell phone number karena dia tau saya khawatir akan ibu saya dan dia menjawab telepon bila ditelepon waktu covid hit dan traveling ke penang susah mereka merekomendasikan obat similar atau generic yang ada di indonesia dokternya membuat saya teringat akan dokter di eropa dan amerika dimana menjadi dokter adalah panggilan hati bukan cari uang tidak bete kalau saya cari second or third opinion dari dokterdokter lain,aksesibilitas,,
my mom salah satu pasien yang memutuskan berobat ke penang beliau pergi ke penang adventist hospital pah recently pah terpilih menjadi salah satu hospital terbaik di asia kenapa ke situ pada saat beliau mulai sakit cari dokter susah antri dokter panjang kadang tidak dapat dan waktu dapat appointment tidak ada satupun dokter di rumah sakit pemerintah sampai rumah sakit termahal pun di jakarta bandung surabaya dan sekitarnya yang bisa kasih diagnosa tepat semua kirakira follow up juga susah waktu dan biaya habis for nothing kakak beliau kebetulan berobat ke pah merekomendasi pah saya tidak tinggal di indonesia meregristrasi ibu saya sangat mudah dari negara lain ibu saya didiagnosa dan ditangani dengan cepat walaupun beliau sebenarnya bisa disembuhkan bila kami lebih cepat membawanya ke pah tapi ini saja kami sudah bersyukur awalnya saya kira biaya di pah bakal gilagilaan kayak singapore tapi ternyata malah lebih murah daripada di jakarta service sangat baik mereka bahkan merekomendasikan rumah penginapan sekitar hospital bila hotel terlalu mahal komunikasi baik karena staff nya banyak orang indonesia dokternya gosh he gave me his personal cell phone number karena dia tau saya khawatir akan ibu saya dan dia menjawab telepon bila ditelepon waktu covid hit dan traveling ke penang susah mereka merekomendasikan obat similar atau generic yang ada di indonesia dokternya membuat saya teringat akan dokter di eropa dan amerika dimana menjadi dokter adalah panggilan hati bukan cari uang tidak bete kalau saya cari second or third opinion dari dokterdokter lain,kualitas_diagnosis,,
cekup keseluruhan di penang itu cuamn jt di indo lebij dari jt ngeri kan nah bagisan berobat ke penang lwbih canggih lebih terlayani hasilnya lebih akurat,fasilitas,,
cekup keseluruhan di penang itu cuamn jt di indo lebij dari jt ngeri kan nah bagisan berobat ke penang lwbih canggih lebih terlayani hasilnya lebih akurat,kualitas_diagnosis,,
berobat diluar negeri penang jauh lebih murah dari indonesiapelayanannya sangat bagustenaga medis hebatbrsdgkan di indobiaya berobat sangat mahalpelayanannya buruk dan tenaga medis kurang bagusbrpejabat indo aja berobat ke singapura,biaya,,
berobat diluar negeri penang jauh lebih murah dari indonesiapelayanannya sangat bagustenaga medis hebatbrsdgkan di indobiaya berobat sangat mahalpelayanannya buruk dan tenaga medis kurang bagusbrpejabat indo aja berobat ke singapura,fasilitas,,
berobat diluar negeri penang jauh lebih murah dari indonesiapelayanannya sangat bagustenaga medis hebatbrsdgkan di indobiaya berobat sangat mahalpelayanannya buruk dan tenaga medis kurang bagusbrpejabat indo aja berobat ke singapura,pelayanan,,
berobat diluar negeri penang jauh lebih murah dari indonesiapelayanannya sangat bagustenaga medis hebatbrsdgkan di indobiaya berobat sangat mahalpelayanannya buruk dan tenaga medis kurang bagusbrpejabat indo aja berobat ke singapura,aksesibilitas,,
membuat orang kita tidak berobat ke luar negeri itu hr dgn memprioritaskan kualitas kesehatan dlm negeri agar berkualitas terbaik untuk rakyat no dari segi diagnosa dan tingkat kesembuhan dr segala penyakit kedua dr fasilitas dokter terbaik teknologi dan pelayanan yg top notchyg bersaing dgn luar negeri singapore dan penang itu yg mereka miliki semua saat ini dibanding kita dgn sendirinya org akan percaya dan berobat di dalam negeri bahkan orang luar pun akan datang berobat bukan dengan cara mencegah org berobat ke luar negeri bahkan utk pariwisata bangun trotoar yg rindang dan jalan yg bagus listrik air yg bagus untuk rakyat rakyat bisa menikmatinya otomatis turis akan datang dgn sendirinyakuncinya pembangunan yg berbasis untuk rakyat dulu tanpa korupsi,biaya,,
membuat orang kita tidak berobat ke luar negeri itu hr dgn memprioritaskan kualitas kesehatan dlm negeri agar berkualitas terbaik untuk rakyat no dari segi diagnosa dan tingkat kesembuhan dr segala penyakit kedua dr fasilitas dokter terbaik teknologi dan pelayanan yg top notchyg bersaing dgn luar negeri singapore dan penang itu yg mereka miliki semua saat ini dibanding kita dgn sendirinya org akan percaya dan berobat di dalam negeri bahkan orang luar pun akan datang berobat bukan dengan cara mencegah org berobat ke luar negeri bahkan utk pariwisata bangun trotoar yg rindang dan jalan yg bagus listrik air yg bagus untuk rakyat rakyat bisa menikmatinya otomatis turis akan datang dgn sendirinyakuncinya pembangunan yg berbasis untuk rakyat dulu tanpa korupsi,fasilitas,,
membuat orang kita tidak berobat ke luar negeri itu hr dgn memprioritaskan kualitas kesehatan dlm negeri agar berkualitas terbaik untuk rakyat no dari segi diagnosa dan tingkat kesembuhan dr segala penyakit kedua dr fasilitas dokter terbaik teknologi dan pelayanan yg top notchyg bersaing dgn luar negeri singapore dan penang itu yg mereka miliki semua saat ini dibanding kita dgn sendirinya org akan percaya dan berobat di dalam negeri bahkan orang luar pun akan datang berobat bukan dengan cara mencegah org berobat ke luar negeri bahkan utk pariwisata bangun trotoar yg rindang dan jalan yg bagus listrik air yg bagus untuk rakyat rakyat bisa menikmatinya otomatis turis akan datang dgn sendirinyakuncinya pembangunan yg berbasis untuk rakyat dulu tanpa korupsi,pelayanan,,
membuat orang kita tidak berobat ke luar negeri itu hr dgn memprioritaskan kualitas kesehatan dlm negeri agar berkualitas terbaik untuk rakyat no dari segi diagnosa dan tingkat kesembuhan dr segala penyakit kedua dr fasilitas dokter terbaik teknologi dan pelayanan yg top notchyg bersaing dgn luar negeri singapore dan penang itu yg mereka miliki semua saat ini dibanding kita dgn sendirinya org akan percaya dan berobat di dalam negeri bahkan orang luar pun akan datang berobat bukan dengan cara mencegah org berobat ke luar negeri bahkan utk pariwisata bangun trotoar yg rindang dan jalan yg bagus listrik air yg bagus untuk rakyat rakyat bisa menikmatinya otomatis turis akan datang dgn sendirinyakuncinya pembangunan yg berbasis untuk rakyat dulu tanpa korupsi,kualitas_diagnosis,,
ketua dewan ekonomi nasional aja berobat ke singapura hendaknya pejabat memberi contoh terlebih dahulu jangan hanya bisa bacot give example and people will follow,biaya,,
tiket pesawat domestik yang lebih mahal mungkin salah satu faktor pertimbangan juga orang berobat ke luar negeri,biaya,,
tiket pesawat domestik yang lebih mahal mungkin salah satu faktor pertimbangan juga orang berobat ke luar negeri,kualitas_diagnosis,,
kalo mau orang ga berobat ke luar negeri gampang kok brbrdokternya yang kompeten dan diagnosa tepatbrbrrumah sakit juga harga harus wajar dan kasih obat juga yang perlu saja di samping itu pelayanan harus bagus ke pasienbrbrpemerintah jangan apa alat teknologi kesehatan dan obat dipajakin besar yang berat kan masyarakat masa harga obat di penang setengah harga dari di indonesia kalian sehatbrbrdokter luar negeri yang berkualitas tarik aja ke sini biar dokter di indonesia ada saingan ada yg gelar prof diajak konsul maunya buru giliran ditanya jawabnya ga enak banget ga kayak dokter di penang,biaya,,
kalo mau orang ga berobat ke luar negeri gampang kok brbrdokternya yang kompeten dan diagnosa tepatbrbrrumah sakit juga harga harus wajar dan kasih obat juga yang perlu saja di samping itu pelayanan harus bagus ke pasienbrbrpemerintah jangan apa alat teknologi kesehatan dan obat dipajakin besar yang berat kan masyarakat masa harga obat di penang setengah harga dari di indonesia kalian sehatbrbrdokter luar negeri yang berkualitas tarik aja ke sini biar dokter di indonesia ada saingan ada yg gelar prof diajak konsul maunya buru giliran ditanya jawabnya ga enak banget ga kayak dokter di penang,fasilitas,,
kalo mau orang ga berobat ke luar negeri gampang kok brbrdokternya yang kompeten dan diagnosa tepatbrbrrumah sakit juga harga harus wajar dan kasih obat juga yang perlu saja di samping itu pelayanan harus bagus ke pasienbrbrpemerintah jangan apa alat teknologi kesehatan dan obat dipajakin besar yang berat kan masyarakat masa harga obat di penang setengah harga dari di indonesia kalian sehatbrbrdokter luar negeri yang berkualitas tarik aja ke sini biar dokter di indonesia ada saingan ada yg gelar prof diajak konsul maunya buru giliran ditanya jawabnya ga enak banget ga kayak dokter di penang,pelayanan,,
kalo mau orang ga berobat ke luar negeri gampang kok brbrdokternya yang kompeten dan diagnosa tepatbrbrrumah sakit juga harga harus wajar dan kasih obat juga yang perlu saja di samping itu pelayanan harus bagus ke pasienbrbrpemerintah jangan apa alat teknologi kesehatan dan obat dipajakin besar yang berat kan masyarakat masa harga obat di penang setengah harga dari di indonesia kalian sehatbrbrdokter luar negeri yang berkualitas tarik aja ke sini biar dokter di indonesia ada saingan ada yg gelar prof diajak konsul maunya buru giliran ditanya jawabnya ga enak banget ga kayak dokter di penang,aksesibilitas,,
kalo mau orang ga berobat ke luar negeri gampang kok brbrdokternya yang kompeten dan diagnosa tepatbrbrrumah sakit juga harga harus wajar dan kasih obat juga yang perlu saja di samping itu pelayanan harus bagus ke pasienbrbrpemerintah jangan apa alat teknologi kesehatan dan obat dipajakin besar yang berat kan masyarakat masa harga obat di penang setengah harga dari di indonesia kalian sehatbrbrdokter luar negeri yang berkualitas tarik aja ke sini biar dokter di indonesia ada saingan ada yg gelar prof diajak konsul maunya buru giliran ditanya jawabnya ga enak banget ga kayak dokter di penang,kualitas_diagnosis,,
gue pernah nemanin kakak gue berobat ke penang malaysia sambil liburan emang disana murah pelayanannya sangat memuaskan dokternya jujur kalo sakit a dibilang a obatnya murahpokok nya semua nyaman gak pake ribetwaduh kalo berobat di aceh apalagi di medan malah tambah penyakit lain,biaya,,
gue pernah nemanin kakak gue berobat ke penang malaysia sambil liburan emang disana murah pelayanannya sangat memuaskan dokternya jujur kalo sakit a dibilang a obatnya murahpokok nya semua nyaman gak pake ribetwaduh kalo berobat di aceh apalagi di medan malah tambah penyakit lain,pelayanan,,
kata diaspora indonesia yang bernama irwan prasetyo indonesia adalah negara muslim terbesar di dunia yang tidak pernah mempromosikan wisata peninggalan peradaban islam yang dipromosikan pemerintah malah bali hindu candi borobudur budha brlord luhut saja berobat ke singapura sedangkan bapak sby ke klinik mayo a,fasilitas,,
kata diaspora indonesia yang bernama irwan prasetyo indonesia adalah negara muslim terbesar di dunia yang tidak pernah mempromosikan wisata peninggalan peradaban islam yang dipromosikan pemerintah malah bali hindu candi borobudur budha brlord luhut saja berobat ke singapura sedangkan bapak sby ke klinik mayo a,aksesibilitas,,
trilliun ke negara lain ya lebih baik daripada trilliun masuk ke kantong koruptor yang ujungnya dibagi juga ke orang dalam ya orang partai anggota dewan dan orang instansi pemerintah juga ke siapa lagi jadi lebih baik berobat ke luar negeri memang,biaya,,
trilliun ke negara lain ya lebih baik daripada trilliun masuk ke kantong koruptor yang ujungnya dibagi juga ke orang dalam ya orang partai anggota dewan dan orang instansi pemerintah juga ke siapa lagi jadi lebih baik berobat ke luar negeri memang,fasilitas,,
setiap tahun ada pamerannya di surabaya promosi rumah sakit di luar negeri,fasilitas,,
setiap tahun ada pamerannya di surabaya promosi rumah sakit di luar negeri,pelayanan,,
saya sudah hampir tahun sakit lutut tanpa ada kejelasan setelah bolak balik ke r spesialis ortopedi dan penyakit dalam sekalipun brcurhat sama dokter umum disuruh berobat harus berobat ke luar negeri,pelayanan,,
memang biaya lebih murah tapi bukan menjamin kesembuhan itu kata pasen² sy yg sebelumnya berobat ke penang dan kl,biaya,,
memang biaya lebih murah tapi bukan menjamin kesembuhan itu kata pasen² sy yg sebelumnya berobat ke penang dan kl,pelayanan,,
menurut saya itu lebih bagus mereka berobat ke penang dan hasilnya ketauan pelayanannya juga bagus uang yang mereka keluarkan tidak siasia brdi indonesia kan gak bisa begitubrsatu hal dan yang utama yang harus di lakukan di indonesia adalah berantas bidang korupsi karena bidang korupsi di indonesia semakin maju ini yg utama ini yang harus di sikat sisanya tinggal di tata,biaya,,
menurut saya itu lebih bagus mereka berobat ke penang dan hasilnya ketauan pelayanannya juga bagus uang yang mereka keluarkan tidak siasia brdi indonesia kan gak bisa begitubrsatu hal dan yang utama yang harus di lakukan di indonesia adalah berantas bidang korupsi karena bidang korupsi di indonesia semakin maju ini yg utama ini yang harus di sikat sisanya tinggal di tata,fasilitas,,
menurut saya itu lebih bagus mereka berobat ke penang dan hasilnya ketauan pelayanannya juga bagus uang yang mereka keluarkan tidak siasia brdi indonesia kan gak bisa begitubrsatu hal dan yang utama yang harus di lakukan di indonesia adalah berantas bidang korupsi karena bidang korupsi di indonesia semakin maju ini yg utama ini yang harus di sikat sisanya tinggal di tata,pelayanan,,
menurut saya itu lebih bagus mereka berobat ke penang dan hasilnya ketauan pelayanannya juga bagus uang yang mereka keluarkan tidak siasia brdi indonesia kan gak bisa begitubrsatu hal dan yang utama yang harus di lakukan di indonesia adalah berantas bidang korupsi karena bidang korupsi di indonesia semakin maju ini yg utama ini yang harus di sikat sisanya tinggal di tata,aksesibilitas,,
menurut saya itu lebih bagus mereka berobat ke penang dan hasilnya ketauan pelayanannya juga bagus uang yang mereka keluarkan tidak siasia brdi indonesia kan gak bisa begitubrsatu hal dan yang utama yang harus di lakukan di indonesia adalah berantas bidang korupsi karena bidang korupsi di indonesia semakin maju ini yg utama ini yang harus di sikat sisanya tinggal di tata,kualitas_diagnosis,,
iklannya berobat ke penang selaluadadimalltantowi yahya buat iklan jugaapakah bukan kontra produktifdari segi devisadari usaha pemerintahberusaha agar tidak berobat keluar,general,,
propokator dokter disini pelayanannya sudah maksimal ad pelayanan bpjs biaya dibantu brcoba di malaysia berobat nya ada duit makanya dilayani bagaikan bak raja bringat klo berobat ke luar negeri devisa negara bakal berkurang kemiskinan juga akan meningkat brterserah mau kemana,biaya,,
propokator dokter disini pelayanannya sudah maksimal ad pelayanan bpjs biaya dibantu brcoba di malaysia berobat nya ada duit makanya dilayani bagaikan bak raja bringat klo berobat ke luar negeri devisa negara bakal berkurang kemiskinan juga akan meningkat brterserah mau kemana,fasilitas,,
propokator dokter disini pelayanannya sudah maksimal ad pelayanan bpjs biaya dibantu brcoba di malaysia berobat nya ada duit makanya dilayani bagaikan bak raja bringat klo berobat ke luar negeri devisa negara bakal berkurang kemiskinan juga akan meningkat brterserah mau kemana,pelayanan,,
orang berobat ke penang sebenarnya bukan murah yang di cari tapi penanganan yang lebih cepat dan diagnosa yang lebih tepat oleh dokter profesional kalo lebih murah hanya bonus sih,biaya,,
orang berobat ke penang sebenarnya bukan murah yang di cari tapi penanganan yang lebih cepat dan diagnosa yang lebih tepat oleh dokter profesional kalo lebih murah hanya bonus sih,pelayanan,,
orang berobat ke penang sebenarnya bukan murah yang di cari tapi penanganan yang lebih cepat dan diagnosa yang lebih tepat oleh dokter profesional kalo lebih murah hanya bonus sih,kualitas_diagnosis,,
mbak kemarin sy berobat ke penang bln lagi kontrol minta doanya ya mbak semoga berhasil aamiin,pelayanan,,
mbak kemarin sy berobat ke penang bln lagi kontrol minta doanya ya mbak semoga berhasil aamiin,kualitas_diagnosis,,
sudah sejak kami sekeluarga selalu berobat ke penang atau singaporebrini karena beaya kurang lebih sama tapi kualitas layanan jauh lebih memuaskanbryang paling keren itu para dokternya sangat baik dan siap melayani pertanyaan kita sampai detail dengan sabarbrkapan ya para dokter kita bisa sebaik mereka,fasilitas,,
sudah sejak kami sekeluarga selalu berobat ke penang atau singaporebrini karena beaya kurang lebih sama tapi kualitas layanan jauh lebih memuaskanbryang paling keren itu para dokternya sangat baik dan siap melayani pertanyaan kita sampai detail dengan sabarbrkapan ya para dokter kita bisa sebaik mereka,pelayanan,,
sudah sejak kami sekeluarga selalu berobat ke penang atau singaporebrini karena beaya kurang lebih sama tapi kualitas layanan jauh lebih memuaskanbryang paling keren itu para dokternya sangat baik dan siap melayani pertanyaan kita sampai detail dengan sabarbrkapan ya para dokter kita bisa sebaik mereka,aksesibilitas,,
sudah sejak kami sekeluarga selalu berobat ke penang atau singaporebrini karena beaya kurang lebih sama tapi kualitas layanan jauh lebih memuaskanbryang paling keren itu para dokternya sangat baik dan siap melayani pertanyaan kita sampai detail dengan sabarbrkapan ya para dokter kita bisa sebaik mereka,kualitas_diagnosis,,
tip bagi rakyat indonesia yang tidak bisa berobat ke luar negeri carilah dokter yang pintar dan tidak mataduitan darimana kita tahu salah satu sumber info adalah perawat yang kerja di rumah sakit perawat ini tahu baik buruknya dokter di rumah sakit,biaya,,
tip bagi rakyat indonesia yang tidak bisa berobat ke luar negeri carilah dokter yang pintar dan tidak mataduitan darimana kita tahu salah satu sumber info adalah perawat yang kerja di rumah sakit perawat ini tahu baik buruknya dokter di rumah sakit,fasilitas,,
tip bagi rakyat indonesia yang tidak bisa berobat ke luar negeri carilah dokter yang pintar dan tidak mataduitan darimana kita tahu salah satu sumber info adalah perawat yang kerja di rumah sakit perawat ini tahu baik buruknya dokter di rumah sakit,pelayanan,,
tip bagi rakyat indonesia yang tidak bisa berobat ke luar negeri carilah dokter yang pintar dan tidak mataduitan darimana kita tahu salah satu sumber info adalah perawat yang kerja di rumah sakit perawat ini tahu baik buruknya dokter di rumah sakit,aksesibilitas,,
tip bagi rakyat indonesia yang tidak bisa berobat ke luar negeri carilah dokter yang pintar dan tidak mataduitan darimana kita tahu salah satu sumber info adalah perawat yang kerja di rumah sakit perawat ini tahu baik buruknya dokter di rumah sakit,kualitas_diagnosis,,
saya juga pernah punya pengalaman berobat ke malaysia waktu itu pa anak saya kena demam berdarah di rumah sakit indonesia suruh rawat inap sedangkan waktu itu saya pergi ke rumahsakit sultan ismail johor pagi masuk rumahsakit langsung di infus kasih obat dan segala macem pa sore udah boleh pulang dan kondisi anak saya memang sudah jauh membaik dan gak sampai rawat inap padahal saya sudah menduga akan rawat inap mungkin hari ternyata dugaan saya salah total,fasilitas,,
saya juga pernah punya pengalaman berobat ke malaysia waktu itu pa anak saya kena demam berdarah di rumah sakit indonesia suruh rawat inap sedangkan waktu itu saya pergi ke rumahsakit sultan ismail johor pagi masuk rumahsakit langsung di infus kasih obat dan segala macem pa sore udah boleh pulang dan kondisi anak saya memang sudah jauh membaik dan gak sampai rawat inap padahal saya sudah menduga akan rawat inap mungkin hari ternyata dugaan saya salah total,pelayanan,,
saya juga pernah punya pengalaman berobat ke malaysia waktu itu pa anak saya kena demam berdarah di rumah sakit indonesia suruh rawat inap sedangkan waktu itu saya pergi ke rumahsakit sultan ismail johor pagi masuk rumahsakit langsung di infus kasih obat dan segala macem pa sore udah boleh pulang dan kondisi anak saya memang sudah jauh membaik dan gak sampai rawat inap padahal saya sudah menduga akan rawat inap mungkin hari ternyata dugaan saya salah total,aksesibilitas,,
saya juga pernah punya pengalaman berobat ke malaysia waktu itu pa anak saya kena demam berdarah di rumah sakit indonesia suruh rawat inap sedangkan waktu itu saya pergi ke rumahsakit sultan ismail johor pagi masuk rumahsakit langsung di infus kasih obat dan segala macem pa sore udah boleh pulang dan kondisi anak saya memang sudah jauh membaik dan gak sampai rawat inap padahal saya sudah menduga akan rawat inap mungkin hari ternyata dugaan saya salah total,kualitas_diagnosis,,
berobat ke penang memang sangat murah dan pelayanan sangat ramahbrsaya pernah mau general cek up dan dpt info perbandingan biaya dng penang jumlah item gc lebih banyak sehari keluar hasil dan nasehat biaya di jkt bisa unt beli tiket pesawat pp dan hotel murah malam serta jajan,biaya,,
berobat ke penang memang sangat murah dan pelayanan sangat ramahbrsaya pernah mau general cek up dan dpt info perbandingan biaya dng penang jumlah item gc lebih banyak sehari keluar hasil dan nasehat biaya di jkt bisa unt beli tiket pesawat pp dan hotel murah malam serta jajan,fasilitas,,
berobat ke penang memang sangat murah dan pelayanan sangat ramahbrsaya pernah mau general cek up dan dpt info perbandingan biaya dng penang jumlah item gc lebih banyak sehari keluar hasil dan nasehat biaya di jkt bisa unt beli tiket pesawat pp dan hotel murah malam serta jajan,pelayanan,,
berobat ke penang memang sangat murah dan pelayanan sangat ramahbrsaya pernah mau general cek up dan dpt info perbandingan biaya dng penang jumlah item gc lebih banyak sehari keluar hasil dan nasehat biaya di jkt bisa unt beli tiket pesawat pp dan hotel murah malam serta jajan,kualitas_diagnosis,,
dokter di malaysia s di jakarta s,pelayanan,,
di indo tuh tiap kali ganti presiden juga ganti menteri juga ganti aturan jadi para elit politik dan org berduit dan berkuasa di indo gak peduli ama rakyat kayak kita krn mereka sibuk saling merebut kekuasaan dan bagi jatah sedangkan kita bekerja matian jg dikenakan pajak dan hr bayar pajak uang dari bayar pajak malah buat gaji para pejabat yg korup dan semua ini merembes ke semua aspek kehidupan di indo uda eksploitasi alam gilaan sampe byk ekosistem yg rusak ini ditambah lagi mengeksploitasi manusia dokter di indo itu sebagian besar jualan obat ke pasien obat murah dijual mahal biar cepat kaya sejauh timur ke barat itulah perbandingan dokter indo ama dokter malaysia hrsnya para pajabat dan dokter di indo malu tapi kenyataannya mereka bodo amat krn urat malunya uda putus dan gak ada obatnya lagi buat disambung selagi punya cukup uang kalo sakit jauh lebih mending berobat ke malaysia yg di kalimantan bisa coba ke kuching di sana dokternya jg bagus kalo sakitnya butuh medis lebih lanjut baru coba berobat ke penang,biaya,,
di indo tuh tiap kali ganti presiden juga ganti menteri juga ganti aturan jadi para elit politik dan org berduit dan berkuasa di indo gak peduli ama rakyat kayak kita krn mereka sibuk saling merebut kekuasaan dan bagi jatah sedangkan kita bekerja matian jg dikenakan pajak dan hr bayar pajak uang dari bayar pajak malah buat gaji para pejabat yg korup dan semua ini merembes ke semua aspek kehidupan di indo uda eksploitasi alam gilaan sampe byk ekosistem yg rusak ini ditambah lagi mengeksploitasi manusia dokter di indo itu sebagian besar jualan obat ke pasien obat murah dijual mahal biar cepat kaya sejauh timur ke barat itulah perbandingan dokter indo ama dokter malaysia hrsnya para pajabat dan dokter di indo malu tapi kenyataannya mereka bodo amat krn urat malunya uda putus dan gak ada obatnya lagi buat disambung selagi punya cukup uang kalo sakit jauh lebih mending berobat ke malaysia yg di kalimantan bisa coba ke kuching di sana dokternya jg bagus kalo sakitnya butuh medis lebih lanjut baru coba berobat ke penang,fasilitas,,
di indo tuh tiap kali ganti presiden juga ganti menteri juga ganti aturan jadi para elit politik dan org berduit dan berkuasa di indo gak peduli ama rakyat kayak kita krn mereka sibuk saling merebut kekuasaan dan bagi jatah sedangkan kita bekerja matian jg dikenakan pajak dan hr bayar pajak uang dari bayar pajak malah buat gaji para pejabat yg korup dan semua ini merembes ke semua aspek kehidupan di indo uda eksploitasi alam gilaan sampe byk ekosistem yg rusak ini ditambah lagi mengeksploitasi manusia dokter di indo itu sebagian besar jualan obat ke pasien obat murah dijual mahal biar cepat kaya sejauh timur ke barat itulah perbandingan dokter indo ama dokter malaysia hrsnya para pajabat dan dokter di indo malu tapi kenyataannya mereka bodo amat krn urat malunya uda putus dan gak ada obatnya lagi buat disambung selagi punya cukup uang kalo sakit jauh lebih mending berobat ke malaysia yg di kalimantan bisa coba ke kuching di sana dokternya jg bagus kalo sakitnya butuh medis lebih lanjut baru coba berobat ke penang,pelayanan,,
di indo tuh tiap kali ganti presiden juga ganti menteri juga ganti aturan jadi para elit politik dan org berduit dan berkuasa di indo gak peduli ama rakyat kayak kita krn mereka sibuk saling merebut kekuasaan dan bagi jatah sedangkan kita bekerja matian jg dikenakan pajak dan hr bayar pajak uang dari bayar pajak malah buat gaji para pejabat yg korup dan semua ini merembes ke semua aspek kehidupan di indo uda eksploitasi alam gilaan sampe byk ekosistem yg rusak ini ditambah lagi mengeksploitasi manusia dokter di indo itu sebagian besar jualan obat ke pasien obat murah dijual mahal biar cepat kaya sejauh timur ke barat itulah perbandingan dokter indo ama dokter malaysia hrsnya para pajabat dan dokter di indo malu tapi kenyataannya mereka bodo amat krn urat malunya uda putus dan gak ada obatnya lagi buat disambung selagi punya cukup uang kalo sakit jauh lebih mending berobat ke malaysia yg di kalimantan bisa coba ke kuching di sana dokternya jg bagus kalo sakitnya butuh medis lebih lanjut baru coba berobat ke penang,aksesibilitas,,
terimakasih sharingnya kak sangat bermanfaat mau nanya kalau cari informasi berobat ke penang malaysia bisa lewat mana ya,aksesibilitas,,
pemerintah nyinyir bila rakyatnya menggunakan bahasa inggeris tapi anak nya semua sekolah internasional dan kuliah luar negararakyat buat negara rugi jika berobat ke luar negeriluhut sendiri berobat di singapore kerana masih ragu dengan kemampuan doktor dirumah sakit yg ada di indon rakyat indon tidak sedar politik yg dimainkan oleh pemerintahfafafufu,biaya,,
pemerintah nyinyir bila rakyatnya menggunakan bahasa inggeris tapi anak nya semua sekolah internasional dan kuliah luar negararakyat buat negara rugi jika berobat ke luar negeriluhut sendiri berobat di singapore kerana masih ragu dengan kemampuan doktor dirumah sakit yg ada di indon rakyat indon tidak sedar politik yg dimainkan oleh pemerintahfafafufu,fasilitas,,
pemerintah nyinyir bila rakyatnya menggunakan bahasa inggeris tapi anak nya semua sekolah internasional dan kuliah luar negararakyat buat negara rugi jika berobat ke luar negeriluhut sendiri berobat di singapore kerana masih ragu dengan kemampuan doktor dirumah sakit yg ada di indon rakyat indon tidak sedar politik yg dimainkan oleh pemerintahfafafufu,pelayanan,,
pemerintah nyinyir bila rakyatnya menggunakan bahasa inggeris tapi anak nya semua sekolah internasional dan kuliah luar negararakyat buat negara rugi jika berobat ke luar negeriluhut sendiri berobat di singapore kerana masih ragu dengan kemampuan doktor dirumah sakit yg ada di indon rakyat indon tidak sedar politik yg dimainkan oleh pemerintahfafafufu,aksesibilitas,,
bukan karena malaysia negara hebat itu karena budaya indonesia yang merasa berobat ke luar negeri lebih oke bukan hanya malaysia tapi ke singapura jepang korea bahkan sampai ke eropa dan amerika jadi kalo malaysia merasa lebih hebat dari indonesia ya salah besar itu karena faktor budaya indonesia yang harus di kikis karena sudah banyak dokter indonesia yang praktek di luar negeri tapi pa balik ke indonesia masih banyak yang berobat ke luar negeri jadi ini faktor kebiasaan dan gengsi selain itu biaya berobat di indonesia lebih mahal dari di luar negeri itulah penyebabnya,biaya,,
bukan karena malaysia negara hebat itu karena budaya indonesia yang merasa berobat ke luar negeri lebih oke bukan hanya malaysia tapi ke singapura jepang korea bahkan sampai ke eropa dan amerika jadi kalo malaysia merasa lebih hebat dari indonesia ya salah besar itu karena faktor budaya indonesia yang harus di kikis karena sudah banyak dokter indonesia yang praktek di luar negeri tapi pa balik ke indonesia masih banyak yang berobat ke luar negeri jadi ini faktor kebiasaan dan gengsi selain itu biaya berobat di indonesia lebih mahal dari di luar negeri itulah penyebabnya,pelayanan,,
bukan karena malaysia negara hebat itu karena budaya indonesia yang merasa berobat ke luar negeri lebih oke bukan hanya malaysia tapi ke singapura jepang korea bahkan sampai ke eropa dan amerika jadi kalo malaysia merasa lebih hebat dari indonesia ya salah besar itu karena faktor budaya indonesia yang harus di kikis karena sudah banyak dokter indonesia yang praktek di luar negeri tapi pa balik ke indonesia masih banyak yang berobat ke luar negeri jadi ini faktor kebiasaan dan gengsi selain itu biaya berobat di indonesia lebih mahal dari di luar negeri itulah penyebabnya,aksesibilitas,,
bukan karena malaysia negara hebat itu karena budaya indonesia yang merasa berobat ke luar negeri lebih oke bukan hanya malaysia tapi ke singapura jepang korea bahkan sampai ke eropa dan amerika jadi kalo malaysia merasa lebih hebat dari indonesia ya salah besar itu karena faktor budaya indonesia yang harus di kikis karena sudah banyak dokter indonesia yang praktek di luar negeri tapi pa balik ke indonesia masih banyak yang berobat ke luar negeri jadi ini faktor kebiasaan dan gengsi selain itu biaya berobat di indonesia lebih mahal dari di luar negeri itulah penyebabnya,kualitas_diagnosis,,
nyokap juga selalu pengennya berobat ke penang,general,,
tau ga yg paling gila sama dokter di malaysia saya ama mama sy landing di kl udah sore jam an trus naik taxi lgsg ke r berharap blom tutup tp pa sampe udah tutup sisa perawat jaga aja tp yg bikin kaget tetep di suruh register ama minta tunggu sebentar dan taraaa gak sampe jam dokter yg udah sampe rumah balik lg ke r dgn pake baju bebas pake jean ama kaos polo doank dan dia mau balik lg ke r cuma buat konsultasi sama mama saya padahal bisa by phone abis konsul di bikin rujukan lab jd besok pagi bisa balik ke r dan hasil lab udah keluar semua kegiatan hari ini free cuma bayar regster dan lab nya aja kebayang klo di indo konsul buat cek lab dokter aja udah kena rb,biaya,,
tau ga yg paling gila sama dokter di malaysia saya ama mama sy landing di kl udah sore jam an trus naik taxi lgsg ke r berharap blom tutup tp pa sampe udah tutup sisa perawat jaga aja tp yg bikin kaget tetep di suruh register ama minta tunggu sebentar dan taraaa gak sampe jam dokter yg udah sampe rumah balik lg ke r dgn pake baju bebas pake jean ama kaos polo doank dan dia mau balik lg ke r cuma buat konsultasi sama mama saya padahal bisa by phone abis konsul di bikin rujukan lab jd besok pagi bisa balik ke r dan hasil lab udah keluar semua kegiatan hari ini free cuma bayar regster dan lab nya aja kebayang klo di indo konsul buat cek lab dokter aja udah kena rb,fasilitas,,
tau ga yg paling gila sama dokter di malaysia saya ama mama sy landing di kl udah sore jam an trus naik taxi lgsg ke r berharap blom tutup tp pa sampe udah tutup sisa perawat jaga aja tp yg bikin kaget tetep di suruh register ama minta tunggu sebentar dan taraaa gak sampe jam dokter yg udah sampe rumah balik lg ke r dgn pake baju bebas pake jean ama kaos polo doank dan dia mau balik lg ke r cuma buat konsultasi sama mama saya padahal bisa by phone abis konsul di bikin rujukan lab jd besok pagi bisa balik ke r dan hasil lab udah keluar semua kegiatan hari ini free cuma bayar regster dan lab nya aja kebayang klo di indo konsul buat cek lab dokter aja udah kena rb,pelayanan,,
tau ga yg paling gila sama dokter di malaysia saya ama mama sy landing di kl udah sore jam an trus naik taxi lgsg ke r berharap blom tutup tp pa sampe udah tutup sisa perawat jaga aja tp yg bikin kaget tetep di suruh register ama minta tunggu sebentar dan taraaa gak sampe jam dokter yg udah sampe rumah balik lg ke r dgn pake baju bebas pake jean ama kaos polo doank dan dia mau balik lg ke r cuma buat konsultasi sama mama saya padahal bisa by phone abis konsul di bikin rujukan lab jd besok pagi bisa balik ke r dan hasil lab udah keluar semua kegiatan hari ini free cuma bayar regster dan lab nya aja kebayang klo di indo konsul buat cek lab dokter aja udah kena rb,kualitas_diagnosis,,
alasan aku berobat di indonesia karena ga ada biaya buat berobat ke luar negeri,biaya,,
alasan aku berobat di indonesia karena ga ada biaya buat berobat ke luar negeri,aksesibilitas,,
ini aja yg berobat ke luar negeri ktnya merugikan negara karena uang rakyat mengalir ke malaysia klau bpjs kerja sama sudah pasti masyarakat lebih memilik ke malaysia,biaya,,
anak saya th kena tumor tulang kalau punya uang cukup saya mau bawa anak saya berobat ke penang,biaya,,
minta doanya suamiku sakit kanker otak untuk saat ini sedang berkordinasi dokter di singapura untuk mau di oprasi di sana tp kondisi saat ini masih lemah di icu mohon doanya semuanya,pelayanan,,
saya mau bawa ortu berobat ke penang kk ada rekomendasi agen nya saya belum pernah kesana,pelayanan,,
sama kaya sby udh tau bobrok nya kedokteran indonesia tapi semasa dia menjabat diam aja pa istri nya sakit berobat ke singapura walaupun akhirnya meninggal juga ini bukti ketidakpercayaan nya orang indonesia sama dokter indonesia bahkan mantan presiden sekalipun tidak percaya sama dokter indonesia,biaya,,
sama kaya sby udh tau bobrok nya kedokteran indonesia tapi semasa dia menjabat diam aja pa istri nya sakit berobat ke singapura walaupun akhirnya meninggal juga ini bukti ketidakpercayaan nya orang indonesia sama dokter indonesia bahkan mantan presiden sekalipun tidak percaya sama dokter indonesia,pelayanan,,
sama kaya sby udh tau bobrok nya kedokteran indonesia tapi semasa dia menjabat diam aja pa istri nya sakit berobat ke singapura walaupun akhirnya meninggal juga ini bukti ketidakpercayaan nya orang indonesia sama dokter indonesia bahkan mantan presiden sekalipun tidak percaya sama dokter indonesia,aksesibilitas,,
ini lah yg merusak dan membuat banyak masyarakat indonesia banyak berobat ke penang malaka singapore brpemerintah harus turun tangan bubarkan idi,aksesibilitas,,
kenapa orang indonesia berobat ke luar negeri karena berobat di dalam negeri duit udah habis penyakit nya ga sembuh sembuh,biaya,,
kenapa orang indonesia berobat ke luar negeri karena berobat di dalam negeri duit udah habis penyakit nya ga sembuh sembuh,pelayanan,,
kenapa orang indonesia berobat ke luar negeri karena berobat di dalam negeri duit udah habis penyakit nya ga sembuh sembuh,aksesibilitas,,
pantas sedikit sedikit berobat ke luar negeri kalu bukan pejabat pasti orang banyak uang matilah orang miskin karena di bedakan luar biasa,biaya,,
pantas sedikit sedikit berobat ke luar negeri kalu bukan pejabat pasti orang banyak uang matilah orang miskin karena di bedakan luar biasa,pelayanan,,
yg ngomong ini bakal dijegal yg mampu berobat ke singapura malaysia cina yg super ke jerman u dll pakjokowi bingung sekarang menkes bukan dokter bisa lihat sebagai penonton mengerti melihat idi dari luar,biaya,,
yg ngomong ini bakal dijegal yg mampu berobat ke singapura malaysia cina yg super ke jerman u dll pakjokowi bingung sekarang menkes bukan dokter bisa lihat sebagai penonton mengerti melihat idi dari luar,pelayanan,,
kenapa orang indonesia berobat ke luar negeri seperti singapore itu semua karena bobroknya sistem kedokteran indonesia yang berakibat penurunan kualitas dokter indonesia dokter yang tidak berkualitas bisa lulu karena koneksi ataupun uang sudah saatnya asosiasi kedokteran dibubarkan dan pemerintah mengambil alih langsung,biaya,,
kenapa orang indonesia berobat ke luar negeri seperti singapore itu semua karena bobroknya sistem kedokteran indonesia yang berakibat penurunan kualitas dokter indonesia dokter yang tidak berkualitas bisa lulu karena koneksi ataupun uang sudah saatnya asosiasi kedokteran dibubarkan dan pemerintah mengambil alih langsung,fasilitas,,
kenapa orang indonesia berobat ke luar negeri seperti singapore itu semua karena bobroknya sistem kedokteran indonesia yang berakibat penurunan kualitas dokter indonesia dokter yang tidak berkualitas bisa lulu karena koneksi ataupun uang sudah saatnya asosiasi kedokteran dibubarkan dan pemerintah mengambil alih langsung,pelayanan,,
kenapa orang indonesia berobat ke luar negeri seperti singapore itu semua karena bobroknya sistem kedokteran indonesia yang berakibat penurunan kualitas dokter indonesia dokter yang tidak berkualitas bisa lulu karena koneksi ataupun uang sudah saatnya asosiasi kedokteran dibubarkan dan pemerintah mengambil alih langsung,aksesibilitas,,
kenapa orang indonesia berobat ke luar negeri seperti singapore itu semua karena bobroknya sistem kedokteran indonesia yang berakibat penurunan kualitas dokter indonesia dokter yang tidak berkualitas bisa lulu karena koneksi ataupun uang sudah saatnya asosiasi kedokteran dibubarkan dan pemerintah mengambil alih langsung,kualitas_diagnosis,,
dokter di indonesia banyak yg tak bermutu analisis penyakit berdasarkan penglihatan pasienbrpd umumnya bkn berdasarkan brrontgen pasein menderita brpenyakit kanker dokter spesialis brindonesia blg kena stroke branalysisnya sperti bumi dan langit mmg dokter ln mbacabrrontgen mmg sgt akurat ga brsembrono dan satu lg kelalaian brdokter indonesia sbg pasein ga brbs minta pertanggung jawab dari brdokterdokter indonesia kebal hukum dilindungi idi n pasein brdiintimidasi sm preman aparatnya ini fakta bkn hoax brterjadi pd keluargakubrskrg ini ajurkan kenalan n kerabat brberobat ke luar negeribrnb pesawat dan manterinya brtak jujur jg ga ramah,fasilitas,,
dokter di indonesia banyak yg tak bermutu analisis penyakit berdasarkan penglihatan pasienbrpd umumnya bkn berdasarkan brrontgen pasein menderita brpenyakit kanker dokter spesialis brindonesia blg kena stroke branalysisnya sperti bumi dan langit mmg dokter ln mbacabrrontgen mmg sgt akurat ga brsembrono dan satu lg kelalaian brdokter indonesia sbg pasein ga brbs minta pertanggung jawab dari brdokterdokter indonesia kebal hukum dilindungi idi n pasein brdiintimidasi sm preman aparatnya ini fakta bkn hoax brterjadi pd keluargakubrskrg ini ajurkan kenalan n kerabat brberobat ke luar negeribrnb pesawat dan manterinya brtak jujur jg ga ramah,pelayanan,,
dokter di indonesia banyak yg tak bermutu analisis penyakit berdasarkan penglihatan pasienbrpd umumnya bkn berdasarkan brrontgen pasein menderita brpenyakit kanker dokter spesialis brindonesia blg kena stroke branalysisnya sperti bumi dan langit mmg dokter ln mbacabrrontgen mmg sgt akurat ga brsembrono dan satu lg kelalaian brdokter indonesia sbg pasein ga brbs minta pertanggung jawab dari brdokterdokter indonesia kebal hukum dilindungi idi n pasein brdiintimidasi sm preman aparatnya ini fakta bkn hoax brterjadi pd keluargakubrskrg ini ajurkan kenalan n kerabat brberobat ke luar negeribrnb pesawat dan manterinya brtak jujur jg ga ramah,aksesibilitas,,
dokter di indonesia banyak yg tak bermutu analisis penyakit berdasarkan penglihatan pasienbrpd umumnya bkn berdasarkan brrontgen pasein menderita brpenyakit kanker dokter spesialis brindonesia blg kena stroke branalysisnya sperti bumi dan langit mmg dokter ln mbacabrrontgen mmg sgt akurat ga brsembrono dan satu lg kelalaian brdokter indonesia sbg pasein ga brbs minta pertanggung jawab dari brdokterdokter indonesia kebal hukum dilindungi idi n pasein brdiintimidasi sm preman aparatnya ini fakta bkn hoax brterjadi pd keluargakubrskrg ini ajurkan kenalan n kerabat brberobat ke luar negeribrnb pesawat dan manterinya brtak jujur jg ga ramah,kualitas_diagnosis,,
saya cukup lama bekerja di rumah sakit di luar negeri dan pernah membantu memasukkan beberapa dokter indonesia yang ambil spesialisasi termasuk di tempat saya kerja brsayangnya cerita mereka semua hampir sama saat kembali ke indonesia yaitu sulitnya untuk mendapatkan adaptasi bahkan banyak yang menunggu sampai lebih dari tahun baru diterima untuk adaptasi,fasilitas,,
saya cukup lama bekerja di rumah sakit di luar negeri dan pernah membantu memasukkan beberapa dokter indonesia yang ambil spesialisasi termasuk di tempat saya kerja brsayangnya cerita mereka semua hampir sama saat kembali ke indonesia yaitu sulitnya untuk mendapatkan adaptasi bahkan banyak yang menunggu sampai lebih dari tahun baru diterima untuk adaptasi,pelayanan,,
saya cukup lama bekerja di rumah sakit di luar negeri dan pernah membantu memasukkan beberapa dokter indonesia yang ambil spesialisasi termasuk di tempat saya kerja brsayangnya cerita mereka semua hampir sama saat kembali ke indonesia yaitu sulitnya untuk mendapatkan adaptasi bahkan banyak yang menunggu sampai lebih dari tahun baru diterima untuk adaptasi,aksesibilitas,,
budaya feodalpeninggalan pendiri bangsa kitadan terlihat pada kelakuan anak presiden yg tidak membumi kelakuan pejabat malah berobat ke luar negeri tanda munafik kronis,biaya,,
bobrok nya sistem penerimaan dokter yang ada mulai dari penyeleksian masuk ke fakultas kedokteran sampai spesialisbrsemua punya nepotisme dengan dokter senior entah itu bapaknyaomsaudarakerabat dllbrdan ini menghasilkan dokter dengan mental bobrokbrbagaimana nasib anak kurang mampu secara financial tapi mampu secara akademisi tidak bisa masuk karena gak punya uangitu masih ditambah kalau mau spesialis musti banyak keluar uang dan harus punya klikmakanya banyak dokter maksa brbelum lagi dari perusahaan obat yang mematok harus obat mereka di pakai dan dokter meresepkannya lalu dapat komisibelum tentu cocok buat pasienalaaaghbanyak kenalan saya kepingin jadi dokter dan yang otaknya gak mampu tapi punya uang masuk jalur mandiri bayar pun jadi brmereka takut bersaing dengan dokter tamatan luar negribrbrmakanya saya minta kepada allah janganlah sakitsehat selalubrbrjadi gak heran banyak pasien berobat keluar negri tapi bagaiman nasib pasien bpjs tunggu mati sajakeluarga saya sudah mengalaminyadokter tempat saya berobat di daerah pernah salah diagnosa dan ini kejadian sama orang tua sayamaaf lahsaya bersyukur orang tua saya cepat saya bawa berobat ke penang dan memang sudah tidak bisa disembuhkan dan dokter penang sudah nyerah walau mereka suruh pulang dan saya berusaha bertahan tapi saya puas penyakitnya cepat diketahui dan tidak menebak nebak spt di daerah sayabrsemoga mtelizabeth tidak mencari uang dari rakyat indonesiakarena sekarang mahal biaya berobat di sana sejak bamyak wni berobat jangan mencari keuntungan saja dari rakyat indonesia karena bobroknya sistem kedokteran di indonesiajangan singapore ikut ikutan jualan obat dan perawatan dengan harga mahalbrkonyooooollllllkalau takut bersaing sama dokter tamatan lokalilmu dokter dimanapun sama tapi cara cepat dan tepat menangani pasien tidak samamaju terus dokter antony dan drrashid supawarta,biaya,,
bobrok nya sistem penerimaan dokter yang ada mulai dari penyeleksian masuk ke fakultas kedokteran sampai spesialisbrsemua punya nepotisme dengan dokter senior entah itu bapaknyaomsaudarakerabat dllbrdan ini menghasilkan dokter dengan mental bobrokbrbagaimana nasib anak kurang mampu secara financial tapi mampu secara akademisi tidak bisa masuk karena gak punya uangitu masih ditambah kalau mau spesialis musti banyak keluar uang dan harus punya klikmakanya banyak dokter maksa brbelum lagi dari perusahaan obat yang mematok harus obat mereka di pakai dan dokter meresepkannya lalu dapat komisibelum tentu cocok buat pasienalaaaghbanyak kenalan saya kepingin jadi dokter dan yang otaknya gak mampu tapi punya uang masuk jalur mandiri bayar pun jadi brmereka takut bersaing dengan dokter tamatan luar negribrbrmakanya saya minta kepada allah janganlah sakitsehat selalubrbrjadi gak heran banyak pasien berobat keluar negri tapi bagaiman nasib pasien bpjs tunggu mati sajakeluarga saya sudah mengalaminyadokter tempat saya berobat di daerah pernah salah diagnosa dan ini kejadian sama orang tua sayamaaf lahsaya bersyukur orang tua saya cepat saya bawa berobat ke penang dan memang sudah tidak bisa disembuhkan dan dokter penang sudah nyerah walau mereka suruh pulang dan saya berusaha bertahan tapi saya puas penyakitnya cepat diketahui dan tidak menebak nebak spt di daerah sayabrsemoga mtelizabeth tidak mencari uang dari rakyat indonesiakarena sekarang mahal biaya berobat di sana sejak bamyak wni berobat jangan mencari keuntungan saja dari rakyat indonesia karena bobroknya sistem kedokteran di indonesiajangan singapore ikut ikutan jualan obat dan perawatan dengan harga mahalbrkonyooooollllllkalau takut bersaing sama dokter tamatan lokalilmu dokter dimanapun sama tapi cara cepat dan tepat menangani pasien tidak samamaju terus dokter antony dan drrashid supawarta,fasilitas,,
bobrok nya sistem penerimaan dokter yang ada mulai dari penyeleksian masuk ke fakultas kedokteran sampai spesialisbrsemua punya nepotisme dengan dokter senior entah itu bapaknyaomsaudarakerabat dllbrdan ini menghasilkan dokter dengan mental bobrokbrbagaimana nasib anak kurang mampu secara financial tapi mampu secara akademisi tidak bisa masuk karena gak punya uangitu masih ditambah kalau mau spesialis musti banyak keluar uang dan harus punya klikmakanya banyak dokter maksa brbelum lagi dari perusahaan obat yang mematok harus obat mereka di pakai dan dokter meresepkannya lalu dapat komisibelum tentu cocok buat pasienalaaaghbanyak kenalan saya kepingin jadi dokter dan yang otaknya gak mampu tapi punya uang masuk jalur mandiri bayar pun jadi brmereka takut bersaing dengan dokter tamatan luar negribrbrmakanya saya minta kepada allah janganlah sakitsehat selalubrbrjadi gak heran banyak pasien berobat keluar negri tapi bagaiman nasib pasien bpjs tunggu mati sajakeluarga saya sudah mengalaminyadokter tempat saya berobat di daerah pernah salah diagnosa dan ini kejadian sama orang tua sayamaaf lahsaya bersyukur orang tua saya cepat saya bawa berobat ke penang dan memang sudah tidak bisa disembuhkan dan dokter penang sudah nyerah walau mereka suruh pulang dan saya berusaha bertahan tapi saya puas penyakitnya cepat diketahui dan tidak menebak nebak spt di daerah sayabrsemoga mtelizabeth tidak mencari uang dari rakyat indonesiakarena sekarang mahal biaya berobat di sana sejak bamyak wni berobat jangan mencari keuntungan saja dari rakyat indonesia karena bobroknya sistem kedokteran di indonesiajangan singapore ikut ikutan jualan obat dan perawatan dengan harga mahalbrkonyooooollllllkalau takut bersaing sama dokter tamatan lokalilmu dokter dimanapun sama tapi cara cepat dan tepat menangani pasien tidak samamaju terus dokter antony dan drrashid supawarta,pelayanan,,
bobrok nya sistem penerimaan dokter yang ada mulai dari penyeleksian masuk ke fakultas kedokteran sampai spesialisbrsemua punya nepotisme dengan dokter senior entah itu bapaknyaomsaudarakerabat dllbrdan ini menghasilkan dokter dengan mental bobrokbrbagaimana nasib anak kurang mampu secara financial tapi mampu secara akademisi tidak bisa masuk karena gak punya uangitu masih ditambah kalau mau spesialis musti banyak keluar uang dan harus punya klikmakanya banyak dokter maksa brbelum lagi dari perusahaan obat yang mematok harus obat mereka di pakai dan dokter meresepkannya lalu dapat komisibelum tentu cocok buat pasienalaaaghbanyak kenalan saya kepingin jadi dokter dan yang otaknya gak mampu tapi punya uang masuk jalur mandiri bayar pun jadi brmereka takut bersaing dengan dokter tamatan luar negribrbrmakanya saya minta kepada allah janganlah sakitsehat selalubrbrjadi gak heran banyak pasien berobat keluar negri tapi bagaiman nasib pasien bpjs tunggu mati sajakeluarga saya sudah mengalaminyadokter tempat saya berobat di daerah pernah salah diagnosa dan ini kejadian sama orang tua sayamaaf lahsaya bersyukur orang tua saya cepat saya bawa berobat ke penang dan memang sudah tidak bisa disembuhkan dan dokter penang sudah nyerah walau mereka suruh pulang dan saya berusaha bertahan tapi saya puas penyakitnya cepat diketahui dan tidak menebak nebak spt di daerah sayabrsemoga mtelizabeth tidak mencari uang dari rakyat indonesiakarena sekarang mahal biaya berobat di sana sejak bamyak wni berobat jangan mencari keuntungan saja dari rakyat indonesia karena bobroknya sistem kedokteran di indonesiajangan singapore ikut ikutan jualan obat dan perawatan dengan harga mahalbrkonyooooollllllkalau takut bersaing sama dokter tamatan lokalilmu dokter dimanapun sama tapi cara cepat dan tepat menangani pasien tidak samamaju terus dokter antony dan drrashid supawarta,aksesibilitas,,
bobrok nya sistem penerimaan dokter yang ada mulai dari penyeleksian masuk ke fakultas kedokteran sampai spesialisbrsemua punya nepotisme dengan dokter senior entah itu bapaknyaomsaudarakerabat dllbrdan ini menghasilkan dokter dengan mental bobrokbrbagaimana nasib anak kurang mampu secara financial tapi mampu secara akademisi tidak bisa masuk karena gak punya uangitu masih ditambah kalau mau spesialis musti banyak keluar uang dan harus punya klikmakanya banyak dokter maksa brbelum lagi dari perusahaan obat yang mematok harus obat mereka di pakai dan dokter meresepkannya lalu dapat komisibelum tentu cocok buat pasienalaaaghbanyak kenalan saya kepingin jadi dokter dan yang otaknya gak mampu tapi punya uang masuk jalur mandiri bayar pun jadi brmereka takut bersaing dengan dokter tamatan luar negribrbrmakanya saya minta kepada allah janganlah sakitsehat selalubrbrjadi gak heran banyak pasien berobat keluar negri tapi bagaiman nasib pasien bpjs tunggu mati sajakeluarga saya sudah mengalaminyadokter tempat saya berobat di daerah pernah salah diagnosa dan ini kejadian sama orang tua sayamaaf lahsaya bersyukur orang tua saya cepat saya bawa berobat ke penang dan memang sudah tidak bisa disembuhkan dan dokter penang sudah nyerah walau mereka suruh pulang dan saya berusaha bertahan tapi saya puas penyakitnya cepat diketahui dan tidak menebak nebak spt di daerah sayabrsemoga mtelizabeth tidak mencari uang dari rakyat indonesiakarena sekarang mahal biaya berobat di sana sejak bamyak wni berobat jangan mencari keuntungan saja dari rakyat indonesia karena bobroknya sistem kedokteran di indonesiajangan singapore ikut ikutan jualan obat dan perawatan dengan harga mahalbrkonyooooollllllkalau takut bersaing sama dokter tamatan lokalilmu dokter dimanapun sama tapi cara cepat dan tepat menangani pasien tidak samamaju terus dokter antony dan drrashid supawarta,kualitas_diagnosis,,
semua itu akan diketahui bila ketahuan afiliasi parpol ato ormas pngurus idi beradatokh slm ini mereka gk prnh merasa malu ngeliat para pejabat negara bolakbalik berobat ke luar negeri yg pnting cuan mereka gk diganggu,biaya,,
dokter petinggi idi kasian banget susah sekolah dokter cuma mau jadi preman jahat saya berjuang sekuat tenaga utk tidak ke dokter dokter indo bikin pasien jadi sekarat kami org medan mending berobat ke penang meski harus utang sana sini org medan sdh nggak sudi utang utk berobat di indo,biaya,,
dokter petinggi idi kasian banget susah sekolah dokter cuma mau jadi preman jahat saya berjuang sekuat tenaga utk tidak ke dokter dokter indo bikin pasien jadi sekarat kami org medan mending berobat ke penang meski harus utang sana sini org medan sdh nggak sudi utang utk berobat di indo,pelayanan,,
itu fakta maka kenapa banyak pejabat dan org yg mampu akan terpaksa berobat ke luar negeri ya karena dokter pintar ada di luar sana sini ya ada juga yg pintar namun lebih banyak yg tdk pintar karena sistim perlindungan sesama dokter yg paspasan pun menjadi dokter pengetahuan minim dan pasien mau apa dan bagaimana lagi tdk ada pilihan,biaya,,
itu fakta maka kenapa banyak pejabat dan org yg mampu akan terpaksa berobat ke luar negeri ya karena dokter pintar ada di luar sana sini ya ada juga yg pintar namun lebih banyak yg tdk pintar karena sistim perlindungan sesama dokter yg paspasan pun menjadi dokter pengetahuan minim dan pasien mau apa dan bagaimana lagi tdk ada pilihan,pelayanan,,
kenyataan brbryang anda bilang kenyataan itu apakah sudah divalidasi atau hanya testimoni kalau memang seperti itu tuntut dong secara hukum malpraktik dokter indonesia yg salah diagnosis tersebut jika anda tidak menuntut berarti anda membenarkan malah membuat berita bohong kemudian kalau memang misalnya hal tsb benar ada kesalahan diagnosis berapa persen kasus tersebut terjadi di banding keseluruhan kasus apakah di negara spt singapura dokter tidak mungkin salahkeliru banyak juga kok berita dokter singapore asal main hajar saja perawatan nya brbrkemudian jika anda berobat di luar negeri semisal terjadi malpraktik fatal siapa tanggung jawab bisakah anda tuntut terbayangkah anda dengan risiko dokter tersebut pasti berkelit dengan sewa lawyer mahal dst bisakah anda melalui banyak birokrasi karena perbedaan sistem hukum antar negara dan seterusnya dan seterusnya brbritu dokter luar negri kalau bener aja dipuji kalau salah silakan tuntut saya jamin kasus anda akan macet terhambat birokrasi sistem hukum yg berbeda dan dokternya pasti ingin cuci tangan saya yakin itubrbrsekali lagi it is just inferiority complex problem pasti mereka yg berobat ke luar negeri dan mendewakan dokter luar itu suatu ketika kena batunya ujungnya kalo sudah parah berobatnya di dalam negeri hahaha klise kalau kena malpraktek dokter luar silakan berpusing mencari siapa yang harus tanggung jawab silakan berpusing dengan tuntut menuntut yg lebih ribetbrbrdokter luar negri apalagi seperti singapore taunya cuan cuan cuanbrbrbrsalam cuan dokter luar negeri,biaya,,
kenyataan brbryang anda bilang kenyataan itu apakah sudah divalidasi atau hanya testimoni kalau memang seperti itu tuntut dong secara hukum malpraktik dokter indonesia yg salah diagnosis tersebut jika anda tidak menuntut berarti anda membenarkan malah membuat berita bohong kemudian kalau memang misalnya hal tsb benar ada kesalahan diagnosis berapa persen kasus tersebut terjadi di banding keseluruhan kasus apakah di negara spt singapura dokter tidak mungkin salahkeliru banyak juga kok berita dokter singapore asal main hajar saja perawatan nya brbrkemudian jika anda berobat di luar negeri semisal terjadi malpraktik fatal siapa tanggung jawab bisakah anda tuntut terbayangkah anda dengan risiko dokter tersebut pasti berkelit dengan sewa lawyer mahal dst bisakah anda melalui banyak birokrasi karena perbedaan sistem hukum antar negara dan seterusnya dan seterusnya brbritu dokter luar negri kalau bener aja dipuji kalau salah silakan tuntut saya jamin kasus anda akan macet terhambat birokrasi sistem hukum yg berbeda dan dokternya pasti ingin cuci tangan saya yakin itubrbrsekali lagi it is just inferiority complex problem pasti mereka yg berobat ke luar negeri dan mendewakan dokter luar itu suatu ketika kena batunya ujungnya kalo sudah parah berobatnya di dalam negeri hahaha klise kalau kena malpraktek dokter luar silakan berpusing mencari siapa yang harus tanggung jawab silakan berpusing dengan tuntut menuntut yg lebih ribetbrbrdokter luar negri apalagi seperti singapore taunya cuan cuan cuanbrbrbrsalam cuan dokter luar negeri,fasilitas,,
kenyataan brbryang anda bilang kenyataan itu apakah sudah divalidasi atau hanya testimoni kalau memang seperti itu tuntut dong secara hukum malpraktik dokter indonesia yg salah diagnosis tersebut jika anda tidak menuntut berarti anda membenarkan malah membuat berita bohong kemudian kalau memang misalnya hal tsb benar ada kesalahan diagnosis berapa persen kasus tersebut terjadi di banding keseluruhan kasus apakah di negara spt singapura dokter tidak mungkin salahkeliru banyak juga kok berita dokter singapore asal main hajar saja perawatan nya brbrkemudian jika anda berobat di luar negeri semisal terjadi malpraktik fatal siapa tanggung jawab bisakah anda tuntut terbayangkah anda dengan risiko dokter tersebut pasti berkelit dengan sewa lawyer mahal dst bisakah anda melalui banyak birokrasi karena perbedaan sistem hukum antar negara dan seterusnya dan seterusnya brbritu dokter luar negri kalau bener aja dipuji kalau salah silakan tuntut saya jamin kasus anda akan macet terhambat birokrasi sistem hukum yg berbeda dan dokternya pasti ingin cuci tangan saya yakin itubrbrsekali lagi it is just inferiority complex problem pasti mereka yg berobat ke luar negeri dan mendewakan dokter luar itu suatu ketika kena batunya ujungnya kalo sudah parah berobatnya di dalam negeri hahaha klise kalau kena malpraktek dokter luar silakan berpusing mencari siapa yang harus tanggung jawab silakan berpusing dengan tuntut menuntut yg lebih ribetbrbrdokter luar negri apalagi seperti singapore taunya cuan cuan cuanbrbrbrsalam cuan dokter luar negeri,pelayanan,,
kenyataan brbryang anda bilang kenyataan itu apakah sudah divalidasi atau hanya testimoni kalau memang seperti itu tuntut dong secara hukum malpraktik dokter indonesia yg salah diagnosis tersebut jika anda tidak menuntut berarti anda membenarkan malah membuat berita bohong kemudian kalau memang misalnya hal tsb benar ada kesalahan diagnosis berapa persen kasus tersebut terjadi di banding keseluruhan kasus apakah di negara spt singapura dokter tidak mungkin salahkeliru banyak juga kok berita dokter singapore asal main hajar saja perawatan nya brbrkemudian jika anda berobat di luar negeri semisal terjadi malpraktik fatal siapa tanggung jawab bisakah anda tuntut terbayangkah anda dengan risiko dokter tersebut pasti berkelit dengan sewa lawyer mahal dst bisakah anda melalui banyak birokrasi karena perbedaan sistem hukum antar negara dan seterusnya dan seterusnya brbritu dokter luar negri kalau bener aja dipuji kalau salah silakan tuntut saya jamin kasus anda akan macet terhambat birokrasi sistem hukum yg berbeda dan dokternya pasti ingin cuci tangan saya yakin itubrbrsekali lagi it is just inferiority complex problem pasti mereka yg berobat ke luar negeri dan mendewakan dokter luar itu suatu ketika kena batunya ujungnya kalo sudah parah berobatnya di dalam negeri hahaha klise kalau kena malpraktek dokter luar silakan berpusing mencari siapa yang harus tanggung jawab silakan berpusing dengan tuntut menuntut yg lebih ribetbrbrdokter luar negri apalagi seperti singapore taunya cuan cuan cuanbrbrbrsalam cuan dokter luar negeri,aksesibilitas,,
kenyataan brbryang anda bilang kenyataan itu apakah sudah divalidasi atau hanya testimoni kalau memang seperti itu tuntut dong secara hukum malpraktik dokter indonesia yg salah diagnosis tersebut jika anda tidak menuntut berarti anda membenarkan malah membuat berita bohong kemudian kalau memang misalnya hal tsb benar ada kesalahan diagnosis berapa persen kasus tersebut terjadi di banding keseluruhan kasus apakah di negara spt singapura dokter tidak mungkin salahkeliru banyak juga kok berita dokter singapore asal main hajar saja perawatan nya brbrkemudian jika anda berobat di luar negeri semisal terjadi malpraktik fatal siapa tanggung jawab bisakah anda tuntut terbayangkah anda dengan risiko dokter tersebut pasti berkelit dengan sewa lawyer mahal dst bisakah anda melalui banyak birokrasi karena perbedaan sistem hukum antar negara dan seterusnya dan seterusnya brbritu dokter luar negri kalau bener aja dipuji kalau salah silakan tuntut saya jamin kasus anda akan macet terhambat birokrasi sistem hukum yg berbeda dan dokternya pasti ingin cuci tangan saya yakin itubrbrsekali lagi it is just inferiority complex problem pasti mereka yg berobat ke luar negeri dan mendewakan dokter luar itu suatu ketika kena batunya ujungnya kalo sudah parah berobatnya di dalam negeri hahaha klise kalau kena malpraktek dokter luar silakan berpusing mencari siapa yang harus tanggung jawab silakan berpusing dengan tuntut menuntut yg lebih ribetbrbrdokter luar negri apalagi seperti singapore taunya cuan cuan cuanbrbrbrsalam cuan dokter luar negeri,kualitas_diagnosis,,
r dan dokter di malaysia lebih manusiawi,pelayanan,,
orang idi ini diketawain sama rosi waktu wawancara ruu kesehatan hahahabrkalau memang dokter kita bagus dan banyak gak mungkin banyak orang indonesia berobat ke luar negeri,fasilitas,,
orang idi ini diketawain sama rosi waktu wawancara ruu kesehatan hahahabrkalau memang dokter kita bagus dan banyak gak mungkin banyak orang indonesia berobat ke luar negeri,pelayanan,,
orang idi ini diketawain sama rosi waktu wawancara ruu kesehatan hahahabrkalau memang dokter kita bagus dan banyak gak mungkin banyak orang indonesia berobat ke luar negeri,aksesibilitas,,
rakyat indonesia tu bratus jutaharusnya setiap daerah punya hospital yg bagus memudahkan rakyat bukan menyusahkan rakyat hingga berobat ke luar negeriorang miskin tak mampuhanya yang mampu bisa berubat luar negerisedih banget,biaya,,
rakyat indonesia tu bratus jutaharusnya setiap daerah punya hospital yg bagus memudahkan rakyat bukan menyusahkan rakyat hingga berobat ke luar negeriorang miskin tak mampuhanya yang mampu bisa berubat luar negerisedih banget,fasilitas,,
rakyat indonesia tu bratus jutaharusnya setiap daerah punya hospital yg bagus memudahkan rakyat bukan menyusahkan rakyat hingga berobat ke luar negeriorang miskin tak mampuhanya yang mampu bisa berubat luar negerisedih banget,pelayanan,,
rakyat indonesia tu bratus jutaharusnya setiap daerah punya hospital yg bagus memudahkan rakyat bukan menyusahkan rakyat hingga berobat ke luar negeriorang miskin tak mampuhanya yang mampu bisa berubat luar negerisedih banget,aksesibilitas,,
coba tanyakan ke dokter di indonesia pada umumnya kenapa suka salah diagnosa kalo dikritik bilangnya kita bukan ahlinya lah bukan bidangnya lah klo dah gitu ya kita ga bisa ngomong lagi tapi kita punya pilihan utk berobat ke luar negeri dan hasilnya memang lebih baik dan memuaskan tpi dokter di indonesia tetap aja jumawa mentang,fasilitas,,
coba tanyakan ke dokter di indonesia pada umumnya kenapa suka salah diagnosa kalo dikritik bilangnya kita bukan ahlinya lah bukan bidangnya lah klo dah gitu ya kita ga bisa ngomong lagi tapi kita punya pilihan utk berobat ke luar negeri dan hasilnya memang lebih baik dan memuaskan tpi dokter di indonesia tetap aja jumawa mentang,pelayanan,,
coba tanyakan ke dokter di indonesia pada umumnya kenapa suka salah diagnosa kalo dikritik bilangnya kita bukan ahlinya lah bukan bidangnya lah klo dah gitu ya kita ga bisa ngomong lagi tapi kita punya pilihan utk berobat ke luar negeri dan hasilnya memang lebih baik dan memuaskan tpi dokter di indonesia tetap aja jumawa mentang,aksesibilitas,,
coba tanyakan ke dokter di indonesia pada umumnya kenapa suka salah diagnosa kalo dikritik bilangnya kita bukan ahlinya lah bukan bidangnya lah klo dah gitu ya kita ga bisa ngomong lagi tapi kita punya pilihan utk berobat ke luar negeri dan hasilnya memang lebih baik dan memuaskan tpi dokter di indonesia tetap aja jumawa mentang,kualitas_diagnosis,,
cobalah kalau ada organisasi kedokteran selain idi biar bisa berbenahbrga usah jauh opung luhut saja berobat ke luar negeri,pelayanan,,
cobalah kalau ada organisasi kedokteran selain idi biar bisa berbenahbrga usah jauh opung luhut saja berobat ke luar negeri,aksesibilitas,,
di indonesia obatnya jelek sekali untuk ysng bpjs jika ingin obatnya bagus harus bayar sendiri jadi wajar saja jika orang mampu berduit berobat ke luar negeri buktikan saja obat generikobat paten,biaya,,
di indonesia obatnya jelek sekali untuk ysng bpjs jika ingin obatnya bagus harus bayar sendiri jadi wajar saja jika orang mampu berduit berobat ke luar negeri buktikan saja obat generikobat paten,fasilitas,,
di indonesia obatnya jelek sekali untuk ysng bpjs jika ingin obatnya bagus harus bayar sendiri jadi wajar saja jika orang mampu berduit berobat ke luar negeri buktikan saja obat generikobat paten,aksesibilitas,,
pelayanan pengobatan di indonesia yg paling buruk sedunia apa lagi klu perawat atau bidan nya istri polisi bukan main sombong nya banyak yg tidak melayani masyarakat yg tidak sesuai dengan gaji yg di terimanya klu begitu cara nya jangan lagi kami rakyat di bebani pajak apa lagi semenjak penguasaan jokowi klu orang kaya bisalah berobat ke singapura bagi yg miskin karena kebijakan pemerintah gimana asli negara konoha tenan iki fokusnya cuman ikn dan jalan tol tok yg hanya menguntungkan oligarki yg memodalinya ampun,biaya,,
pelayanan pengobatan di indonesia yg paling buruk sedunia apa lagi klu perawat atau bidan nya istri polisi bukan main sombong nya banyak yg tidak melayani masyarakat yg tidak sesuai dengan gaji yg di terimanya klu begitu cara nya jangan lagi kami rakyat di bebani pajak apa lagi semenjak penguasaan jokowi klu orang kaya bisalah berobat ke singapura bagi yg miskin karena kebijakan pemerintah gimana asli negara konoha tenan iki fokusnya cuman ikn dan jalan tol tok yg hanya menguntungkan oligarki yg memodalinya ampun,fasilitas,,
pelayanan pengobatan di indonesia yg paling buruk sedunia apa lagi klu perawat atau bidan nya istri polisi bukan main sombong nya banyak yg tidak melayani masyarakat yg tidak sesuai dengan gaji yg di terimanya klu begitu cara nya jangan lagi kami rakyat di bebani pajak apa lagi semenjak penguasaan jokowi klu orang kaya bisalah berobat ke singapura bagi yg miskin karena kebijakan pemerintah gimana asli negara konoha tenan iki fokusnya cuman ikn dan jalan tol tok yg hanya menguntungkan oligarki yg memodalinya ampun,pelayanan,,
pelayanan pengobatan di indonesia yg paling buruk sedunia apa lagi klu perawat atau bidan nya istri polisi bukan main sombong nya banyak yg tidak melayani masyarakat yg tidak sesuai dengan gaji yg di terimanya klu begitu cara nya jangan lagi kami rakyat di bebani pajak apa lagi semenjak penguasaan jokowi klu orang kaya bisalah berobat ke singapura bagi yg miskin karena kebijakan pemerintah gimana asli negara konoha tenan iki fokusnya cuman ikn dan jalan tol tok yg hanya menguntungkan oligarki yg memodalinya ampun,aksesibilitas,,
pelayanan pengobatan di indonesia yg paling buruk sedunia apa lagi klu perawat atau bidan nya istri polisi bukan main sombong nya banyak yg tidak melayani masyarakat yg tidak sesuai dengan gaji yg di terimanya klu begitu cara nya jangan lagi kami rakyat di bebani pajak apa lagi semenjak penguasaan jokowi klu orang kaya bisalah berobat ke singapura bagi yg miskin karena kebijakan pemerintah gimana asli negara konoha tenan iki fokusnya cuman ikn dan jalan tol tok yg hanya menguntungkan oligarki yg memodalinya ampun,kualitas_diagnosis,,
gaji dokter di malaysia jika di r pemerintah sekitar juta hingga juta jika di rumah sakit swasta lebih gede,fasilitas,,
gaji dokter di malaysia jika di r pemerintah sekitar juta hingga juta jika di rumah sakit swasta lebih gede,pelayanan,,
salah satu dr spesialist di r swasta tersohor di kota bdgusianya juga sudah cukup tua sewaktu pasien ortu saya bertanya sesuatu soal penyakitnya kepada beliau bukannya ditanggapi dengan sabar melainkan dengan nada ketus dan pedas cenderung seperti memarahi anak kecil sampai ortu saya yg sdh lansia merasa tersinggung dan kapokbeda jauh dengan cara dr di r malaysia dan juga r singapura menangani beliau sayangnya karena sdh lemah fisik jadi kesulitan berobat ke luar negeri,fasilitas,,
salah satu dr spesialist di r swasta tersohor di kota bdgusianya juga sudah cukup tua sewaktu pasien ortu saya bertanya sesuatu soal penyakitnya kepada beliau bukannya ditanggapi dengan sabar melainkan dengan nada ketus dan pedas cenderung seperti memarahi anak kecil sampai ortu saya yg sdh lansia merasa tersinggung dan kapokbeda jauh dengan cara dr di r malaysia dan juga r singapura menangani beliau sayangnya karena sdh lemah fisik jadi kesulitan berobat ke luar negeri,pelayanan,,
salah satu dr spesialist di r swasta tersohor di kota bdgusianya juga sudah cukup tua sewaktu pasien ortu saya bertanya sesuatu soal penyakitnya kepada beliau bukannya ditanggapi dengan sabar melainkan dengan nada ketus dan pedas cenderung seperti memarahi anak kecil sampai ortu saya yg sdh lansia merasa tersinggung dan kapokbeda jauh dengan cara dr di r malaysia dan juga r singapura menangani beliau sayangnya karena sdh lemah fisik jadi kesulitan berobat ke luar negeri,aksesibilitas,,
salah satu dr spesialist di r swasta tersohor di kota bdgusianya juga sudah cukup tua sewaktu pasien ortu saya bertanya sesuatu soal penyakitnya kepada beliau bukannya ditanggapi dengan sabar melainkan dengan nada ketus dan pedas cenderung seperti memarahi anak kecil sampai ortu saya yg sdh lansia merasa tersinggung dan kapokbeda jauh dengan cara dr di r malaysia dan juga r singapura menangani beliau sayangnya karena sdh lemah fisik jadi kesulitan berobat ke luar negeri,kualitas_diagnosis,,
inilah mirisnya jika rakyat sudah tidak percaya dengan negara sendiri dari pejabat pelayanan dan lainnya dampaknya bisa kemanamana ya awalnya memang bakal berobat ke luar negeri tapi lama kelamaan bakal pindah ke luar negeri,biaya,,
inilah mirisnya jika rakyat sudah tidak percaya dengan negara sendiri dari pejabat pelayanan dan lainnya dampaknya bisa kemanamana ya awalnya memang bakal berobat ke luar negeri tapi lama kelamaan bakal pindah ke luar negeri,pelayanan,,
pemerintah menteri kesehatan dan rumah sakit dan para pelaku kesehatan kagak mau kalah semua mau ambil untung banyak yah akhirnya begitulah ramerame ngajak berobat ke luar negeri,biaya,,
pemerintah menteri kesehatan dan rumah sakit dan para pelaku kesehatan kagak mau kalah semua mau ambil untung banyak yah akhirnya begitulah ramerame ngajak berobat ke luar negeri,fasilitas,,
pemerintah menteri kesehatan dan rumah sakit dan para pelaku kesehatan kagak mau kalah semua mau ambil untung banyak yah akhirnya begitulah ramerame ngajak berobat ke luar negeri,pelayanan,,
kita bersekolah ke ln ga masalah malah dipuji giliran berobat ke luar negeri salah gitu itu ngga ada masalah org org berhak mendapatkan layanan kesehatan terbaik karena mereka pakai duit mereka sendiri bukan uang negara,biaya,,
kita bersekolah ke ln ga masalah malah dipuji giliran berobat ke luar negeri salah gitu itu ngga ada masalah org org berhak mendapatkan layanan kesehatan terbaik karena mereka pakai duit mereka sendiri bukan uang negara,fasilitas,,
kita bersekolah ke ln ga masalah malah dipuji giliran berobat ke luar negeri salah gitu itu ngga ada masalah org org berhak mendapatkan layanan kesehatan terbaik karena mereka pakai duit mereka sendiri bukan uang negara,pelayanan,,
kita bersekolah ke ln ga masalah malah dipuji giliran berobat ke luar negeri salah gitu itu ngga ada masalah org org berhak mendapatkan layanan kesehatan terbaik karena mereka pakai duit mereka sendiri bukan uang negara,kualitas_diagnosis,,
rak due duit mau berobat ke luar negeri pie carane,biaya,,
a hrefwwwyoutubecomwatchvhlnryymfkampta quotada sebanyak jutaquot salah menurut ucapan pak jokowi ada sebanyak juta pesien berobat ke luar negeri juta ke malaysia ribu ke singapura dan selebihnya ke negara lain,kualitas_diagnosis,,
setuju banyak org miskin banyak bacot dikiranya iuran bpjsnya per bulan bakalan sanggup berobat ke luar negeri kalau memang benci pelayanan kesehatan di indonesia silahkan saja berobat ke luar negeri,biaya,,
setuju banyak org miskin banyak bacot dikiranya iuran bpjsnya per bulan bakalan sanggup berobat ke luar negeri kalau memang benci pelayanan kesehatan di indonesia silahkan saja berobat ke luar negeri,pelayanan,,
setuju banyak org miskin banyak bacot dikiranya iuran bpjsnya per bulan bakalan sanggup berobat ke luar negeri kalau memang benci pelayanan kesehatan di indonesia silahkan saja berobat ke luar negeri,aksesibilitas,,
ga usah banyak jelasin org banyak kesana brarti ada kelebihannya daripada negeri sendiri coba tanya pa luhut kenapa berobat ke singapura,general,,
dokter di malaysia lebih bermutu di indo nilai pa pasan bisa sekolah dokter tidak profesional terima sogok dokter bisa praktek di banyak r tunggu dokter lama apalagi macet masyarakat pasti tidak ke malaysia kalau mutu dan biaya sama,biaya,,
dokter di malaysia lebih bermutu di indo nilai pa pasan bisa sekolah dokter tidak profesional terima sogok dokter bisa praktek di banyak r tunggu dokter lama apalagi macet masyarakat pasti tidak ke malaysia kalau mutu dan biaya sama,pelayanan,,
dokter di malaysia lebih bermutu di indo nilai pa pasan bisa sekolah dokter tidak profesional terima sogok dokter bisa praktek di banyak r tunggu dokter lama apalagi macet masyarakat pasti tidak ke malaysia kalau mutu dan biaya sama,kualitas_diagnosis,,
maka dari itu netizen harus berterima kasihbukanya menghina kesehatan indonesiabrtapi hanya juta yang berobat ke dan sisanya tetap berobat di dlm negeri brintinya kesehatan slh satu terbaik di aseanbrbaru ini sudah banyak rumah sakit di resmikan rumah sakit modern canggih di surabayabalimakassaryang sudah diresmikan dan total nantinya ada rumah sakit itu di rumah sakit yang menangani penyakit dalam seperti otakjantungkankerginjalstrokekualitas bintang jadinya nanti gk lagi berobat ke luar negeribrdan rumah sakit swasta banyak sekali yg canggih modern brdan di sanur bali ada yg namanya medical tourism terbesar dan kelas duniabrjadi kesehatan berkualitas internasional dan jadi wisata kesehatan,fasilitas,,
maka dari itu netizen harus berterima kasihbukanya menghina kesehatan indonesiabrtapi hanya juta yang berobat ke dan sisanya tetap berobat di dlm negeri brintinya kesehatan slh satu terbaik di aseanbrbaru ini sudah banyak rumah sakit di resmikan rumah sakit modern canggih di surabayabalimakassaryang sudah diresmikan dan total nantinya ada rumah sakit itu di rumah sakit yang menangani penyakit dalam seperti otakjantungkankerginjalstrokekualitas bintang jadinya nanti gk lagi berobat ke luar negeribrdan rumah sakit swasta banyak sekali yg canggih modern brdan di sanur bali ada yg namanya medical tourism terbesar dan kelas duniabrjadi kesehatan berkualitas internasional dan jadi wisata kesehatan,pelayanan,,
maka dari itu netizen harus berterima kasihbukanya menghina kesehatan indonesiabrtapi hanya juta yang berobat ke dan sisanya tetap berobat di dlm negeri brintinya kesehatan slh satu terbaik di aseanbrbaru ini sudah banyak rumah sakit di resmikan rumah sakit modern canggih di surabayabalimakassaryang sudah diresmikan dan total nantinya ada rumah sakit itu di rumah sakit yang menangani penyakit dalam seperti otakjantungkankerginjalstrokekualitas bintang jadinya nanti gk lagi berobat ke luar negeribrdan rumah sakit swasta banyak sekali yg canggih modern brdan di sanur bali ada yg namanya medical tourism terbesar dan kelas duniabrjadi kesehatan berkualitas internasional dan jadi wisata kesehatan,aksesibilitas,,
maka dari itu netizen harus berterima kasihbukanya menghina kesehatan indonesiabrtapi hanya juta yang berobat ke dan sisanya tetap berobat di dlm negeri brintinya kesehatan slh satu terbaik di aseanbrbaru ini sudah banyak rumah sakit di resmikan rumah sakit modern canggih di surabayabalimakassaryang sudah diresmikan dan total nantinya ada rumah sakit itu di rumah sakit yang menangani penyakit dalam seperti otakjantungkankerginjalstrokekualitas bintang jadinya nanti gk lagi berobat ke luar negeribrdan rumah sakit swasta banyak sekali yg canggih modern brdan di sanur bali ada yg namanya medical tourism terbesar dan kelas duniabrjadi kesehatan berkualitas internasional dan jadi wisata kesehatan,kualitas_diagnosis,,
kemampuan dokter di indonesia terlalu rundah dokter di indonesia pemalas menimba ilmu contoh patah tulang di indonesia kemampuan dokter indonesia hanya sebatas pasang pen sedangkan di malaysia amp singapura tidak perlu pasang pen lagi yang operasinya diperlukan kali yaitu saat memasang pen dan saat membuka pen di malaysia pengobatan patah tulang langsung menggunakan benang nilon yang tidak perlu orerasi besar waktu buka nilon hanya dgn tehnologi menarik benang dgn mudah saja itu baru contoh penyembuhan penyakit tulang belum lagi cara pengobatan polip di saluran pencernaan ilmu dokter di indonenesia ketinggalan jauh dari dokter di malaysia dan di singapura rumah sakit di malaysia amp di singapura tidak pelit menyekolahkan dokter nya sebagian besar sekolah lanjutan nya ke inggris,biaya,,
kemampuan dokter di indonesia terlalu rundah dokter di indonesia pemalas menimba ilmu contoh patah tulang di indonesia kemampuan dokter indonesia hanya sebatas pasang pen sedangkan di malaysia amp singapura tidak perlu pasang pen lagi yang operasinya diperlukan kali yaitu saat memasang pen dan saat membuka pen di malaysia pengobatan patah tulang langsung menggunakan benang nilon yang tidak perlu orerasi besar waktu buka nilon hanya dgn tehnologi menarik benang dgn mudah saja itu baru contoh penyembuhan penyakit tulang belum lagi cara pengobatan polip di saluran pencernaan ilmu dokter di indonenesia ketinggalan jauh dari dokter di malaysia dan di singapura rumah sakit di malaysia amp di singapura tidak pelit menyekolahkan dokter nya sebagian besar sekolah lanjutan nya ke inggris,fasilitas,,
kemampuan dokter di indonesia terlalu rundah dokter di indonesia pemalas menimba ilmu contoh patah tulang di indonesia kemampuan dokter indonesia hanya sebatas pasang pen sedangkan di malaysia amp singapura tidak perlu pasang pen lagi yang operasinya diperlukan kali yaitu saat memasang pen dan saat membuka pen di malaysia pengobatan patah tulang langsung menggunakan benang nilon yang tidak perlu orerasi besar waktu buka nilon hanya dgn tehnologi menarik benang dgn mudah saja itu baru contoh penyembuhan penyakit tulang belum lagi cara pengobatan polip di saluran pencernaan ilmu dokter di indonenesia ketinggalan jauh dari dokter di malaysia dan di singapura rumah sakit di malaysia amp di singapura tidak pelit menyekolahkan dokter nya sebagian besar sekolah lanjutan nya ke inggris,pelayanan,,
kemampuan dokter di indonesia terlalu rundah dokter di indonesia pemalas menimba ilmu contoh patah tulang di indonesia kemampuan dokter indonesia hanya sebatas pasang pen sedangkan di malaysia amp singapura tidak perlu pasang pen lagi yang operasinya diperlukan kali yaitu saat memasang pen dan saat membuka pen di malaysia pengobatan patah tulang langsung menggunakan benang nilon yang tidak perlu orerasi besar waktu buka nilon hanya dgn tehnologi menarik benang dgn mudah saja itu baru contoh penyembuhan penyakit tulang belum lagi cara pengobatan polip di saluran pencernaan ilmu dokter di indonenesia ketinggalan jauh dari dokter di malaysia dan di singapura rumah sakit di malaysia amp di singapura tidak pelit menyekolahkan dokter nya sebagian besar sekolah lanjutan nya ke inggris,aksesibilitas,,
menurut badan statistik malaysia orang berobat ke malaysia dari luar negeri termasuk indonesia nya dari indonesiabrapa yang salah dengan departemen kesehatan indonesia sehingga masyarakat indonesia lebih percaya berobat ke luar negeri apakah pemerintah menutup mata dengan situasi ini ataukah bisnis formasi di indonesia bekerjasama dengan pemerintah mencari keuntungan dari rakyat sendiri,biaya,,
menurut badan statistik malaysia orang berobat ke malaysia dari luar negeri termasuk indonesia nya dari indonesiabrapa yang salah dengan departemen kesehatan indonesia sehingga masyarakat indonesia lebih percaya berobat ke luar negeri apakah pemerintah menutup mata dengan situasi ini ataukah bisnis formasi di indonesia bekerjasama dengan pemerintah mencari keuntungan dari rakyat sendiri,fasilitas,,
menurut badan statistik malaysia orang berobat ke malaysia dari luar negeri termasuk indonesia nya dari indonesiabrapa yang salah dengan departemen kesehatan indonesia sehingga masyarakat indonesia lebih percaya berobat ke luar negeri apakah pemerintah menutup mata dengan situasi ini ataukah bisnis formasi di indonesia bekerjasama dengan pemerintah mencari keuntungan dari rakyat sendiri,pelayanan,,
menurut badan statistik malaysia orang berobat ke malaysia dari luar negeri termasuk indonesia nya dari indonesiabrapa yang salah dengan departemen kesehatan indonesia sehingga masyarakat indonesia lebih percaya berobat ke luar negeri apakah pemerintah menutup mata dengan situasi ini ataukah bisnis formasi di indonesia bekerjasama dengan pemerintah mencari keuntungan dari rakyat sendiri,aksesibilitas,,
menurut badan statistik malaysia orang berobat ke malaysia dari luar negeri termasuk indonesia nya dari indonesiabrapa yang salah dengan departemen kesehatan indonesia sehingga masyarakat indonesia lebih percaya berobat ke luar negeri apakah pemerintah menutup mata dengan situasi ini ataukah bisnis formasi di indonesia bekerjasama dengan pemerintah mencari keuntungan dari rakyat sendiri,kualitas_diagnosis,,
mentri aja berobat ke singapura,general,,
faktanyapelayanan kesehatan di konoha burukdari kualitas sdm fasilitasadministrasi berbelit belit seharusnya pelayanan yg di berikan sama dgn yg di luar negeri tapi karena hal tadiujung malah biaya membengkak kebiasaan ping pong sana sinidari satu poli ke poli laindari spesialis satu ke yg lainkadang diagnosa gak jelasterll bnyk asumsi anehnya bnyk profesor dan orang pinter dgn gelar sepanjang kereta api di konohatapi pelayanan gak bagus makanya bnyk yg berobat ke luar negeri sudah sy rasakan sendiri bertahun tahun kecuali bagi yg tdk mampuyaa pasrah ajaterima segala kekurangannya,biaya,,
faktanyapelayanan kesehatan di konoha burukdari kualitas sdm fasilitasadministrasi berbelit belit seharusnya pelayanan yg di berikan sama dgn yg di luar negeri tapi karena hal tadiujung malah biaya membengkak kebiasaan ping pong sana sinidari satu poli ke poli laindari spesialis satu ke yg lainkadang diagnosa gak jelasterll bnyk asumsi anehnya bnyk profesor dan orang pinter dgn gelar sepanjang kereta api di konohatapi pelayanan gak bagus makanya bnyk yg berobat ke luar negeri sudah sy rasakan sendiri bertahun tahun kecuali bagi yg tdk mampuyaa pasrah ajaterima segala kekurangannya,fasilitas,,
faktanyapelayanan kesehatan di konoha burukdari kualitas sdm fasilitasadministrasi berbelit belit seharusnya pelayanan yg di berikan sama dgn yg di luar negeri tapi karena hal tadiujung malah biaya membengkak kebiasaan ping pong sana sinidari satu poli ke poli laindari spesialis satu ke yg lainkadang diagnosa gak jelasterll bnyk asumsi anehnya bnyk profesor dan orang pinter dgn gelar sepanjang kereta api di konohatapi pelayanan gak bagus makanya bnyk yg berobat ke luar negeri sudah sy rasakan sendiri bertahun tahun kecuali bagi yg tdk mampuyaa pasrah ajaterima segala kekurangannya,pelayanan,,
faktanyapelayanan kesehatan di konoha burukdari kualitas sdm fasilitasadministrasi berbelit belit seharusnya pelayanan yg di berikan sama dgn yg di luar negeri tapi karena hal tadiujung malah biaya membengkak kebiasaan ping pong sana sinidari satu poli ke poli laindari spesialis satu ke yg lainkadang diagnosa gak jelasterll bnyk asumsi anehnya bnyk profesor dan orang pinter dgn gelar sepanjang kereta api di konohatapi pelayanan gak bagus makanya bnyk yg berobat ke luar negeri sudah sy rasakan sendiri bertahun tahun kecuali bagi yg tdk mampuyaa pasrah ajaterima segala kekurangannya,kualitas_diagnosis,,
kalau dilihat jumlah pasien yg berobat ke malaysia memang banyak tapi kalau dibilang perkaya malaysia ya br alat transportasi kan punya indonesiabr warga indonesia pilih penginapan murah dan makan diiritbr betul info dari teman yg oernah berobat ke malaysia dokter malaysia bersikap menyayang pasien sering memberi resep jangka panjang supaya irit ke pasienbr dokter di malaysia yg rumah sakitnya disuka justru dokter berusia tua memang tak materialisbrjadi kalau mau kompetitif anggota dpr dan persatuan dokter indonesia melakukan study perbandingan gt memajukan diri kita indonesia,biaya,,
kalau dilihat jumlah pasien yg berobat ke malaysia memang banyak tapi kalau dibilang perkaya malaysia ya br alat transportasi kan punya indonesiabr warga indonesia pilih penginapan murah dan makan diiritbr betul info dari teman yg oernah berobat ke malaysia dokter malaysia bersikap menyayang pasien sering memberi resep jangka panjang supaya irit ke pasienbr dokter di malaysia yg rumah sakitnya disuka justru dokter berusia tua memang tak materialisbrjadi kalau mau kompetitif anggota dpr dan persatuan dokter indonesia melakukan study perbandingan gt memajukan diri kita indonesia,fasilitas,,
kalau dilihat jumlah pasien yg berobat ke malaysia memang banyak tapi kalau dibilang perkaya malaysia ya br alat transportasi kan punya indonesiabr warga indonesia pilih penginapan murah dan makan diiritbr betul info dari teman yg oernah berobat ke malaysia dokter malaysia bersikap menyayang pasien sering memberi resep jangka panjang supaya irit ke pasienbr dokter di malaysia yg rumah sakitnya disuka justru dokter berusia tua memang tak materialisbrjadi kalau mau kompetitif anggota dpr dan persatuan dokter indonesia melakukan study perbandingan gt memajukan diri kita indonesia,pelayanan,,
kalau dilihat jumlah pasien yg berobat ke malaysia memang banyak tapi kalau dibilang perkaya malaysia ya br alat transportasi kan punya indonesiabr warga indonesia pilih penginapan murah dan makan diiritbr betul info dari teman yg oernah berobat ke malaysia dokter malaysia bersikap menyayang pasien sering memberi resep jangka panjang supaya irit ke pasienbr dokter di malaysia yg rumah sakitnya disuka justru dokter berusia tua memang tak materialisbrjadi kalau mau kompetitif anggota dpr dan persatuan dokter indonesia melakukan study perbandingan gt memajukan diri kita indonesia,aksesibilitas,,
kalau dilihat jumlah pasien yg berobat ke malaysia memang banyak tapi kalau dibilang perkaya malaysia ya br alat transportasi kan punya indonesiabr warga indonesia pilih penginapan murah dan makan diiritbr betul info dari teman yg oernah berobat ke malaysia dokter malaysia bersikap menyayang pasien sering memberi resep jangka panjang supaya irit ke pasienbr dokter di malaysia yg rumah sakitnya disuka justru dokter berusia tua memang tak materialisbrjadi kalau mau kompetitif anggota dpr dan persatuan dokter indonesia melakukan study perbandingan gt memajukan diri kita indonesia,kualitas_diagnosis,,
maka dari itu netizen harus berterima kasihbukanya menghina kesehatan indonesiabrtapi hanya juta yang berobat ke dan sisanya tetap berobat di dlm negeri brintinya kesehatan slh satu terbaik di aseanbrbaru ini sudah banyak rumah sakit di resmikan rumah sakit modern canggih di surabayabalimakassaryang sudah diresmikan dan total nantinya ada rumah sakit itu di rumah sakit yang menangani penyakit dalam seperti otakjantungginjalstrokekualitas bintang jadinya nanti gk lagi berobat ke luar negeribrdan rumah sakit swasta canggih pun sudah ada brjadi kesehatan berkualitas internasional dan jadi wisata kesehatan,fasilitas,,
maka dari itu netizen harus berterima kasihbukanya menghina kesehatan indonesiabrtapi hanya juta yang berobat ke dan sisanya tetap berobat di dlm negeri brintinya kesehatan slh satu terbaik di aseanbrbaru ini sudah banyak rumah sakit di resmikan rumah sakit modern canggih di surabayabalimakassaryang sudah diresmikan dan total nantinya ada rumah sakit itu di rumah sakit yang menangani penyakit dalam seperti otakjantungginjalstrokekualitas bintang jadinya nanti gk lagi berobat ke luar negeribrdan rumah sakit swasta canggih pun sudah ada brjadi kesehatan berkualitas internasional dan jadi wisata kesehatan,pelayanan,,
maka dari itu netizen harus berterima kasihbukanya menghina kesehatan indonesiabrtapi hanya juta yang berobat ke dan sisanya tetap berobat di dlm negeri brintinya kesehatan slh satu terbaik di aseanbrbaru ini sudah banyak rumah sakit di resmikan rumah sakit modern canggih di surabayabalimakassaryang sudah diresmikan dan total nantinya ada rumah sakit itu di rumah sakit yang menangani penyakit dalam seperti otakjantungginjalstrokekualitas bintang jadinya nanti gk lagi berobat ke luar negeribrdan rumah sakit swasta canggih pun sudah ada brjadi kesehatan berkualitas internasional dan jadi wisata kesehatan,aksesibilitas,,
maka dari itu netizen harus berterima kasihbukanya menghina kesehatan indonesiabrtapi hanya juta yang berobat ke dan sisanya tetap berobat di dlm negeri brintinya kesehatan slh satu terbaik di aseanbrbaru ini sudah banyak rumah sakit di resmikan rumah sakit modern canggih di surabayabalimakassaryang sudah diresmikan dan total nantinya ada rumah sakit itu di rumah sakit yang menangani penyakit dalam seperti otakjantungginjalstrokekualitas bintang jadinya nanti gk lagi berobat ke luar negeribrdan rumah sakit swasta canggih pun sudah ada brjadi kesehatan berkualitas internasional dan jadi wisata kesehatan,kualitas_diagnosis,,
pasti bpk jokowi sedihampkesal melihat saking banyak warganya yg telah membuat divisa ri berkurang kerna berobat ke luar negeribrapa kalian ngak kasihan sama pemerintah kitasaking pusingnya kepala mereka karna divisa ri sudah ngak banyak lagi,pelayanan,,
malaysia itu rumah sakitnya bagus dan modern peralatannya murah jauh lbh murah drpd rsu indo kinerja mereka buagus bangeeet sgt professional hasil cek dalam bbrp pemeriksaan dapat diterima dalam hari kalo indo lu itung sendiri udah gitu muaaahall kalo berobat di rsu swasta mending dikampanyekan deh berobat ke malay karena lbh menguntungkan rakyat dan devisa malaysia meningkat tanpa merugikan negeri sendiri selain itu jalan juga asik disana makan halal banyak dan mudah orangnya juga komunikatif dan ramah walaupun ga seramah org indo tapi baik banget meskipun ga pandai basa basi hehe pokoknya kalo ke malaysia itu berobat plus jalan dg harga terjangkau oya dokter di malaysia tu lulusan eropa banyak bangeet sementara kalo indo kan rata mesti kuliah dalam negri ga boleh ke luar katanya ntar dipersulit izin atau apanya gitu kalo ambil spesialis di luar negeri makanya bikin aturan tu yg masuk akal jgn salahkan kalo rakyat kalo berobat ke luar yaaa,biaya,,
malaysia itu rumah sakitnya bagus dan modern peralatannya murah jauh lbh murah drpd rsu indo kinerja mereka buagus bangeeet sgt professional hasil cek dalam bbrp pemeriksaan dapat diterima dalam hari kalo indo lu itung sendiri udah gitu muaaahall kalo berobat di rsu swasta mending dikampanyekan deh berobat ke malay karena lbh menguntungkan rakyat dan devisa malaysia meningkat tanpa merugikan negeri sendiri selain itu jalan juga asik disana makan halal banyak dan mudah orangnya juga komunikatif dan ramah walaupun ga seramah org indo tapi baik banget meskipun ga pandai basa basi hehe pokoknya kalo ke malaysia itu berobat plus jalan dg harga terjangkau oya dokter di malaysia tu lulusan eropa banyak bangeet sementara kalo indo kan rata mesti kuliah dalam negri ga boleh ke luar katanya ntar dipersulit izin atau apanya gitu kalo ambil spesialis di luar negeri makanya bikin aturan tu yg masuk akal jgn salahkan kalo rakyat kalo berobat ke luar yaaa,fasilitas,,
malaysia itu rumah sakitnya bagus dan modern peralatannya murah jauh lbh murah drpd rsu indo kinerja mereka buagus bangeeet sgt professional hasil cek dalam bbrp pemeriksaan dapat diterima dalam hari kalo indo lu itung sendiri udah gitu muaaahall kalo berobat di rsu swasta mending dikampanyekan deh berobat ke malay karena lbh menguntungkan rakyat dan devisa malaysia meningkat tanpa merugikan negeri sendiri selain itu jalan juga asik disana makan halal banyak dan mudah orangnya juga komunikatif dan ramah walaupun ga seramah org indo tapi baik banget meskipun ga pandai basa basi hehe pokoknya kalo ke malaysia itu berobat plus jalan dg harga terjangkau oya dokter di malaysia tu lulusan eropa banyak bangeet sementara kalo indo kan rata mesti kuliah dalam negri ga boleh ke luar katanya ntar dipersulit izin atau apanya gitu kalo ambil spesialis di luar negeri makanya bikin aturan tu yg masuk akal jgn salahkan kalo rakyat kalo berobat ke luar yaaa,pelayanan,,
malaysia itu rumah sakitnya bagus dan modern peralatannya murah jauh lbh murah drpd rsu indo kinerja mereka buagus bangeeet sgt professional hasil cek dalam bbrp pemeriksaan dapat diterima dalam hari kalo indo lu itung sendiri udah gitu muaaahall kalo berobat di rsu swasta mending dikampanyekan deh berobat ke malay karena lbh menguntungkan rakyat dan devisa malaysia meningkat tanpa merugikan negeri sendiri selain itu jalan juga asik disana makan halal banyak dan mudah orangnya juga komunikatif dan ramah walaupun ga seramah org indo tapi baik banget meskipun ga pandai basa basi hehe pokoknya kalo ke malaysia itu berobat plus jalan dg harga terjangkau oya dokter di malaysia tu lulusan eropa banyak bangeet sementara kalo indo kan rata mesti kuliah dalam negri ga boleh ke luar katanya ntar dipersulit izin atau apanya gitu kalo ambil spesialis di luar negeri makanya bikin aturan tu yg masuk akal jgn salahkan kalo rakyat kalo berobat ke luar yaaa,aksesibilitas,,
malaysia itu rumah sakitnya bagus dan modern peralatannya murah jauh lbh murah drpd rsu indo kinerja mereka buagus bangeeet sgt professional hasil cek dalam bbrp pemeriksaan dapat diterima dalam hari kalo indo lu itung sendiri udah gitu muaaahall kalo berobat di rsu swasta mending dikampanyekan deh berobat ke malay karena lbh menguntungkan rakyat dan devisa malaysia meningkat tanpa merugikan negeri sendiri selain itu jalan juga asik disana makan halal banyak dan mudah orangnya juga komunikatif dan ramah walaupun ga seramah org indo tapi baik banget meskipun ga pandai basa basi hehe pokoknya kalo ke malaysia itu berobat plus jalan dg harga terjangkau oya dokter di malaysia tu lulusan eropa banyak bangeet sementara kalo indo kan rata mesti kuliah dalam negri ga boleh ke luar katanya ntar dipersulit izin atau apanya gitu kalo ambil spesialis di luar negeri makanya bikin aturan tu yg masuk akal jgn salahkan kalo rakyat kalo berobat ke luar yaaa,kualitas_diagnosis,,
beberapa fitur rumah sakit indonesia brrumah sakitnya sistem dagangbr tenaga medis berbelitbelitbr kualitasrasio kesehatan kecil britulah fakta yang memaksa orang indonesia ramai berobat ke penang,biaya,,
beberapa fitur rumah sakit indonesia brrumah sakitnya sistem dagangbr tenaga medis berbelitbelitbr kualitasrasio kesehatan kecil britulah fakta yang memaksa orang indonesia ramai berobat ke penang,fasilitas,,
beberapa fitur rumah sakit indonesia brrumah sakitnya sistem dagangbr tenaga medis berbelitbelitbr kualitasrasio kesehatan kecil britulah fakta yang memaksa orang indonesia ramai berobat ke penang,pelayanan,,
beberapa fitur rumah sakit indonesia brrumah sakitnya sistem dagangbr tenaga medis berbelitbelitbr kualitasrasio kesehatan kecil britulah fakta yang memaksa orang indonesia ramai berobat ke penang,aksesibilitas,,
beberapa fitur rumah sakit indonesia brrumah sakitnya sistem dagangbr tenaga medis berbelitbelitbr kualitasrasio kesehatan kecil britulah fakta yang memaksa orang indonesia ramai berobat ke penang,kualitas_diagnosis,,
ya jelas banyak berobat ke malaysia dari pelayan obat jauh banget dari yang di indonesia kami saja yang di sumut banyak yang berobat ke penang,aksesibilitas,,
kalau orang indonesia tidak ingin berobat ke luar negeri birokrasi nya perbaiki di indonesia sebab pajabatnya di indonesia itu bermental anjing semuanya mulai dari presiden nya sampai bawahannya mulai dari pusat sampai daerah ini fakta bin nyata,fasilitas,,
kalau orang indonesia tidak ingin berobat ke luar negeri birokrasi nya perbaiki di indonesia sebab pajabatnya di indonesia itu bermental anjing semuanya mulai dari presiden nya sampai bawahannya mulai dari pusat sampai daerah ini fakta bin nyata,pelayanan,,
kalau orang indonesia tidak ingin berobat ke luar negeri birokrasi nya perbaiki di indonesia sebab pajabatnya di indonesia itu bermental anjing semuanya mulai dari presiden nya sampai bawahannya mulai dari pusat sampai daerah ini fakta bin nyata,aksesibilitas,,
konsultan untuk berobat ke penang dimana yg bagus termasuk antar jemput,fasilitas,,
dokter di malaysia banyak tamatan dari luar negeri maklum aja,pelayanan,,
selamat sore pak helmybrkebetulan saya salah satu dari sekian ribu pasien di rumah sakit tempat bapak berdiri ketika live ini hanya jam nya tidak pa maka kita tidak bertemubrperlu di ketahui oleh seluruh orang indonesia dan para pejabat terkait masalah kesehatan brrata rata keluhan pasien asal indonesia yg berobat di penang ini semua korban ketidak becusan rumah sakit dan oknum dokter di indonesia yang katanya asal vonis penyakit dan ceroboh bertindak secara medisyang vonis tidak akurat terutama sembarang tembak harga yang selangit kira kira seperti itu keluhan para pasien yang berobat di indonesia dan berpaling berobat ke penang sini brjadi kebanyakan mereka saya tanya itu kesannya menjelek jelekan pelayanan rumah sakit dan rusaknya citra para oknum tenaga dokter di indonesia yang serba sembarang itu dan terbukti jadi bahan tertawaan dokter di sini yang di lihat dari hasil tindakan yang melekat pada pasien dalam tanda kutip menjelekkan disini maksudnya ungkapan ketidakpuasan mereka terhadapa hasil tindakan medis yg di lakukan di indonesia quotdapat dimaklumi krn kenyataan seperti itu bisa di cek ke pasien indonesia yg ada disini quotbrjadi menurut saya bukan karena jumlah rumah sakit atau tempat tidur dll bla bla tetapi akar masalahnya adalah tingkat kepercayaan terhadap kualitas dokter dari berbagai sisi secara mental dan keilmuan itu yang sudah rusak parah sehingga ada banyak masyarakat indonesia yg saya tanya ketika antri berobat itu rata rata korban berobat di indonesia yg tidak puas dan menjelekkan kualitas r maupun tenaga kesehatan di indonesia yang saya tau berdasarkan informasi tenaga perawat di r di penang ada dari berbagai daerah di indonesia terbanyak medan jakartasurabaya brdemikian informasi yang saya tau secara real di lokasi,biaya,,
selamat sore pak helmybrkebetulan saya salah satu dari sekian ribu pasien di rumah sakit tempat bapak berdiri ketika live ini hanya jam nya tidak pa maka kita tidak bertemubrperlu di ketahui oleh seluruh orang indonesia dan para pejabat terkait masalah kesehatan brrata rata keluhan pasien asal indonesia yg berobat di penang ini semua korban ketidak becusan rumah sakit dan oknum dokter di indonesia yang katanya asal vonis penyakit dan ceroboh bertindak secara medisyang vonis tidak akurat terutama sembarang tembak harga yang selangit kira kira seperti itu keluhan para pasien yang berobat di indonesia dan berpaling berobat ke penang sini brjadi kebanyakan mereka saya tanya itu kesannya menjelek jelekan pelayanan rumah sakit dan rusaknya citra para oknum tenaga dokter di indonesia yang serba sembarang itu dan terbukti jadi bahan tertawaan dokter di sini yang di lihat dari hasil tindakan yang melekat pada pasien dalam tanda kutip menjelekkan disini maksudnya ungkapan ketidakpuasan mereka terhadapa hasil tindakan medis yg di lakukan di indonesia quotdapat dimaklumi krn kenyataan seperti itu bisa di cek ke pasien indonesia yg ada disini quotbrjadi menurut saya bukan karena jumlah rumah sakit atau tempat tidur dll bla bla tetapi akar masalahnya adalah tingkat kepercayaan terhadap kualitas dokter dari berbagai sisi secara mental dan keilmuan itu yang sudah rusak parah sehingga ada banyak masyarakat indonesia yg saya tanya ketika antri berobat itu rata rata korban berobat di indonesia yg tidak puas dan menjelekkan kualitas r maupun tenaga kesehatan di indonesia yang saya tau berdasarkan informasi tenaga perawat di r di penang ada dari berbagai daerah di indonesia terbanyak medan jakartasurabaya brdemikian informasi yang saya tau secara real di lokasi,fasilitas,,
selamat sore pak helmybrkebetulan saya salah satu dari sekian ribu pasien di rumah sakit tempat bapak berdiri ketika live ini hanya jam nya tidak pa maka kita tidak bertemubrperlu di ketahui oleh seluruh orang indonesia dan para pejabat terkait masalah kesehatan brrata rata keluhan pasien asal indonesia yg berobat di penang ini semua korban ketidak becusan rumah sakit dan oknum dokter di indonesia yang katanya asal vonis penyakit dan ceroboh bertindak secara medisyang vonis tidak akurat terutama sembarang tembak harga yang selangit kira kira seperti itu keluhan para pasien yang berobat di indonesia dan berpaling berobat ke penang sini brjadi kebanyakan mereka saya tanya itu kesannya menjelek jelekan pelayanan rumah sakit dan rusaknya citra para oknum tenaga dokter di indonesia yang serba sembarang itu dan terbukti jadi bahan tertawaan dokter di sini yang di lihat dari hasil tindakan yang melekat pada pasien dalam tanda kutip menjelekkan disini maksudnya ungkapan ketidakpuasan mereka terhadapa hasil tindakan medis yg di lakukan di indonesia quotdapat dimaklumi krn kenyataan seperti itu bisa di cek ke pasien indonesia yg ada disini quotbrjadi menurut saya bukan karena jumlah rumah sakit atau tempat tidur dll bla bla tetapi akar masalahnya adalah tingkat kepercayaan terhadap kualitas dokter dari berbagai sisi secara mental dan keilmuan itu yang sudah rusak parah sehingga ada banyak masyarakat indonesia yg saya tanya ketika antri berobat itu rata rata korban berobat di indonesia yg tidak puas dan menjelekkan kualitas r maupun tenaga kesehatan di indonesia yang saya tau berdasarkan informasi tenaga perawat di r di penang ada dari berbagai daerah di indonesia terbanyak medan jakartasurabaya brdemikian informasi yang saya tau secara real di lokasi,pelayanan,,
selamat sore pak helmybrkebetulan saya salah satu dari sekian ribu pasien di rumah sakit tempat bapak berdiri ketika live ini hanya jam nya tidak pa maka kita tidak bertemubrperlu di ketahui oleh seluruh orang indonesia dan para pejabat terkait masalah kesehatan brrata rata keluhan pasien asal indonesia yg berobat di penang ini semua korban ketidak becusan rumah sakit dan oknum dokter di indonesia yang katanya asal vonis penyakit dan ceroboh bertindak secara medisyang vonis tidak akurat terutama sembarang tembak harga yang selangit kira kira seperti itu keluhan para pasien yang berobat di indonesia dan berpaling berobat ke penang sini brjadi kebanyakan mereka saya tanya itu kesannya menjelek jelekan pelayanan rumah sakit dan rusaknya citra para oknum tenaga dokter di indonesia yang serba sembarang itu dan terbukti jadi bahan tertawaan dokter di sini yang di lihat dari hasil tindakan yang melekat pada pasien dalam tanda kutip menjelekkan disini maksudnya ungkapan ketidakpuasan mereka terhadapa hasil tindakan medis yg di lakukan di indonesia quotdapat dimaklumi krn kenyataan seperti itu bisa di cek ke pasien indonesia yg ada disini quotbrjadi menurut saya bukan karena jumlah rumah sakit atau tempat tidur dll bla bla tetapi akar masalahnya adalah tingkat kepercayaan terhadap kualitas dokter dari berbagai sisi secara mental dan keilmuan itu yang sudah rusak parah sehingga ada banyak masyarakat indonesia yg saya tanya ketika antri berobat itu rata rata korban berobat di indonesia yg tidak puas dan menjelekkan kualitas r maupun tenaga kesehatan di indonesia yang saya tau berdasarkan informasi tenaga perawat di r di penang ada dari berbagai daerah di indonesia terbanyak medan jakartasurabaya brdemikian informasi yang saya tau secara real di lokasi,aksesibilitas,,
selamat sore pak helmybrkebetulan saya salah satu dari sekian ribu pasien di rumah sakit tempat bapak berdiri ketika live ini hanya jam nya tidak pa maka kita tidak bertemubrperlu di ketahui oleh seluruh orang indonesia dan para pejabat terkait masalah kesehatan brrata rata keluhan pasien asal indonesia yg berobat di penang ini semua korban ketidak becusan rumah sakit dan oknum dokter di indonesia yang katanya asal vonis penyakit dan ceroboh bertindak secara medisyang vonis tidak akurat terutama sembarang tembak harga yang selangit kira kira seperti itu keluhan para pasien yang berobat di indonesia dan berpaling berobat ke penang sini brjadi kebanyakan mereka saya tanya itu kesannya menjelek jelekan pelayanan rumah sakit dan rusaknya citra para oknum tenaga dokter di indonesia yang serba sembarang itu dan terbukti jadi bahan tertawaan dokter di sini yang di lihat dari hasil tindakan yang melekat pada pasien dalam tanda kutip menjelekkan disini maksudnya ungkapan ketidakpuasan mereka terhadapa hasil tindakan medis yg di lakukan di indonesia quotdapat dimaklumi krn kenyataan seperti itu bisa di cek ke pasien indonesia yg ada disini quotbrjadi menurut saya bukan karena jumlah rumah sakit atau tempat tidur dll bla bla tetapi akar masalahnya adalah tingkat kepercayaan terhadap kualitas dokter dari berbagai sisi secara mental dan keilmuan itu yang sudah rusak parah sehingga ada banyak masyarakat indonesia yg saya tanya ketika antri berobat itu rata rata korban berobat di indonesia yg tidak puas dan menjelekkan kualitas r maupun tenaga kesehatan di indonesia yang saya tau berdasarkan informasi tenaga perawat di r di penang ada dari berbagai daerah di indonesia terbanyak medan jakartasurabaya brdemikian informasi yang saya tau secara real di lokasi,kualitas_diagnosis,,
benarrr saran berobat ke luar negeri justru banyak datang dari keluarga dokter sendiribrbrini pengalaman pribadi keluarga sy yang berprofesi dokter justru malah menyarankan berobat langsung ke luar ajabrbrbrkalau para pelaku nya aja ga punya kepercayaan ke industri kesehatan dalam negeri gimana orang awam coba,fasilitas,,
benarrr saran berobat ke luar negeri justru banyak datang dari keluarga dokter sendiribrbrini pengalaman pribadi keluarga sy yang berprofesi dokter justru malah menyarankan berobat langsung ke luar ajabrbrbrkalau para pelaku nya aja ga punya kepercayaan ke industri kesehatan dalam negeri gimana orang awam coba,pelayanan,,
benarrr saran berobat ke luar negeri justru banyak datang dari keluarga dokter sendiribrbrini pengalaman pribadi keluarga sy yang berprofesi dokter justru malah menyarankan berobat langsung ke luar ajabrbrbrkalau para pelaku nya aja ga punya kepercayaan ke industri kesehatan dalam negeri gimana orang awam coba,kualitas_diagnosis,,
berobat ke luar negeri malah bisa menghemat bagi penderita karena biasanya penyakitnya bisa sembuh total kalau berobat di dalam negeri malah penyakitnya tdk sembuh krn dokternya tdk kompeten dan peralatan tdk lengkap,fasilitas,,
berobat ke luar negeri malah bisa menghemat bagi penderita karena biasanya penyakitnya bisa sembuh total kalau berobat di dalam negeri malah penyakitnya tdk sembuh krn dokternya tdk kompeten dan peralatan tdk lengkap,pelayanan,,
atau bisakah saya di share nomor contact atau contact person yang bisa bantu untuk saya berobat ke penang,fasilitas,,
org jakarta juga di circle ku berobat ke penang sekalian jalan soalnya,general,,
teman teman saya sesama penderita ablasio retina atau kerusakan pada retina mata banyak yg memilih berobat ke penang malaysia banyak kasus diagnosis kurang akurat saat diindonesia secara biaya relatif sama kasus lain diindonesia saya memeriksakan istri saya sakit kakinya ke dokter spesialis dalam di sebuah klinik di surabya untuk konsultasi diskusi nama penyakitnya aja gak ada waktu langsung kasih obat saja dan tetnyata tidak sembuh kemudian coba pakai bpjs ke faskes ketemu dokter umum eh dokter umum ini cerdas ternyata baru sekali ketemu sdh menduga sakitnya krn ada tilang yg tumbuh kemudian dirujuk ke dokter ortopedi entah bisa dikatakn konpetensi dokternya yg kurang bagus atau kurang teliti saja karena diburu antrian pasien kl,biaya,,
teman teman saya sesama penderita ablasio retina atau kerusakan pada retina mata banyak yg memilih berobat ke penang malaysia banyak kasus diagnosis kurang akurat saat diindonesia secara biaya relatif sama kasus lain diindonesia saya memeriksakan istri saya sakit kakinya ke dokter spesialis dalam di sebuah klinik di surabya untuk konsultasi diskusi nama penyakitnya aja gak ada waktu langsung kasih obat saja dan tetnyata tidak sembuh kemudian coba pakai bpjs ke faskes ketemu dokter umum eh dokter umum ini cerdas ternyata baru sekali ketemu sdh menduga sakitnya krn ada tilang yg tumbuh kemudian dirujuk ke dokter ortopedi entah bisa dikatakn konpetensi dokternya yg kurang bagus atau kurang teliti saja karena diburu antrian pasien kl,fasilitas,,
teman teman saya sesama penderita ablasio retina atau kerusakan pada retina mata banyak yg memilih berobat ke penang malaysia banyak kasus diagnosis kurang akurat saat diindonesia secara biaya relatif sama kasus lain diindonesia saya memeriksakan istri saya sakit kakinya ke dokter spesialis dalam di sebuah klinik di surabya untuk konsultasi diskusi nama penyakitnya aja gak ada waktu langsung kasih obat saja dan tetnyata tidak sembuh kemudian coba pakai bpjs ke faskes ketemu dokter umum eh dokter umum ini cerdas ternyata baru sekali ketemu sdh menduga sakitnya krn ada tilang yg tumbuh kemudian dirujuk ke dokter ortopedi entah bisa dikatakn konpetensi dokternya yg kurang bagus atau kurang teliti saja karena diburu antrian pasien kl,pelayanan,,
teman teman saya sesama penderita ablasio retina atau kerusakan pada retina mata banyak yg memilih berobat ke penang malaysia banyak kasus diagnosis kurang akurat saat diindonesia secara biaya relatif sama kasus lain diindonesia saya memeriksakan istri saya sakit kakinya ke dokter spesialis dalam di sebuah klinik di surabya untuk konsultasi diskusi nama penyakitnya aja gak ada waktu langsung kasih obat saja dan tetnyata tidak sembuh kemudian coba pakai bpjs ke faskes ketemu dokter umum eh dokter umum ini cerdas ternyata baru sekali ketemu sdh menduga sakitnya krn ada tilang yg tumbuh kemudian dirujuk ke dokter ortopedi entah bisa dikatakn konpetensi dokternya yg kurang bagus atau kurang teliti saja karena diburu antrian pasien kl,aksesibilitas,,
teman teman saya sesama penderita ablasio retina atau kerusakan pada retina mata banyak yg memilih berobat ke penang malaysia banyak kasus diagnosis kurang akurat saat diindonesia secara biaya relatif sama kasus lain diindonesia saya memeriksakan istri saya sakit kakinya ke dokter spesialis dalam di sebuah klinik di surabya untuk konsultasi diskusi nama penyakitnya aja gak ada waktu langsung kasih obat saja dan tetnyata tidak sembuh kemudian coba pakai bpjs ke faskes ketemu dokter umum eh dokter umum ini cerdas ternyata baru sekali ketemu sdh menduga sakitnya krn ada tilang yg tumbuh kemudian dirujuk ke dokter ortopedi entah bisa dikatakn konpetensi dokternya yg kurang bagus atau kurang teliti saja karena diburu antrian pasien kl,kualitas_diagnosis,,
inilah kita orang indonesiabrjangan salahkan orang indonesia yang berobat ke luar negeribrcara dokter rumah sakit laboratorium dan pharmasi di indonesia yang harus memperbaiki diri dengan mencontoh cara dokter rumah sakit laboratorium dan pharmasi yang di luar negeri memperlakukan orang yang berobat,fasilitas,,
inilah kita orang indonesiabrjangan salahkan orang indonesia yang berobat ke luar negeribrcara dokter rumah sakit laboratorium dan pharmasi di indonesia yang harus memperbaiki diri dengan mencontoh cara dokter rumah sakit laboratorium dan pharmasi yang di luar negeri memperlakukan orang yang berobat,pelayanan,,
inilah kita orang indonesiabrjangan salahkan orang indonesia yang berobat ke luar negeribrcara dokter rumah sakit laboratorium dan pharmasi di indonesia yang harus memperbaiki diri dengan mencontoh cara dokter rumah sakit laboratorium dan pharmasi yang di luar negeri memperlakukan orang yang berobat,aksesibilitas,,
inilah kita orang indonesiabrjangan salahkan orang indonesia yang berobat ke luar negeribrcara dokter rumah sakit laboratorium dan pharmasi di indonesia yang harus memperbaiki diri dengan mencontoh cara dokter rumah sakit laboratorium dan pharmasi yang di luar negeri memperlakukan orang yang berobat,kualitas_diagnosis,,
dia sendiri berobat ke luar negeri,general,,
ktnya berobat ke penang lebih murah dari di sini artinya orang indo bisa hemat duit dan dapat pelayanan fair bukannya menghemat itu bagus devisa lain soal,biaya,,
ktnya berobat ke penang lebih murah dari di sini artinya orang indo bisa hemat duit dan dapat pelayanan fair bukannya menghemat itu bagus devisa lain soal,fasilitas,,
ktnya berobat ke penang lebih murah dari di sini artinya orang indo bisa hemat duit dan dapat pelayanan fair bukannya menghemat itu bagus devisa lain soal,pelayanan,,
pak helmi anda menyayangkan rakyat indonesia berobat ke penang nah anda sendiri mcu ke sana juga anda dong kasih contoh brlagian tidak bisa anda menyalahkan r dan dokter di indonesia selama bpjs seperti saat ini coba anda wawancara mengenai bpjs yaitu pertama pasien yg berdampak pihak r dan dokter serta perawat yg kewalahan dgn pasien bpjs dan pihak bpjs sendiri sebagai quotpenyandangquot biayanya nah lalu anda banding dan analisa hasil wawancara itu pasti anda sadar masalahnya kompleks,biaya,,
pak helmi anda menyayangkan rakyat indonesia berobat ke penang nah anda sendiri mcu ke sana juga anda dong kasih contoh brlagian tidak bisa anda menyalahkan r dan dokter di indonesia selama bpjs seperti saat ini coba anda wawancara mengenai bpjs yaitu pertama pasien yg berdampak pihak r dan dokter serta perawat yg kewalahan dgn pasien bpjs dan pihak bpjs sendiri sebagai quotpenyandangquot biayanya nah lalu anda banding dan analisa hasil wawancara itu pasti anda sadar masalahnya kompleks,pelayanan,,
pak helmi anda menyayangkan rakyat indonesia berobat ke penang nah anda sendiri mcu ke sana juga anda dong kasih contoh brlagian tidak bisa anda menyalahkan r dan dokter di indonesia selama bpjs seperti saat ini coba anda wawancara mengenai bpjs yaitu pertama pasien yg berdampak pihak r dan dokter serta perawat yg kewalahan dgn pasien bpjs dan pihak bpjs sendiri sebagai quotpenyandangquot biayanya nah lalu anda banding dan analisa hasil wawancara itu pasti anda sadar masalahnya kompleks,aksesibilitas,,
pak helmi anda menyayangkan rakyat indonesia berobat ke penang nah anda sendiri mcu ke sana juga anda dong kasih contoh brlagian tidak bisa anda menyalahkan r dan dokter di indonesia selama bpjs seperti saat ini coba anda wawancara mengenai bpjs yaitu pertama pasien yg berdampak pihak r dan dokter serta perawat yg kewalahan dgn pasien bpjs dan pihak bpjs sendiri sebagai quotpenyandangquot biayanya nah lalu anda banding dan analisa hasil wawancara itu pasti anda sadar masalahnya kompleks,kualitas_diagnosis,,
saya rakyat biasa makanya ikut bpjs kalo saya kaya gak ikut bpjs dan kalo berobat ke luar negeriorang kaya mah bisa sombong,biaya,,
di konoha yg paling laku kambing hitam banyak banget alasan di sini dewan pakar pakar bikin alasanbrbrkl pelayanan busukdiagnosa ga jelas gimana ga berobat ke luar negeri,pelayanan,,
di konoha yg paling laku kambing hitam banyak banget alasan di sini dewan pakar pakar bikin alasanbrbrkl pelayanan busukdiagnosa ga jelas gimana ga berobat ke luar negeri,kualitas_diagnosis,,
bohong bayak orang indonesia berobat ke luar negeri yang berobat ke luar negeri itu hanya orangorang kaya saja jumlahnya tidak bsnyak orangorang kaya berobat ke luar negeri karena faktor gengsi malu kalau berobat di dalam negeri merasa derajat sosialnya jatuh dan terhina bagi yang banyak uang jangankan betobat ke luar negeri ke planet bulanpun gak masalah,biaya,,
bohong bayak orang indonesia berobat ke luar negeri yang berobat ke luar negeri itu hanya orangorang kaya saja jumlahnya tidak bsnyak orangorang kaya berobat ke luar negeri karena faktor gengsi malu kalau berobat di dalam negeri merasa derajat sosialnya jatuh dan terhina bagi yang banyak uang jangankan betobat ke luar negeri ke planet bulanpun gak masalah,aksesibilitas,,
bohong bayak orang indonesia berobat ke luar negeri yang berobat ke luar negeri itu hanya orangorang kaya saja jumlahnya tidak bsnyak orangorang kaya berobat ke luar negeri karena faktor gengsi malu kalau berobat di dalam negeri merasa derajat sosialnya jatuh dan terhina bagi yang banyak uang jangankan betobat ke luar negeri ke planet bulanpun gak masalah,kualitas_diagnosis,,
kalau orang berobat ke luar negeri krn di luar negeri langsung di tanganin kagak kayak di dalam negeri banyak aturan²nya dsbkeburu tuh orang lewat,biaya,,
itu masyarakat yang mana pak saya kira masyarakat bawah tidak akan punya uang untuk berobat ke luar negeri,biaya,,
saya lebih percaya berobat ke luar negeri,pelayanan,,
bisa pakai bpjs kesehatan kah berobat ke penang,biaya,,
karena sdm perawat di indonesia rendah pelayanan rendah baru aja masuk ke rumah sakit di bentak di marah mending berobat ke luar negeri pelayanan ramah baik dan murah lagi dan banyak teknologi maju di rumah sakit di luar negeri,biaya,,
karena sdm perawat di indonesia rendah pelayanan rendah baru aja masuk ke rumah sakit di bentak di marah mending berobat ke luar negeri pelayanan ramah baik dan murah lagi dan banyak teknologi maju di rumah sakit di luar negeri,fasilitas,,
karena sdm perawat di indonesia rendah pelayanan rendah baru aja masuk ke rumah sakit di bentak di marah mending berobat ke luar negeri pelayanan ramah baik dan murah lagi dan banyak teknologi maju di rumah sakit di luar negeri,pelayanan,,
karena sdm perawat di indonesia rendah pelayanan rendah baru aja masuk ke rumah sakit di bentak di marah mending berobat ke luar negeri pelayanan ramah baik dan murah lagi dan banyak teknologi maju di rumah sakit di luar negeri,aksesibilitas,,
karena sdm perawat di indonesia rendah pelayanan rendah baru aja masuk ke rumah sakit di bentak di marah mending berobat ke luar negeri pelayanan ramah baik dan murah lagi dan banyak teknologi maju di rumah sakit di luar negeri,kualitas_diagnosis,,
dokter di malaysia lebih teliti saja,biaya,,
dokter di malaysia lebih teliti saja,pelayanan,,
kabarnya ada yang berobat ke luar negeri skrg ya,general,,
berobat ke luar negeri karena ibu ida dayak hanya,general,,
rata org dr medan berobat ke penang,general,,
yah memang betul bagi yg banyak duit berobat ke luar negeribagi yg nggak punya duit berobatnya ke alternatif makanya ada alternatif seperti ibu ida dayak yg gratis maka berbondong berobat mau sembuh mau tidak yg penting usaha tidak banyak mgeluarkan biayadan hasilnya memuaskan,biaya,,
yah memang betul bagi yg banyak duit berobat ke luar negeribagi yg nggak punya duit berobatnya ke alternatif makanya ada alternatif seperti ibu ida dayak yg gratis maka berbondong berobat mau sembuh mau tidak yg penting usaha tidak banyak mgeluarkan biayadan hasilnya memuaskan,pelayanan,,
yah memang betul bagi yg banyak duit berobat ke luar negeribagi yg nggak punya duit berobatnya ke alternatif makanya ada alternatif seperti ibu ida dayak yg gratis maka berbondong berobat mau sembuh mau tidak yg penting usaha tidak banyak mgeluarkan biayadan hasilnya memuaskan,kualitas_diagnosis,,
pak jokowi jangan heran mengapa masyarakat berobat ke luar negeri seperti singapura dan australia jangan salahkan fasilitas dan dokter mereka sama pintar dan sama baik fasilitas apakah pemerintah sadar karena pemerintah yang salah membiarkan semua produk masal boleh bebas memakai bahan pengawet dan gula buatan sedangkan di singapura dan australia dilarang memakai bahan pengawet dan gula buatan apakah indonesia bisa begitu ini sangat simpel saja pak jokowi jangan heran heran saja dan cari alasan membangun rumah sakit yang menghabiskan devisa sia sia saja kalau masalah pengawet makanan dan gula buatan tidak dilarang pemerintah,fasilitas,,
pak jokowi jangan heran mengapa masyarakat berobat ke luar negeri seperti singapura dan australia jangan salahkan fasilitas dan dokter mereka sama pintar dan sama baik fasilitas apakah pemerintah sadar karena pemerintah yang salah membiarkan semua produk masal boleh bebas memakai bahan pengawet dan gula buatan sedangkan di singapura dan australia dilarang memakai bahan pengawet dan gula buatan apakah indonesia bisa begitu ini sangat simpel saja pak jokowi jangan heran heran saja dan cari alasan membangun rumah sakit yang menghabiskan devisa sia sia saja kalau masalah pengawet makanan dan gula buatan tidak dilarang pemerintah,pelayanan,,
pak jokowi jangan heran mengapa masyarakat berobat ke luar negeri seperti singapura dan australia jangan salahkan fasilitas dan dokter mereka sama pintar dan sama baik fasilitas apakah pemerintah sadar karena pemerintah yang salah membiarkan semua produk masal boleh bebas memakai bahan pengawet dan gula buatan sedangkan di singapura dan australia dilarang memakai bahan pengawet dan gula buatan apakah indonesia bisa begitu ini sangat simpel saja pak jokowi jangan heran heran saja dan cari alasan membangun rumah sakit yang menghabiskan devisa sia sia saja kalau masalah pengawet makanan dan gula buatan tidak dilarang pemerintah,aksesibilitas,,
pak jokowi jangan heran mengapa masyarakat berobat ke luar negeri seperti singapura dan australia jangan salahkan fasilitas dan dokter mereka sama pintar dan sama baik fasilitas apakah pemerintah sadar karena pemerintah yang salah membiarkan semua produk masal boleh bebas memakai bahan pengawet dan gula buatan sedangkan di singapura dan australia dilarang memakai bahan pengawet dan gula buatan apakah indonesia bisa begitu ini sangat simpel saja pak jokowi jangan heran heran saja dan cari alasan membangun rumah sakit yang menghabiskan devisa sia sia saja kalau masalah pengawet makanan dan gula buatan tidak dilarang pemerintah,kualitas_diagnosis,,
di indonesia boleh bebas produsen makanan dan minuman sesuka mereka memakai bahan pengawet dan gula buatan sedangkan di singapura dan australia tidak boleh menggunakan pengawet dan gula buatan untuk semua produk makanan dan minuman apakah pemerintah dan pak jokowi bisa sadar bahwa pengawet makanan dan gula buatan membuat banyak orang sakit terpaksa berobat ke luar negeri singapura dan malaysia,pelayanan,,
di indonesia boleh bebas produsen makanan dan minuman sesuka mereka memakai bahan pengawet dan gula buatan sedangkan di singapura dan australia tidak boleh menggunakan pengawet dan gula buatan untuk semua produk makanan dan minuman apakah pemerintah dan pak jokowi bisa sadar bahwa pengawet makanan dan gula buatan membuat banyak orang sakit terpaksa berobat ke luar negeri singapura dan malaysia,aksesibilitas,,
akan sia sia saja p jokowi membenahi pelayanan rumah sakit berobat ke luar negeri dokter dokter di pastikan dpt komisi blm lg klu asn dan pejabat pemerintah yg sakit uang rakyat habis utk mengobati manusia manusia inisedangkan rakyat sendiri klu berobat klu tdk bawa uang cast di pastikan di tolak rumah sakit dgn alasan kamar penuh sedih sedih sekali nyawa di negara bisa di tukar dgn uang cast mikirin negara bekas penjajahuang dan jabatan sbg alat penjajah rakyatnya sendiri miri miri sekali,biaya,,
akan sia sia saja p jokowi membenahi pelayanan rumah sakit berobat ke luar negeri dokter dokter di pastikan dpt komisi blm lg klu asn dan pejabat pemerintah yg sakit uang rakyat habis utk mengobati manusia manusia inisedangkan rakyat sendiri klu berobat klu tdk bawa uang cast di pastikan di tolak rumah sakit dgn alasan kamar penuh sedih sedih sekali nyawa di negara bisa di tukar dgn uang cast mikirin negara bekas penjajahuang dan jabatan sbg alat penjajah rakyatnya sendiri miri miri sekali,fasilitas,,
akan sia sia saja p jokowi membenahi pelayanan rumah sakit berobat ke luar negeri dokter dokter di pastikan dpt komisi blm lg klu asn dan pejabat pemerintah yg sakit uang rakyat habis utk mengobati manusia manusia inisedangkan rakyat sendiri klu berobat klu tdk bawa uang cast di pastikan di tolak rumah sakit dgn alasan kamar penuh sedih sedih sekali nyawa di negara bisa di tukar dgn uang cast mikirin negara bekas penjajahuang dan jabatan sbg alat penjajah rakyatnya sendiri miri miri sekali,pelayanan,,
pengalaman waktu suamiku sakit harus operasi batu empedu brbpjs nya tidak terpakai pertama masuk r pemerintah baru di ugd bilang nya alatnya kurang lengkap rujukan r pemerintah lagi nunggu di ugd hampir jam di bilang kamar penuh malah di suruh plg dulu hari senin di sarankan ke poliklinik dulu saya bingung dari ugd kok nunggu senin malah ke poliklinik dulu sedangkan suami udah bisa di bilang parah brakhirnya saya pilih bawa pulang brdah memilih salah satu rumah sakit swasta tanpa bpjs ya namanya klu dah sakit tak ada uang harus ada uang brternyata setelah di r swasta dokter meminta kami harus di scanning lagi rujukan utk scanning di r yg r pemerintah yg bilang nya alatnya kurang lengkap brsangat kecewa lah brjadi wajarlah yg merasa mampu berobat ke luar negeri mereka berobat ke ln brsaya bandingkan dgn saya mendampingi kk saya berobat ke ln sgt jauh pelayanan nya brpelayanan lah yg di butuhkan no oleh seorang pasean,biaya,,
pengalaman waktu suamiku sakit harus operasi batu empedu brbpjs nya tidak terpakai pertama masuk r pemerintah baru di ugd bilang nya alatnya kurang lengkap rujukan r pemerintah lagi nunggu di ugd hampir jam di bilang kamar penuh malah di suruh plg dulu hari senin di sarankan ke poliklinik dulu saya bingung dari ugd kok nunggu senin malah ke poliklinik dulu sedangkan suami udah bisa di bilang parah brakhirnya saya pilih bawa pulang brdah memilih salah satu rumah sakit swasta tanpa bpjs ya namanya klu dah sakit tak ada uang harus ada uang brternyata setelah di r swasta dokter meminta kami harus di scanning lagi rujukan utk scanning di r yg r pemerintah yg bilang nya alatnya kurang lengkap brsangat kecewa lah brjadi wajarlah yg merasa mampu berobat ke luar negeri mereka berobat ke ln brsaya bandingkan dgn saya mendampingi kk saya berobat ke ln sgt jauh pelayanan nya brpelayanan lah yg di butuhkan no oleh seorang pasean,fasilitas,,
pengalaman waktu suamiku sakit harus operasi batu empedu brbpjs nya tidak terpakai pertama masuk r pemerintah baru di ugd bilang nya alatnya kurang lengkap rujukan r pemerintah lagi nunggu di ugd hampir jam di bilang kamar penuh malah di suruh plg dulu hari senin di sarankan ke poliklinik dulu saya bingung dari ugd kok nunggu senin malah ke poliklinik dulu sedangkan suami udah bisa di bilang parah brakhirnya saya pilih bawa pulang brdah memilih salah satu rumah sakit swasta tanpa bpjs ya namanya klu dah sakit tak ada uang harus ada uang brternyata setelah di r swasta dokter meminta kami harus di scanning lagi rujukan utk scanning di r yg r pemerintah yg bilang nya alatnya kurang lengkap brsangat kecewa lah brjadi wajarlah yg merasa mampu berobat ke luar negeri mereka berobat ke ln brsaya bandingkan dgn saya mendampingi kk saya berobat ke ln sgt jauh pelayanan nya brpelayanan lah yg di butuhkan no oleh seorang pasean,pelayanan,,
pengalaman waktu suamiku sakit harus operasi batu empedu brbpjs nya tidak terpakai pertama masuk r pemerintah baru di ugd bilang nya alatnya kurang lengkap rujukan r pemerintah lagi nunggu di ugd hampir jam di bilang kamar penuh malah di suruh plg dulu hari senin di sarankan ke poliklinik dulu saya bingung dari ugd kok nunggu senin malah ke poliklinik dulu sedangkan suami udah bisa di bilang parah brakhirnya saya pilih bawa pulang brdah memilih salah satu rumah sakit swasta tanpa bpjs ya namanya klu dah sakit tak ada uang harus ada uang brternyata setelah di r swasta dokter meminta kami harus di scanning lagi rujukan utk scanning di r yg r pemerintah yg bilang nya alatnya kurang lengkap brsangat kecewa lah brjadi wajarlah yg merasa mampu berobat ke luar negeri mereka berobat ke ln brsaya bandingkan dgn saya mendampingi kk saya berobat ke ln sgt jauh pelayanan nya brpelayanan lah yg di butuhkan no oleh seorang pasean,aksesibilitas,,
pengalaman waktu suamiku sakit harus operasi batu empedu brbpjs nya tidak terpakai pertama masuk r pemerintah baru di ugd bilang nya alatnya kurang lengkap rujukan r pemerintah lagi nunggu di ugd hampir jam di bilang kamar penuh malah di suruh plg dulu hari senin di sarankan ke poliklinik dulu saya bingung dari ugd kok nunggu senin malah ke poliklinik dulu sedangkan suami udah bisa di bilang parah brakhirnya saya pilih bawa pulang brdah memilih salah satu rumah sakit swasta tanpa bpjs ya namanya klu dah sakit tak ada uang harus ada uang brternyata setelah di r swasta dokter meminta kami harus di scanning lagi rujukan utk scanning di r yg r pemerintah yg bilang nya alatnya kurang lengkap brsangat kecewa lah brjadi wajarlah yg merasa mampu berobat ke luar negeri mereka berobat ke ln brsaya bandingkan dgn saya mendampingi kk saya berobat ke ln sgt jauh pelayanan nya brpelayanan lah yg di butuhkan no oleh seorang pasean,kualitas_diagnosis,,
saya kira wajar kalo berobat ke luar negeri karena saya pernah menjumpai dokter yang diagnosa dan pertolongannya nggak meyakinkan ketika ada kasus stroke tapi ini kasus di daerah yang mana dokter bagus mungkin hanya atau orang di rumah sakit pemerintah swasta level propinsi saya kira sudah banyak yang bagus walaupun tidak semua,fasilitas,,
saya kira wajar kalo berobat ke luar negeri karena saya pernah menjumpai dokter yang diagnosa dan pertolongannya nggak meyakinkan ketika ada kasus stroke tapi ini kasus di daerah yang mana dokter bagus mungkin hanya atau orang di rumah sakit pemerintah swasta level propinsi saya kira sudah banyak yang bagus walaupun tidak semua,pelayanan,,
saya kira wajar kalo berobat ke luar negeri karena saya pernah menjumpai dokter yang diagnosa dan pertolongannya nggak meyakinkan ketika ada kasus stroke tapi ini kasus di daerah yang mana dokter bagus mungkin hanya atau orang di rumah sakit pemerintah swasta level propinsi saya kira sudah banyak yang bagus walaupun tidak semua,kualitas_diagnosis,,
mari berobat ke singapura is great hospital and with quality be better other,fasilitas,,
dari tiket pesawat saja udah menang berobat ke luar negeri blm lagi penanganya,general,,
beberapa bulan lalu istri saya berobat ke penang pakai biaya sendirii dan saya puas dan ikhlas rekomendasi untuk berobat ke luar negri terutama malaysia why br diagnosa tepatbr obat diberikan jika perlu yang bikin saya kaget ketika istri menjalani operasi dan rawat inap di penang sangat minim obat yang diinject atau oral bahkan cairan infus dipasang hanya sebelum operasi sampai selesai operasi sekiranya pasien sudah bisa minum obat selang infus di cabutbr biaya masuk akal saya tidak bilang murah tapi sangat masuk akal dibanding rumah sakit di indonesiabr pengobatan efisien dan cepat datang konsultasi cek lab diagnosa dan tindakan bisa one day servicebr dokter atau tenaga medis di malaysia profesional ga merangkap jadi salles obat kaya di indonesiabrbrnote oh iya saya bukan tinggal di sumatra atau di kalimantan yang katanya fasilitas medisnya ga secanggih dan selengkap di pulau jawa kalau point yg saya sampaikan itu ada di indonesia saya ga akan jauh jauh berobat ke penang dari bandung,biaya,,
beberapa bulan lalu istri saya berobat ke penang pakai biaya sendirii dan saya puas dan ikhlas rekomendasi untuk berobat ke luar negri terutama malaysia why br diagnosa tepatbr obat diberikan jika perlu yang bikin saya kaget ketika istri menjalani operasi dan rawat inap di penang sangat minim obat yang diinject atau oral bahkan cairan infus dipasang hanya sebelum operasi sampai selesai operasi sekiranya pasien sudah bisa minum obat selang infus di cabutbr biaya masuk akal saya tidak bilang murah tapi sangat masuk akal dibanding rumah sakit di indonesiabr pengobatan efisien dan cepat datang konsultasi cek lab diagnosa dan tindakan bisa one day servicebr dokter atau tenaga medis di malaysia profesional ga merangkap jadi salles obat kaya di indonesiabrbrnote oh iya saya bukan tinggal di sumatra atau di kalimantan yang katanya fasilitas medisnya ga secanggih dan selengkap di pulau jawa kalau point yg saya sampaikan itu ada di indonesia saya ga akan jauh jauh berobat ke penang dari bandung,fasilitas,,
beberapa bulan lalu istri saya berobat ke penang pakai biaya sendirii dan saya puas dan ikhlas rekomendasi untuk berobat ke luar negri terutama malaysia why br diagnosa tepatbr obat diberikan jika perlu yang bikin saya kaget ketika istri menjalani operasi dan rawat inap di penang sangat minim obat yang diinject atau oral bahkan cairan infus dipasang hanya sebelum operasi sampai selesai operasi sekiranya pasien sudah bisa minum obat selang infus di cabutbr biaya masuk akal saya tidak bilang murah tapi sangat masuk akal dibanding rumah sakit di indonesiabr pengobatan efisien dan cepat datang konsultasi cek lab diagnosa dan tindakan bisa one day servicebr dokter atau tenaga medis di malaysia profesional ga merangkap jadi salles obat kaya di indonesiabrbrnote oh iya saya bukan tinggal di sumatra atau di kalimantan yang katanya fasilitas medisnya ga secanggih dan selengkap di pulau jawa kalau point yg saya sampaikan itu ada di indonesia saya ga akan jauh jauh berobat ke penang dari bandung,pelayanan,,
beberapa bulan lalu istri saya berobat ke penang pakai biaya sendirii dan saya puas dan ikhlas rekomendasi untuk berobat ke luar negri terutama malaysia why br diagnosa tepatbr obat diberikan jika perlu yang bikin saya kaget ketika istri menjalani operasi dan rawat inap di penang sangat minim obat yang diinject atau oral bahkan cairan infus dipasang hanya sebelum operasi sampai selesai operasi sekiranya pasien sudah bisa minum obat selang infus di cabutbr biaya masuk akal saya tidak bilang murah tapi sangat masuk akal dibanding rumah sakit di indonesiabr pengobatan efisien dan cepat datang konsultasi cek lab diagnosa dan tindakan bisa one day servicebr dokter atau tenaga medis di malaysia profesional ga merangkap jadi salles obat kaya di indonesiabrbrnote oh iya saya bukan tinggal di sumatra atau di kalimantan yang katanya fasilitas medisnya ga secanggih dan selengkap di pulau jawa kalau point yg saya sampaikan itu ada di indonesia saya ga akan jauh jauh berobat ke penang dari bandung,aksesibilitas,,
beberapa bulan lalu istri saya berobat ke penang pakai biaya sendirii dan saya puas dan ikhlas rekomendasi untuk berobat ke luar negri terutama malaysia why br diagnosa tepatbr obat diberikan jika perlu yang bikin saya kaget ketika istri menjalani operasi dan rawat inap di penang sangat minim obat yang diinject atau oral bahkan cairan infus dipasang hanya sebelum operasi sampai selesai operasi sekiranya pasien sudah bisa minum obat selang infus di cabutbr biaya masuk akal saya tidak bilang murah tapi sangat masuk akal dibanding rumah sakit di indonesiabr pengobatan efisien dan cepat datang konsultasi cek lab diagnosa dan tindakan bisa one day servicebr dokter atau tenaga medis di malaysia profesional ga merangkap jadi salles obat kaya di indonesiabrbrnote oh iya saya bukan tinggal di sumatra atau di kalimantan yang katanya fasilitas medisnya ga secanggih dan selengkap di pulau jawa kalau point yg saya sampaikan itu ada di indonesia saya ga akan jauh jauh berobat ke penang dari bandung,kualitas_diagnosis,,
sebagai perbandingan sebagai wni yang tinggal di kota pekanbaru riau brbr pekanbaru kuala lumpur hari malambr tiket pesawat pp pku kl rp maskapai super air jetbr akomodasi hari malam rp br makan x hari rp br medical check up rp brtotal rp brbr pekanbaru denpasar hari malambr tiket pesawat pp pku dp transit jakarta rp maskapai garuda indonesiabr akomodasi hari malam rp br makan x hari rp br medical check up rp estimasibrtotal rp estimasibrbrfaham kan kenapa banyak wni yang berobat ke luar negeri,aksesibilitas,,
sebagai perbandingan sebagai wni yang tinggal di kota pekanbaru riau brbr pekanbaru kuala lumpur hari malambr tiket pesawat pp pku kl rp maskapai super air jetbr akomodasi hari malam rp br makan x hari rp br medical check up rp brtotal rp brbr pekanbaru denpasar hari malambr tiket pesawat pp pku dp transit jakarta rp maskapai garuda indonesiabr akomodasi hari malam rp br makan x hari rp br medical check up rp estimasibrtotal rp estimasibrbrfaham kan kenapa banyak wni yang berobat ke luar negeri,kualitas_diagnosis,,
presiden omon omonsi luhut aja berobat ke singapura,general,,
tidak ada yang bisa jawab mengapa orang indonesia suka berobat ke luar negeri sungguh sangat ironis padahal simpel saja jawaban di singapura makanan dan minuman produk masal tidak memakai pengawet makanan dan gula buatan ini simpel saja tapi di indonesia di biarkan produk masal memakai bahan pengawet kimia dan gula buatan,aksesibilitas,,
pak luhut berobat ke singapura bpk kok gk da komen,general,,
mulai lah introspeksi diri jangan terlalu egois kenapa masyarakat berobat ke luar negeri yang salah itu kita sendiri,kualitas_diagnosis,,
sesuai pengalaman keluarga dan teman berobat di luar negeri lebih murah terutama berobat ke penang malaysia ya apa boleh buat pak presiden,biaya,,
sesuai pengalaman keluarga dan teman berobat di luar negeri lebih murah terutama berobat ke penang malaysia ya apa boleh buat pak presiden,pelayanan,,
masalahnya berobat ke luar negeri itu rekomendasi dr dokter di indonesia sendiri pakbrbrmenurut saya sistem kesehatan kita sudah amburadul sejak adanya bpjs memang banyak yg merasa tertolong tapi sering tidak tepat sasaran sehingga membuat masyarakat kita jadi quotmanjaquot kaum menengah ke atas memilih berobat ke luar negeri karena amburadul nya sistem kesehatan kitabrbralihkan dana bpjs ke pengobatan gratis ke seluruh ibu hamil dan anak di setiap r di indonesia untuk masyarakat dewasa cukup perlindungan pasien saja karena kasus mal praktik dan salah diagnosa di indonesia buanyak sekali kasih kompensasi kepada pasien jika terbukti mengalami salah diagnosa,biaya,,
masalahnya berobat ke luar negeri itu rekomendasi dr dokter di indonesia sendiri pakbrbrmenurut saya sistem kesehatan kita sudah amburadul sejak adanya bpjs memang banyak yg merasa tertolong tapi sering tidak tepat sasaran sehingga membuat masyarakat kita jadi quotmanjaquot kaum menengah ke atas memilih berobat ke luar negeri karena amburadul nya sistem kesehatan kitabrbralihkan dana bpjs ke pengobatan gratis ke seluruh ibu hamil dan anak di setiap r di indonesia untuk masyarakat dewasa cukup perlindungan pasien saja karena kasus mal praktik dan salah diagnosa di indonesia buanyak sekali kasih kompensasi kepada pasien jika terbukti mengalami salah diagnosa,pelayanan,,
masalahnya berobat ke luar negeri itu rekomendasi dr dokter di indonesia sendiri pakbrbrmenurut saya sistem kesehatan kita sudah amburadul sejak adanya bpjs memang banyak yg merasa tertolong tapi sering tidak tepat sasaran sehingga membuat masyarakat kita jadi quotmanjaquot kaum menengah ke atas memilih berobat ke luar negeri karena amburadul nya sistem kesehatan kitabrbralihkan dana bpjs ke pengobatan gratis ke seluruh ibu hamil dan anak di setiap r di indonesia untuk masyarakat dewasa cukup perlindungan pasien saja karena kasus mal praktik dan salah diagnosa di indonesia buanyak sekali kasih kompensasi kepada pasien jika terbukti mengalami salah diagnosa,aksesibilitas,,
masalahnya berobat ke luar negeri itu rekomendasi dr dokter di indonesia sendiri pakbrbrmenurut saya sistem kesehatan kita sudah amburadul sejak adanya bpjs memang banyak yg merasa tertolong tapi sering tidak tepat sasaran sehingga membuat masyarakat kita jadi quotmanjaquot kaum menengah ke atas memilih berobat ke luar negeri karena amburadul nya sistem kesehatan kitabrbralihkan dana bpjs ke pengobatan gratis ke seluruh ibu hamil dan anak di setiap r di indonesia untuk masyarakat dewasa cukup perlindungan pasien saja karena kasus mal praktik dan salah diagnosa di indonesia buanyak sekali kasih kompensasi kepada pasien jika terbukti mengalami salah diagnosa,kualitas_diagnosis,,
rakyat juga realistis saja pakbrada di negara berflowerbrtapi ekspektasinya service ala negara majubrsangat tidak realistis untuk berharap demikianbrmakanya berobat ke luar negeri,biaya,,
rakyat juga realistis saja pakbrada di negara berflowerbrtapi ekspektasinya service ala negara majubrsangat tidak realistis untuk berharap demikianbrmakanya berobat ke luar negeri,fasilitas,,
rakyat juga realistis saja pakbrada di negara berflowerbrtapi ekspektasinya service ala negara majubrsangat tidak realistis untuk berharap demikianbrmakanya berobat ke luar negeri,pelayanan,,
rakyat juga realistis saja pakbrada di negara berflowerbrtapi ekspektasinya service ala negara majubrsangat tidak realistis untuk berharap demikianbrmakanya berobat ke luar negeri,kualitas_diagnosis,,
betuuuldia ngomong begitu itu liat saja besok klo dia apa anak cucunya sakit berobat ke luar negeri ga,pelayanan,,
shalom komau nanya kalau kita bawa duit jt untuk medical check up dan konsul dgn dokter yg nantinya terkait dgn penyakit kita cukup nggk ya saya ada rencana berobat ke penang tp belum tau budget berobat nya harus berapa ya mohon info nya ya kokomakasih,biaya,,
shalom komau nanya kalau kita bawa duit jt untuk medical check up dan konsul dgn dokter yg nantinya terkait dgn penyakit kita cukup nggk ya saya ada rencana berobat ke penang tp belum tau budget berobat nya harus berapa ya mohon info nya ya kokomakasih,pelayanan,,
shalom komau nanya kalau kita bawa duit jt untuk medical check up dan konsul dgn dokter yg nantinya terkait dgn penyakit kita cukup nggk ya saya ada rencana berobat ke penang tp belum tau budget berobat nya harus berapa ya mohon info nya ya kokomakasih,kualitas_diagnosis,,
mohon saran bg kami dr medan dan baru kali ini berobat ke penang baiknya jika kami tiba di penang jam sore apakah masih sempat ke rumah sakit utk bertanya kiraquot ke dokter mana kita akan diarahkan mohon petunjuk,fasilitas,,
mohon saran bg kami dr medan dan baru kali ini berobat ke penang baiknya jika kami tiba di penang jam sore apakah masih sempat ke rumah sakit utk bertanya kiraquot ke dokter mana kita akan diarahkan mohon petunjuk,pelayanan,,
gak nyangka rumah sakit di sana sangat lengkappantasan banyak yang suka berobat ke luar negeri,fasilitas,,
gak nyangka rumah sakit di sana sangat lengkappantasan banyak yang suka berobat ke luar negeri,pelayanan,,
thanks atas videonyabisa dijadikan referensi kalau mau berobat ke penang,general,,
salam kenal dari kota pekanbarubrbrberangkat bareng yukbraku juga mau berobat ke penang rencananya,general,,
semoga cepat sembuh bunyg berobat ke penang malaysia,pelayanan,,
semoga yg berobat ke penang malaysia segera diberikan kesembuhan ya bun,pelayanan,,
bos ku juga kalau berobat ke penang,general,,
baru tau ternyata ini alasan orang orang banyak yang berobat ke penang malaysia reaction,general,,
njir dari tahun lalu belum juga jdi berobat ke singapura,general,,
si agus salim bukannya berobat ke singapura tapi berobat nya ke singaparna tasikmalaya,general,,
cocok orang ini ibarat botol jumpa tutupnya udahlah ipuuuuuuulberobat ke singapura bukan sedikit biayanyaelu duit dari mana ipuuuuuuul pacaran sama lina mukherji aja lina yg ngeluarin duit kalo makan di luar,biaya,,
ini cerita yg benar krn sy sejak sdh berobat ke penang,kualitas_diagnosis,,
dokter di malaysia tidak tau apa itu cuti libur kerja jam,pelayanan,,
saya akui bahwa narasumbernya berkata dan menceritakan dengan jujur tentang pengalaman beliau berobat ke penang karena saya juga memiliki pengalaman yang sama membawa kerabat berobat kesana angkat jempol untuk pelayanan higienitas biaya kondisi r kecekatan dan kepedulian petugas kesehatan terhadap keadaan pasien di penang bila dibandingkan dengan pelayanan r di indonesia keuntungan yang lain membawa kerabat berobat ke penang adalah bisa sembari berwisata mengunjungi dan menikmati suasana pulau pinang,biaya,,
saya akui bahwa narasumbernya berkata dan menceritakan dengan jujur tentang pengalaman beliau berobat ke penang karena saya juga memiliki pengalaman yang sama membawa kerabat berobat kesana angkat jempol untuk pelayanan higienitas biaya kondisi r kecekatan dan kepedulian petugas kesehatan terhadap keadaan pasien di penang bila dibandingkan dengan pelayanan r di indonesia keuntungan yang lain membawa kerabat berobat ke penang adalah bisa sembari berwisata mengunjungi dan menikmati suasana pulau pinang,pelayanan,,
saya akui bahwa narasumbernya berkata dan menceritakan dengan jujur tentang pengalaman beliau berobat ke penang karena saya juga memiliki pengalaman yang sama membawa kerabat berobat kesana angkat jempol untuk pelayanan higienitas biaya kondisi r kecekatan dan kepedulian petugas kesehatan terhadap keadaan pasien di penang bila dibandingkan dengan pelayanan r di indonesia keuntungan yang lain membawa kerabat berobat ke penang adalah bisa sembari berwisata mengunjungi dan menikmati suasana pulau pinang,aksesibilitas,,
saya akui bahwa narasumbernya berkata dan menceritakan dengan jujur tentang pengalaman beliau berobat ke penang karena saya juga memiliki pengalaman yang sama membawa kerabat berobat kesana angkat jempol untuk pelayanan higienitas biaya kondisi r kecekatan dan kepedulian petugas kesehatan terhadap keadaan pasien di penang bila dibandingkan dengan pelayanan r di indonesia keuntungan yang lain membawa kerabat berobat ke penang adalah bisa sembari berwisata mengunjungi dan menikmati suasana pulau pinang,kualitas_diagnosis,,
dokter memang kerjanya tidak mengira waktubrsekiranya ada pasien di bawah jagaan dokter yang tenat tiada hari libur bagi dokter yang terlibat memang ini normal bagi manamana dokter di malaysiabr saya adalah seorang dokter di malaysia lulusan universitas malaysia tahun dulu,fasilitas,,
dokter memang kerjanya tidak mengira waktubrsekiranya ada pasien di bawah jagaan dokter yang tenat tiada hari libur bagi dokter yang terlibat memang ini normal bagi manamana dokter di malaysiabr saya adalah seorang dokter di malaysia lulusan universitas malaysia tahun dulu,pelayanan,,
paham dong pak sebabnya kenapa banyak orang indonesia yg berduit berbondongbondong berobat ke luar negeri pasti paham lahmasa gak paham sih,biaya,,
paham dong pak sebabnya kenapa banyak orang indonesia yg berduit berbondongbondong berobat ke luar negeri pasti paham lahmasa gak paham sih,aksesibilitas,,
pasien berobat ke luar negeri itu pasien yang tidak ikut program bpjs pasien kanker yang ditangani di r indonesia juga banyak yang sembuhbritu r yang di malaysia itu adalah tourisme hospital ya pelayanannya bagus bisa dijemput diantar kemana saja menuruy kemauan pasienbrdi indonesia apa tourism hospital r di indonesia sdh full kunjungan dari bpjs sampai untuk istirahat saja nggak ada waktu ya allah ya rabb ampunilah kami dimasa pandemi kami berjuang selepas pandemi kami dapat umpatan nggak apa ya allah hanya kepada mu saja aku berlindung dan sebenar benarnya tempat kami berlindung,biaya,,
pasien berobat ke luar negeri itu pasien yang tidak ikut program bpjs pasien kanker yang ditangani di r indonesia juga banyak yang sembuhbritu r yang di malaysia itu adalah tourisme hospital ya pelayanannya bagus bisa dijemput diantar kemana saja menuruy kemauan pasienbrdi indonesia apa tourism hospital r di indonesia sdh full kunjungan dari bpjs sampai untuk istirahat saja nggak ada waktu ya allah ya rabb ampunilah kami dimasa pandemi kami berjuang selepas pandemi kami dapat umpatan nggak apa ya allah hanya kepada mu saja aku berlindung dan sebenar benarnya tempat kami berlindung,fasilitas,,
pasien berobat ke luar negeri itu pasien yang tidak ikut program bpjs pasien kanker yang ditangani di r indonesia juga banyak yang sembuhbritu r yang di malaysia itu adalah tourisme hospital ya pelayanannya bagus bisa dijemput diantar kemana saja menuruy kemauan pasienbrdi indonesia apa tourism hospital r di indonesia sdh full kunjungan dari bpjs sampai untuk istirahat saja nggak ada waktu ya allah ya rabb ampunilah kami dimasa pandemi kami berjuang selepas pandemi kami dapat umpatan nggak apa ya allah hanya kepada mu saja aku berlindung dan sebenar benarnya tempat kami berlindung,pelayanan,,
pasien berobat ke luar negeri itu pasien yang tidak ikut program bpjs pasien kanker yang ditangani di r indonesia juga banyak yang sembuhbritu r yang di malaysia itu adalah tourisme hospital ya pelayanannya bagus bisa dijemput diantar kemana saja menuruy kemauan pasienbrdi indonesia apa tourism hospital r di indonesia sdh full kunjungan dari bpjs sampai untuk istirahat saja nggak ada waktu ya allah ya rabb ampunilah kami dimasa pandemi kami berjuang selepas pandemi kami dapat umpatan nggak apa ya allah hanya kepada mu saja aku berlindung dan sebenar benarnya tempat kami berlindung,aksesibilitas,,
pasien berobat ke luar negeri itu pasien yang tidak ikut program bpjs pasien kanker yang ditangani di r indonesia juga banyak yang sembuhbritu r yang di malaysia itu adalah tourisme hospital ya pelayanannya bagus bisa dijemput diantar kemana saja menuruy kemauan pasienbrdi indonesia apa tourism hospital r di indonesia sdh full kunjungan dari bpjs sampai untuk istirahat saja nggak ada waktu ya allah ya rabb ampunilah kami dimasa pandemi kami berjuang selepas pandemi kami dapat umpatan nggak apa ya allah hanya kepada mu saja aku berlindung dan sebenar benarnya tempat kami berlindung,kualitas_diagnosis,,
kalo berobat ke luar negeri ya tangangannya mahal bro kalo modal gratisan jangan mimpi,biaya,,
ijinkan sajaberobat ke singapurabrmoga pulangnya bawa gelar kehormatanalmarhum,aksesibilitas,,
saya aja di tangani dokter di malaysia selama tahun gratis sampai sembuh total,biaya,,
saya aja di tangani dokter di malaysia selama tahun gratis sampai sembuh total,pelayanan,,
dari kab karo sumatra utara ribuan org setiap bulan berobat ke penang dan malaka,general,,
dokter di malaysia jelas visinya membantu menolong orang yg sakit sampai sembuhtidak mikirin penghasilansesuai dg sumpahnya,pelayanan,,
dokter di malaysia jelas visinya membantu menolong orang yg sakit sampai sembuhtidak mikirin penghasilansesuai dg sumpahnya,kualitas_diagnosis,,
dokter di malaysia slalu ada kapan saja pasien memerlukan dokterdi sanah perawat aja bisa telpon dokter dangan sigap dokter merespon panggilan sang perawat tersebuthebat sperti mereka tak ade stratum dalam menjalankan tugas mereka,fasilitas,,
dokter di malaysia slalu ada kapan saja pasien memerlukan dokterdi sanah perawat aja bisa telpon dokter dangan sigap dokter merespon panggilan sang perawat tersebuthebat sperti mereka tak ade stratum dalam menjalankan tugas mereka,pelayanan,,
pokoknya kalau ada biaya mendingan berobat ke luar negeri lebih jaminan segalagalanya,biaya,,
katanya jangan berobat ke luar negeri atau ke singapura harusnya pejabat indonesia berobat di puskesmas aja biar kagak ngabisin uang pajak masyarakat kasih obat kelas biar langsung koit,biaya,,
katanya jangan berobat ke luar negeri atau ke singapura harusnya pejabat indonesia berobat di puskesmas aja biar kagak ngabisin uang pajak masyarakat kasih obat kelas biar langsung koit,aksesibilitas,,
contoh yg baik buat rakyat kalo berobat ke luar negeri aja di negeri sendiri gk kondusif pemulihan lamaaa,biaya,,
contoh yg baik buat rakyat kalo berobat ke luar negeri aja di negeri sendiri gk kondusif pemulihan lamaaa,fasilitas,,
tahun lalu pak jokowi bilang juta warga indonesia berobat ke luar negeri juta ke malaysia ribu ke singapura selebihnya ke jepang amerika jerman,aksesibilitas,,
sebab urang indo kayaboleh berobat ke luar negeri org malaysia miskinhanya boleh berobat di tempat sendiri,biaya,,
yang banyak berobat ke singapura malaysia itu karena punya uang simpanan sambil jalanquotatau melancong karena tranportasi sama hotelnya mahalkalau kita tidak bisa berbahasa inggris kita harus bawa pemandu bahasa agak repot jadinya kalau di indonesia cukup bahasa indonesia semua dokter bisa berbahasa indonesia,biaya,,
yang banyak berobat ke singapura malaysia itu karena punya uang simpanan sambil jalanquotatau melancong karena tranportasi sama hotelnya mahalkalau kita tidak bisa berbahasa inggris kita harus bawa pemandu bahasa agak repot jadinya kalau di indonesia cukup bahasa indonesia semua dokter bisa berbahasa indonesia,pelayanan,,
yang banyak berobat ke singapura malaysia itu karena punya uang simpanan sambil jalanquotatau melancong karena tranportasi sama hotelnya mahalkalau kita tidak bisa berbahasa inggris kita harus bawa pemandu bahasa agak repot jadinya kalau di indonesia cukup bahasa indonesia semua dokter bisa berbahasa indonesia,aksesibilitas,,
tanda para ikatan dokter indonesia kurang ahli dan biaya berobat sangat mahal makanya banyak dokter dan pejabat kaya memilih berobat ke luar negeri padahal anggaran kesehatan sangat besar tapi yang heran peralatan kedokteran tak lengkap lagi mungkin ini karma untuk lembaga perobatan indonesia yang suka menolak pasien jadinya dokter saja gak percaya cara perobatan di indonesia,biaya,,
tanda para ikatan dokter indonesia kurang ahli dan biaya berobat sangat mahal makanya banyak dokter dan pejabat kaya memilih berobat ke luar negeri padahal anggaran kesehatan sangat besar tapi yang heran peralatan kedokteran tak lengkap lagi mungkin ini karma untuk lembaga perobatan indonesia yang suka menolak pasien jadinya dokter saja gak percaya cara perobatan di indonesia,fasilitas,,
tanda para ikatan dokter indonesia kurang ahli dan biaya berobat sangat mahal makanya banyak dokter dan pejabat kaya memilih berobat ke luar negeri padahal anggaran kesehatan sangat besar tapi yang heran peralatan kedokteran tak lengkap lagi mungkin ini karma untuk lembaga perobatan indonesia yang suka menolak pasien jadinya dokter saja gak percaya cara perobatan di indonesia,pelayanan,,
tanda para ikatan dokter indonesia kurang ahli dan biaya berobat sangat mahal makanya banyak dokter dan pejabat kaya memilih berobat ke luar negeri padahal anggaran kesehatan sangat besar tapi yang heran peralatan kedokteran tak lengkap lagi mungkin ini karma untuk lembaga perobatan indonesia yang suka menolak pasien jadinya dokter saja gak percaya cara perobatan di indonesia,aksesibilitas,,
menurut saya pribadi tetap saja berobat keluar negeri jauh lebih mahal kita harus kalkulasi hitung brp biaya naik pesawat per orang anggota keluarga lainnya kemudian brp menginap di hotel transportasi mondar nya makan per hari dll tetap saja jatuhnya mahalmemang tak dipungkiri orang yg berduitlah yg bisa menikmati semua itusaya pribadi gak usahlah bilang murah krn image kita biaya ke luar negeri tetaplah mahal lebih baik di negeri sendiri mungkin mereka yg berobat ke luar negeri belum ketemu dokter yg tepat,biaya,,
menurut saya pribadi tetap saja berobat keluar negeri jauh lebih mahal kita harus kalkulasi hitung brp biaya naik pesawat per orang anggota keluarga lainnya kemudian brp menginap di hotel transportasi mondar nya makan per hari dll tetap saja jatuhnya mahalmemang tak dipungkiri orang yg berduitlah yg bisa menikmati semua itusaya pribadi gak usahlah bilang murah krn image kita biaya ke luar negeri tetaplah mahal lebih baik di negeri sendiri mungkin mereka yg berobat ke luar negeri belum ketemu dokter yg tepat,fasilitas,,
menurut saya pribadi tetap saja berobat keluar negeri jauh lebih mahal kita harus kalkulasi hitung brp biaya naik pesawat per orang anggota keluarga lainnya kemudian brp menginap di hotel transportasi mondar nya makan per hari dll tetap saja jatuhnya mahalmemang tak dipungkiri orang yg berduitlah yg bisa menikmati semua itusaya pribadi gak usahlah bilang murah krn image kita biaya ke luar negeri tetaplah mahal lebih baik di negeri sendiri mungkin mereka yg berobat ke luar negeri belum ketemu dokter yg tepat,pelayanan,,
menurut saya pribadi tetap saja berobat keluar negeri jauh lebih mahal kita harus kalkulasi hitung brp biaya naik pesawat per orang anggota keluarga lainnya kemudian brp menginap di hotel transportasi mondar nya makan per hari dll tetap saja jatuhnya mahalmemang tak dipungkiri orang yg berduitlah yg bisa menikmati semua itusaya pribadi gak usahlah bilang murah krn image kita biaya ke luar negeri tetaplah mahal lebih baik di negeri sendiri mungkin mereka yg berobat ke luar negeri belum ketemu dokter yg tepat,aksesibilitas,,
menurut saya pribadi tetap saja berobat keluar negeri jauh lebih mahal kita harus kalkulasi hitung brp biaya naik pesawat per orang anggota keluarga lainnya kemudian brp menginap di hotel transportasi mondar nya makan per hari dll tetap saja jatuhnya mahalmemang tak dipungkiri orang yg berduitlah yg bisa menikmati semua itusaya pribadi gak usahlah bilang murah krn image kita biaya ke luar negeri tetaplah mahal lebih baik di negeri sendiri mungkin mereka yg berobat ke luar negeri belum ketemu dokter yg tepat,kualitas_diagnosis,,
orang indon yg berobat ke singapura dan malaysia itu rata rata pejabat dan pengusaha yg menyimpan dan memarkir uangnya di kedua negara itu dalam bentuk dolarkita tidak tahu apa hasil pencucian uang yg dilakukan para koruptor di negeri indon atau apakah uang murni hasil pencarian keringat merekaanda sendirilah yg bisa menebak jawabannya,biaya,,
orang indon yg berobat ke singapura dan malaysia itu rata rata pejabat dan pengusaha yg menyimpan dan memarkir uangnya di kedua negara itu dalam bentuk dolarkita tidak tahu apa hasil pencucian uang yg dilakukan para koruptor di negeri indon atau apakah uang murni hasil pencarian keringat merekaanda sendirilah yg bisa menebak jawabannya,kualitas_diagnosis,,
isteri abang ipar saya sakit di payudaranya doktor di medan memberi tahu ia adalah kanker dan perlu dioperasi dia jadi takut dan tidak mahu operasi jirannya menyuruh berobat ke penang dan dia setuju di penang doktor mengesahkan bukan kanker cuma masalah urat sahaja dia cuma diberi obat dan sekarang sudah lebih tahun dia tetap sehat bila obatnya habis langsung di kurier dari penang ini adalah kisah benar,pelayanan,,
isteri abang ipar saya sakit di payudaranya doktor di medan memberi tahu ia adalah kanker dan perlu dioperasi dia jadi takut dan tidak mahu operasi jirannya menyuruh berobat ke penang dan dia setuju di penang doktor mengesahkan bukan kanker cuma masalah urat sahaja dia cuma diberi obat dan sekarang sudah lebih tahun dia tetap sehat bila obatnya habis langsung di kurier dari penang ini adalah kisah benar,kualitas_diagnosis,,
wah jdi tau sayamakasih mba dah berbagi tip untukberobat ke penang,general,,
horasbrtips berobat ke penangbrhadir jd kawan barubrmampir ya ke rmhku,general,,
indonesia punya fasilitas kesehatan yang memadai mungkin maksud anda di jakarta coba cek fasilitas kesehatan di luar pulau jawa bahkan dokter di sana juga menyarankan supaya berobat ke malaysia atau singapura bagi penyakitpenyakit yang lebih kompleks kenapa kasih contoh ada yang kena kanker prostat dokternya menyarankan berobat ke luar negeri karena tidak adanya robotic arm di wilayah itu,fasilitas,,
indonesia punya fasilitas kesehatan yang memadai mungkin maksud anda di jakarta coba cek fasilitas kesehatan di luar pulau jawa bahkan dokter di sana juga menyarankan supaya berobat ke malaysia atau singapura bagi penyakitpenyakit yang lebih kompleks kenapa kasih contoh ada yang kena kanker prostat dokternya menyarankan berobat ke luar negeri karena tidak adanya robotic arm di wilayah itu,pelayanan,,
indonesia punya fasilitas kesehatan yang memadai mungkin maksud anda di jakarta coba cek fasilitas kesehatan di luar pulau jawa bahkan dokter di sana juga menyarankan supaya berobat ke malaysia atau singapura bagi penyakitpenyakit yang lebih kompleks kenapa kasih contoh ada yang kena kanker prostat dokternya menyarankan berobat ke luar negeri karena tidak adanya robotic arm di wilayah itu,aksesibilitas,,
indonesia punya fasilitas kesehatan yang memadai mungkin maksud anda di jakarta coba cek fasilitas kesehatan di luar pulau jawa bahkan dokter di sana juga menyarankan supaya berobat ke malaysia atau singapura bagi penyakitpenyakit yang lebih kompleks kenapa kasih contoh ada yang kena kanker prostat dokternya menyarankan berobat ke luar negeri karena tidak adanya robotic arm di wilayah itu,kualitas_diagnosis,,
hanya orang kaya yg berobat ke singapura,biaya,,
sebaiknya pemerintah menghentikan bantuan dana desa sebaiknya uang tersebut digunakan untuk membangun fasilitas rumah sakit yang bertaraf internasional agar masyarakat indonesia tidak lagi berobat ke luar negeri,biaya,,
sebaiknya pemerintah menghentikan bantuan dana desa sebaiknya uang tersebut digunakan untuk membangun fasilitas rumah sakit yang bertaraf internasional agar masyarakat indonesia tidak lagi berobat ke luar negeri,fasilitas,,
sebaiknya pemerintah menghentikan bantuan dana desa sebaiknya uang tersebut digunakan untuk membangun fasilitas rumah sakit yang bertaraf internasional agar masyarakat indonesia tidak lagi berobat ke luar negeri,pelayanan,,
sebaiknya pemerintah menghentikan bantuan dana desa sebaiknya uang tersebut digunakan untuk membangun fasilitas rumah sakit yang bertaraf internasional agar masyarakat indonesia tidak lagi berobat ke luar negeri,aksesibilitas,,
wajar mereka mau berobat ke luar negeri tau lah dwek di negara kite nie luk mane,general,,
ngrasain sendiri mcu pa kemarin di penang pemeriksaan begini harga yg ditawarkan bisa nya drpd di indo setelah cek bbrp web r tertentu dan beneran juga pelayanan mereka top level smooth flownya amp surprisingly lunchnya enak gak kayak di bayanganku soal makanan r tcoqamgyutj,biaya,,
ngrasain sendiri mcu pa kemarin di penang pemeriksaan begini harga yg ditawarkan bisa nya drpd di indo setelah cek bbrp web r tertentu dan beneran juga pelayanan mereka top level smooth flownya amp surprisingly lunchnya enak gak kayak di bayanganku soal makanan r tcoqamgyutj,pelayanan,,
ngrasain sendiri mcu pa kemarin di penang pemeriksaan begini harga yg ditawarkan bisa nya drpd di indo setelah cek bbrp web r tertentu dan beneran juga pelayanan mereka top level smooth flownya amp surprisingly lunchnya enak gak kayak di bayanganku soal makanan r tcoqamgyutj,kualitas_diagnosis,,
alhamdulillah semalam aku dah sampai malaysia setelah hari berada di kampung aku bawa ibu isteri amp ayah mertua sekali biar isteri amp ayah mertua dapat bezakan suasana kampung di sumatera amp jawa mari aku kongsikan serba sedikit keadaan amp suasana di sana tcogjdwlqh,general,,
cara malaysia menghargai dosen bahkan buruhpekerja aja gajinya layak padahal umrnya kek jakarta ini kata mahasiswa s yang kuliah di sana tcosiwfhxlbx,biaya,,
sistem kesehatan malaysia sistem kesehatan malaysia dikenal sebagai salah satu yang terbaik di asean pemerintah dan swasta bekerja sama menyediakan layanan kesehatan yang terjangkau dan berkualitas untuk juta penduduk yuk kita bahas ya a thread tcomnjgnniis,biaya,,
sistem kesehatan malaysia sistem kesehatan malaysia dikenal sebagai salah satu yang terbaik di asean pemerintah dan swasta bekerja sama menyediakan layanan kesehatan yang terjangkau dan berkualitas untuk juta penduduk yuk kita bahas ya a thread tcomnjgnniis,fasilitas,,
sistem kesehatan malaysia sistem kesehatan malaysia dikenal sebagai salah satu yang terbaik di asean pemerintah dan swasta bekerja sama menyediakan layanan kesehatan yang terjangkau dan berkualitas untuk juta penduduk yuk kita bahas ya a thread tcomnjgnniis,pelayanan,,
sistem kesehatan malaysia sistem kesehatan malaysia dikenal sebagai salah satu yang terbaik di asean pemerintah dan swasta bekerja sama menyediakan layanan kesehatan yang terjangkau dan berkualitas untuk juta penduduk yuk kita bahas ya a thread tcomnjgnniis,kualitas_diagnosis,,
𝐌𝐀𝐋𝐀𝐘𝐒𝐈𝐀 𝐃𝐈𝐍𝐎𝐁𝐀𝐓 𝐃𝐄𝐒𝐓𝐈𝐍𝐀𝐒𝐈 𝐃𝐔𝐍𝐈𝐀 𝐔𝐍𝐓𝐔𝐊 𝐏𝐄𝐋𝐀𝐍𝐂𝐎𝐍𝐆𝐀𝐍 𝐏𝐄𝐑𝐔𝐁𝐀𝐓𝐀𝐍 alhamdulillah malaysia kini berada di kedudukan 𝗻𝗼𝗺𝗯𝗼𝗿 𝗱𝘂𝗻𝗶𝗮 𝘀𝗲𝗯𝗮𝗴𝗮𝗶 𝗱𝗲𝘀𝘁𝗶𝗻𝗮𝘀𝗶 𝗽𝗶𝗹𝗶𝗵𝗮𝗻 𝗽𝗲𝗹𝗮𝗻𝗰𝗼𝗻𝗴𝗮𝗻 tcowlgkpgoxx,biaya,,
السلام عليكم ورحمة ٱلله وبركاته gambar pertama semasa pertemuan bersama saudara muneeb di madinah bukan di makkah beliau berkongsi perkembangan terkini graduan malaysia di madinah gambar kedua tempat tinggal kami yang berdekatan dengan kawasan tcojpuvisqqs,fasilitas,,
السلام عليكم ورحمة ٱلله وبركاته gambar pertama semasa pertemuan bersama saudara muneeb di madinah bukan di makkah beliau berkongsi perkembangan terkini graduan malaysia di madinah gambar kedua tempat tinggal kami yang berdekatan dengan kawasan tcojpuvisqqs,aksesibilitas,,
sebagai orang yang pernah tinggal di malaysia selama tahun aku merekomendasikan malaysia bagi kalian yang mau negara makmur kriminalitas rendah lebih bersih kuliner top habis bagi muslim malaysia pasti homey banget mayoritas muslim bagi chindo,fasilitas,,
sebagai orang yang pernah tinggal di malaysia selama tahun aku merekomendasikan malaysia bagi kalian yang mau negara makmur kriminalitas rendah lebih bersih kuliner top habis bagi muslim malaysia pasti homey banget mayoritas muslim bagi chindo,pelayanan,,
selama ini banyak orang timorleste berobat ke indonesia tapi sejak ada rute direct dilikuala lumpur dengan harga yang beda tipi dengan rute dilibali orang timorleste akan beralih berobat ke malaysia kalo ini dibiarin sama pemerintah indonesia entah sampe kapan tcodwkiotqz,biaya,,
selama ini banyak orang timorleste berobat ke indonesia tapi sejak ada rute direct dilikuala lumpur dengan harga yang beda tipi dengan rute dilibali orang timorleste akan beralih berobat ke malaysia kalo ini dibiarin sama pemerintah indonesia entah sampe kapan tcodwkiotqz,aksesibilitas,,
di malaysia diperlakukan lebih manusiawi dokternya yang sibuk kalo pasien kena berbagai penyakit obat dan mesin pengobatan lebih murah kemoterapi ga harus nginep dokter ga pelit info overall lebih murah biayanya apa bagusnya negara ini ya,biaya,,
di malaysia diperlakukan lebih manusiawi dokternya yang sibuk kalo pasien kena berbagai penyakit obat dan mesin pengobatan lebih murah kemoterapi ga harus nginep dokter ga pelit info overall lebih murah biayanya apa bagusnya negara ini ya,fasilitas,,
di malaysia diperlakukan lebih manusiawi dokternya yang sibuk kalo pasien kena berbagai penyakit obat dan mesin pengobatan lebih murah kemoterapi ga harus nginep dokter ga pelit info overall lebih murah biayanya apa bagusnya negara ini ya,pelayanan,,
karena kapan hari ada yg cerita soal murah dan bagusnya healthcare di malaysia saya penasaran fakta yg saya temukan kira begini hasil tanya teman di sana amp browsing ada dua jenis r di sana swasta dan pemerintah orang asing termasuk wni cuma boleh di r swasta,biaya,,
karena kapan hari ada yg cerita soal murah dan bagusnya healthcare di malaysia saya penasaran fakta yg saya temukan kira begini hasil tanya teman di sana amp browsing ada dua jenis r di sana swasta dan pemerintah orang asing termasuk wni cuma boleh di r swasta,fasilitas,,
karena kapan hari ada yg cerita soal murah dan bagusnya healthcare di malaysia saya penasaran fakta yg saya temukan kira begini hasil tanya teman di sana amp browsing ada dua jenis r di sana swasta dan pemerintah orang asing termasuk wni cuma boleh di r swasta,pelayanan,,
karena kapan hari ada yg cerita soal murah dan bagusnya healthcare di malaysia saya penasaran fakta yg saya temukan kira begini hasil tanya teman di sana amp browsing ada dua jenis r di sana swasta dan pemerintah orang asing termasuk wni cuma boleh di r swasta,kualitas_diagnosis,,
saya mau berobat ke malaysia lalu bagaimana ya prose iniitunya buat kamu yg terbiasa berobat di malaysia dan mencari agen asuransi yg bisa diandalkan kamu sudah melihat postingan yg tepat ke malaysia aja diurusin di indo sudah pasti feel free kalau mau discus ya tcoeuqltvucq,biaya,,
saya mau berobat ke malaysia lalu bagaimana ya prose iniitunya buat kamu yg terbiasa berobat di malaysia dan mencari agen asuransi yg bisa diandalkan kamu sudah melihat postingan yg tepat ke malaysia aja diurusin di indo sudah pasti feel free kalau mau discus ya tcoeuqltvucq,kualitas_diagnosis,,
hospital tour bulan ni ke institut jantung negara ijn salah satu hospital jantung dipercayai di malaysia dan luar negara ini adalah panel hospital getb yang menawarkan servis bertaraf antarabangsa ijn secara konsisten melatih lebih doktor dari tcownobbt,fasilitas,,
hospital tour bulan ni ke institut jantung negara ijn salah satu hospital jantung dipercayai di malaysia dan luar negara ini adalah panel hospital getb yang menawarkan servis bertaraf antarabangsa ijn secara konsisten melatih lebih doktor dari tcownobbt,pelayanan,,
hospital tour bulan ni ke institut jantung negara ijn salah satu hospital jantung dipercayai di malaysia dan luar negara ini adalah panel hospital getb yang menawarkan servis bertaraf antarabangsa ijn secara konsisten melatih lebih doktor dari tcownobbt,kualitas_diagnosis,,
malaysia itu minim korupsi bkn ga ada krn ada skandal mdb ga main gusan sama jualan habib mengaktualisasikan nilai islam tanpa bnyk omon mendekati ormas muhammadiyah masyarakatnya ga dibodohi sama doktrin agama yg menyimpang,aksesibilitas,,
hospital di malaysia teruk sangat ke untuk public service level hospital kita antara terbaik di dunia hospital putrajaya ranking ke di sea kita champion beating hospital swasta pula baru dapat recognition dari dunia tadi sembang dengan regulator pun cakap tcovkbtmyemkn,fasilitas,,
hospital di malaysia teruk sangat ke untuk public service level hospital kita antara terbaik di dunia hospital putrajaya ranking ke di sea kita champion beating hospital swasta pula baru dapat recognition dari dunia tadi sembang dengan regulator pun cakap tcovkbtmyemkn,pelayanan,,
tahun saya sakit masuk keluar rumah sakit besar di palembang surabaya dan jakarta jika gak salah hitung ada r saya kunjungi utk konsul dan opname selama lebih bulan diagnosa tiap r berbeda tindakan beda berkali cek lab dan mri biaya habis milyaran tp saya gak,biaya,,
tahun saya sakit masuk keluar rumah sakit besar di palembang surabaya dan jakarta jika gak salah hitung ada r saya kunjungi utk konsul dan opname selama lebih bulan diagnosa tiap r berbeda tindakan beda berkali cek lab dan mri biaya habis milyaran tp saya gak,fasilitas,,
tahun saya sakit masuk keluar rumah sakit besar di palembang surabaya dan jakarta jika gak salah hitung ada r saya kunjungi utk konsul dan opname selama lebih bulan diagnosa tiap r berbeda tindakan beda berkali cek lab dan mri biaya habis milyaran tp saya gak,pelayanan,,
tahun saya sakit masuk keluar rumah sakit besar di palembang surabaya dan jakarta jika gak salah hitung ada r saya kunjungi utk konsul dan opname selama lebih bulan diagnosa tiap r berbeda tindakan beda berkali cek lab dan mri biaya habis milyaran tp saya gak,kualitas_diagnosis,,
malam ini allah hantarkan tetamu istimewa singgah ke rumah ayah dan anak nak pergi mekah dengan berbasikal setelah hari perjalanan mereka dari surabaya telah sampai ke malaysia jumpa dekat masjid tadi terus ajak tidur rumah tcoufqzxxsl,aksesibilitas,,
ketika pindah ke malaysia dan sadar semua warga malaysia berhak naik transportasi umum dengan harga paling murah bahkan bisa beli monthly pas cuma seharga rm detik itu juga gue sadar negara gue gak sepeduli itu buat ngurusin hajat hidup orang banyak,biaya,,
ketika pindah ke malaysia dan sadar semua warga malaysia berhak naik transportasi umum dengan harga paling murah bahkan bisa beli monthly pas cuma seharga rm detik itu juga gue sadar negara gue gak sepeduli itu buat ngurusin hajat hidup orang banyak,aksesibilitas,,
𝐌𝐚𝐥𝐚𝐲𝐬𝐢𝐚 𝐌𝐞𝐧𝐞𝐫𝐚𝐣𝐮𝐢 𝐃𝐮𝐧𝐢𝐚 𝐃𝐚𝐥𝐚𝐦 𝐊𝐞𝐛𝐞𝐫𝐠𝐚𝐧𝐭𝐮𝐧𝐠𝐚𝐧 𝐏𝐞𝐫𝐚𝐭𝐮𝐫𝐚𝐧 𝐏𝐞𝐫𝐚𝐧𝐭𝐢 𝐏𝐞𝐫𝐮𝐛𝐚𝐭𝐚𝐧 𝑲𝒂𝒎𝒊 𝒔𝒆𝒅𝒂𝒏𝒈 𝒎𝒆𝒓𝒆𝒌𝒂 𝒃𝒆𝒏𝒕𝒖𝒌 𝒔𝒆𝒎𝒖𝒍𝒂 𝒔𝒊𝒔𝒕𝒆𝒎 𝒑𝒆𝒏𝒋𝒂𝒈𝒂𝒂𝒏 𝒌𝒆𝒔𝒊𝒉𝒂𝒕𝒂𝒏 tcopawyjnvqsu,general,,
ada ribuan warga indo lebih pilih berobat ke malaysia bahkan ada yang hanya untuk medical checkup biasa coba yang pernah punya pengalaman berobat ke malaysia tulis di kolom komen ya tcodhvjdvrre,pelayanan,,
kalo pake perspektif kita yang di jawa memang wow banget ngeliat orang berobat sampai ke luar negeri tapi buat temen di banda aceh medan dst berobat ke malaysia itu jatuhnya emang relatif lebih murah daripada harus ke jakarta kalo mesti keluar duit sendiri,biaya,,
kalo pake perspektif kita yang di jawa memang wow banget ngeliat orang berobat sampai ke luar negeri tapi buat temen di banda aceh medan dst berobat ke malaysia itu jatuhnya emang relatif lebih murah daripada harus ke jakarta kalo mesti keluar duit sendiri,fasilitas,,
iya nih orang sekitar saya juga semua ke malay klo mau cek kesehatan pelayanan cepat diagnosa akurat biaya ga mahal padahal uda pake pesawat dokter ga upsell produk to the point dokter datang tepat waktu dokter indo yang jago juga ada sebenernya tapi mesti,biaya,,
iya nih orang sekitar saya juga semua ke malay klo mau cek kesehatan pelayanan cepat diagnosa akurat biaya ga mahal padahal uda pake pesawat dokter ga upsell produk to the point dokter datang tepat waktu dokter indo yang jago juga ada sebenernya tapi mesti,pelayanan,,
iya nih orang sekitar saya juga semua ke malay klo mau cek kesehatan pelayanan cepat diagnosa akurat biaya ga mahal padahal uda pake pesawat dokter ga upsell produk to the point dokter datang tepat waktu dokter indo yang jago juga ada sebenernya tapi mesti,kualitas_diagnosis,,
cerita temen dokter di malaysia single salary berapa pun pasiennya pesangon dihitung gaji jadi besar jatah cuti setahun hari paid leave cuti emergensi hari no question asked temennya temen bisa gak masuk gitu aja gara anaknya tiba sakit di sekolah manusiawi,pelayanan,,
top penyakit kriti paling banyak di claim nasabah dengan realita ini setiap orang bisa kena sudahkah kamu dan keluarga terlindungi asuransi sakit kriti dana tunai pencairan dari manfaat asuransi sakit kriti bisa dipakai berobat dengan nyaman ke penang malaysia jaga tcozprlxxkvy,biaya,,
top penyakit kriti paling banyak di claim nasabah dengan realita ini setiap orang bisa kena sudahkah kamu dan keluarga terlindungi asuransi sakit kriti dana tunai pencairan dari manfaat asuransi sakit kriti bisa dipakai berobat dengan nyaman ke penang malaysia jaga tcozprlxxkvy,pelayanan,,
pengalaman berobat ke penang malaysia tcopkwvnd via tcoehsalwyqhx,pelayanan,,
setelah gue merasakan sendiri pengalaman berobat di malaysia nemenin keluarga i can barely say that actually indo doctor are pretty good in term of knowledge etc but what make the difference are the system sih gua gatau karena emg sejarang itu untuk berobat ke r indo ya,fasilitas,,
setelah gue merasakan sendiri pengalaman berobat di malaysia nemenin keluarga i can barely say that actually indo doctor are pretty good in term of knowledge etc but what make the difference are the system sih gua gatau karena emg sejarang itu untuk berobat ke r indo ya,pelayanan,,
dokter di malaysia udah suruh operasi eh pa balik indonesia bilang terapi cukup tahun berlalu masih berasa sakit cari opini lain ke banyak dokter rogoh kocek sendiri ternyata ada patahan tulang yg harusnya segera operasi habis kejadian biar lebih cepat pulih dzolim anjer,pelayanan,,
dokter di malaysia udah suruh operasi eh pa balik indonesia bilang terapi cukup tahun berlalu masih berasa sakit cari opini lain ke banyak dokter rogoh kocek sendiri ternyata ada patahan tulang yg harusnya segera operasi habis kejadian biar lebih cepat pulih dzolim anjer,aksesibilitas,,
dokter di malaysia udah suruh operasi eh pa balik indonesia bilang terapi cukup tahun berlalu masih berasa sakit cari opini lain ke banyak dokter rogoh kocek sendiri ternyata ada patahan tulang yg harusnya segera operasi habis kejadian biar lebih cepat pulih dzolim anjer,kualitas_diagnosis,,
ada yg pernah punya pengalaman berobat ke malaysia gak yaaa,pelayanan,,
di malaysia berubat di hospital kerajaan r pemerintah kena caj bayar ringgit sahaja rp termasuk biaya dokter obat amp lab untuk pesakit luar rawat jalan tak payah punya insurans kesihatan swasta khusus warga negara tempatan tcogyyljszqq,biaya,,
di malaysia berubat di hospital kerajaan r pemerintah kena caj bayar ringgit sahaja rp termasuk biaya dokter obat amp lab untuk pesakit luar rawat jalan tak payah punya insurans kesihatan swasta khusus warga negara tempatan tcogyyljszqq,fasilitas,,
di malaysia berubat di hospital kerajaan r pemerintah kena caj bayar ringgit sahaja rp termasuk biaya dokter obat amp lab untuk pesakit luar rawat jalan tak payah punya insurans kesihatan swasta khusus warga negara tempatan tcogyyljszqq,pelayanan,,
besok mau kasih kisi kisi perbedaan berobat di penang malaysia dengan di jakarta berdasarkan pengalaman pribadi dan orang lain yang udah bolak balik ke sini,fasilitas,,
besok mau kasih kisi kisi perbedaan berobat di penang malaysia dengan di jakarta berdasarkan pengalaman pribadi dan orang lain yang udah bolak balik ke sini,pelayanan,,
btw bpjs tidak menanggung berobat ke penang malaysia mengandalkan asuransi kantor juga belum tentu menanggung berobat ke penang dengan punya asuransi sakit kriti kamu bisa nyaman milih berobat di penang singapore jika amit² kena sakit kriti kanker gagal ginjal tcovzevewkf,biaya,,
btw bpjs tidak menanggung berobat ke penang malaysia mengandalkan asuransi kantor juga belum tentu menanggung berobat ke penang dengan punya asuransi sakit kriti kamu bisa nyaman milih berobat di penang singapore jika amit² kena sakit kriti kanker gagal ginjal tcovzevewkf,pelayanan,,
tweet pengalaman kamu berobat ke penang malaysia siapa tau km yg kepilih utk dpt tix ke malaysia gratis brgn,biaya,,
tweet pengalaman kamu berobat ke penang malaysia siapa tau km yg kepilih utk dpt tix ke malaysia gratis brgn,pelayanan,,
fun fact r di malaysia yang jadi jujugan health tourism wni karena dianggap lebih bagus dan murah daripada r di sini itu ternyata dibilang muahal oleh warga lokal,biaya,,
fun fact r di malaysia yang jadi jujugan health tourism wni karena dianggap lebih bagus dan murah daripada r di sini itu ternyata dibilang muahal oleh warga lokal,fasilitas,,
triliun uang rakyat indonesia lari ke luar negeri setiap tahunnya hanya untuk berobat yg terbesar uang itu tentu ke malaysia dan singapura kualitas rumah sakit dan dokter indonesia itu masih diragukan sama orangorang berduit,biaya,,
triliun uang rakyat indonesia lari ke luar negeri setiap tahunnya hanya untuk berobat yg terbesar uang itu tentu ke malaysia dan singapura kualitas rumah sakit dan dokter indonesia itu masih diragukan sama orangorang berduit,fasilitas,,
triliun uang rakyat indonesia lari ke luar negeri setiap tahunnya hanya untuk berobat yg terbesar uang itu tentu ke malaysia dan singapura kualitas rumah sakit dan dokter indonesia itu masih diragukan sama orangorang berduit,pelayanan,,
triliun uang rakyat indonesia lari ke luar negeri setiap tahunnya hanya untuk berobat yg terbesar uang itu tentu ke malaysia dan singapura kualitas rumah sakit dan dokter indonesia itu masih diragukan sama orangorang berduit,aksesibilitas,,
triliun uang rakyat indonesia lari ke luar negeri setiap tahunnya hanya untuk berobat yg terbesar uang itu tentu ke malaysia dan singapura kualitas rumah sakit dan dokter indonesia itu masih diragukan sama orangorang berduit,kualitas_diagnosis,,
malaysia mentionedpindaan perlembagaan persekutuan,fasilitas,,
ribut masalah dokter di indo dan malaysia mehehehehe jadi keinget sama pengalaman dengan dsa indo dan kl dan sangat mafhum kalo ada yang lebih sreg berobat ke luar dulu sempet ke dokter di kl buat vaksin mmrnya bumi pa jaman vaksin itu ngilang di indo,pelayanan,,
ribut masalah dokter di indo dan malaysia mehehehehe jadi keinget sama pengalaman dengan dsa indo dan kl dan sangat mafhum kalo ada yang lebih sreg berobat ke luar dulu sempet ke dokter di kl buat vaksin mmrnya bumi pa jaman vaksin itu ngilang di indo,kualitas_diagnosis,,
pengen dengar pengalaman tidak menyenangkan dari pasien indonesia yg berobat ke singapore atau malaysia kalau mmg httptcopuqxpyttq,pelayanan,,
pengen dengar pengalaman tidak menyenangkan dari pasien indonesia yg berobat ke singapore atau malaysia kalau mmg httptcopuqxpyttq,aksesibilitas,,
betul pengalaman berobat bbrp kali ke penang disana dokternya cpt ambil tindakan ga diulurulur buat datang lagidatang lagi utk konsultasi fasilitas bgs dan yg enaknya tuh pelayanan petugas r adil rata ga jutek krn pake bpjs nya malaysia,biaya,,
betul pengalaman berobat bbrp kali ke penang disana dokternya cpt ambil tindakan ga diulurulur buat datang lagidatang lagi utk konsultasi fasilitas bgs dan yg enaknya tuh pelayanan petugas r adil rata ga jutek krn pake bpjs nya malaysia,fasilitas,,
betul pengalaman berobat bbrp kali ke penang disana dokternya cpt ambil tindakan ga diulurulur buat datang lagidatang lagi utk konsultasi fasilitas bgs dan yg enaknya tuh pelayanan petugas r adil rata ga jutek krn pake bpjs nya malaysia,pelayanan,,
out of topic jangan lupakan wisata kesehatan juga turut menyumbang angka kunjungan dan devisa malaysia pengalaman pribadi nenek saya lebih pilih berobat ke penang daripada di jakarta,fasilitas,,
out of topic jangan lupakan wisata kesehatan juga turut menyumbang angka kunjungan dan devisa malaysia pengalaman pribadi nenek saya lebih pilih berobat ke penang daripada di jakarta,pelayanan,,
dato seri saya tak tahu nak cakap macam mana tapi terima kasih sebab ziarah kami doakan semoga allah terima taubat saya saya genggam tangannya erat saya kenal beliau di luar sebagai orang yang baik mungkin sedikit ujian allah kepada beliau dan beliau tersalah langkah tcozgrjryndm,fasilitas,,
dato seri saya tak tahu nak cakap macam mana tapi terima kasih sebab ziarah kami doakan semoga allah terima taubat saya saya genggam tangannya erat saya kenal beliau di luar sebagai orang yang baik mungkin sedikit ujian allah kepada beliau dan beliau tersalah langkah tcozgrjryndm,kualitas_diagnosis,,
mau nanya dong guy disini ada yang punya pengalaman berobat ke penang malaysia gak yaa mau nanya nanya nih,pelayanan,,
ada banyak warga negara kita yang bila sakit berobat ke luar negeri ke malaysia singapura jepang amerika dll khusus untuk kalbar saya mendengar banyak yang berobat ke kuching malaysia biaya berobat ke luar negeri orang indonesia mencapai rp triliun setiap tahun tcoofewtvpx,biaya,,
ada banyak warga negara kita yang bila sakit berobat ke luar negeri ke malaysia singapura jepang amerika dll khusus untuk kalbar saya mendengar banyak yang berobat ke kuching malaysia biaya berobat ke luar negeri orang indonesia mencapai rp triliun setiap tahun tcoofewtvpx,pelayanan,,
ada banyak warga negara kita yang bila sakit berobat ke luar negeri ke malaysia singapura jepang amerika dll khusus untuk kalbar saya mendengar banyak yang berobat ke kuching malaysia biaya berobat ke luar negeri orang indonesia mencapai rp triliun setiap tahun tcoofewtvpx,aksesibilitas,,
satu yang i bersyukur sangat sangat dduk malaysia healthcare system kita terbaik kalau tak sihat boleh terus jumpa doctor tak perlu tunggu utk buat appointment consultation the same day kita diberi subsidi yg amat tinggi harga ubat ubatan yg beribu boleh dapat puluhan rm,biaya,,
satu yang i bersyukur sangat sangat dduk malaysia healthcare system kita terbaik kalau tak sihat boleh terus jumpa doctor tak perlu tunggu utk buat appointment consultation the same day kita diberi subsidi yg amat tinggi harga ubat ubatan yg beribu boleh dapat puluhan rm,fasilitas,,
satu yang i bersyukur sangat sangat dduk malaysia healthcare system kita terbaik kalau tak sihat boleh terus jumpa doctor tak perlu tunggu utk buat appointment consultation the same day kita diberi subsidi yg amat tinggi harga ubat ubatan yg beribu boleh dapat puluhan rm,pelayanan,,
berkuatkuasa april berikut adalah prosedur pengujian dan kuarantin kepada pengembara yang tiba di malaysia perincian prosedur melalui pengembaraan jalan darat akan diumumkan dalam masa terdekat tcostnixihjng,biaya,,
berkuatkuasa april berikut adalah prosedur pengujian dan kuarantin kepada pengembara yang tiba di malaysia perincian prosedur melalui pengembaraan jalan darat akan diumumkan dalam masa terdekat tcostnixihjng,pelayanan,,
berkuatkuasa april berikut adalah prosedur pengujian dan kuarantin kepada pengembara yang tiba di malaysia perincian prosedur melalui pengembaraan jalan darat akan diumumkan dalam masa terdekat tcostnixihjng,aksesibilitas,,
berkuatkuasa april berikut adalah prosedur pengujian dan kuarantin kepada pengembara yang tiba di malaysia perincian prosedur melalui pengembaraan jalan darat akan diumumkan dalam masa terdekat tcostnixihjng,kualitas_diagnosis,,
disclaimer sebelum bahas lebih lanjut pembahasan ini hasil dari pengalaman langsung pribadi mengantarkan beberapa kerabat berobat ke malaysia dan juga dikompilasi dengan pengalaman kenalan yg pernah jg berobat ke sana,fasilitas,,
disclaimer sebelum bahas lebih lanjut pembahasan ini hasil dari pengalaman langsung pribadi mengantarkan beberapa kerabat berobat ke malaysia dan juga dikompilasi dengan pengalaman kenalan yg pernah jg berobat ke sana,pelayanan,,
disclaimer sebelum bahas lebih lanjut pembahasan ini hasil dari pengalaman langsung pribadi mengantarkan beberapa kerabat berobat ke malaysia dan juga dikompilasi dengan pengalaman kenalan yg pernah jg berobat ke sana,aksesibilitas,,
disclaimer sebelum bahas lebih lanjut pembahasan ini hasil dari pengalaman langsung pribadi mengantarkan beberapa kerabat berobat ke malaysia dan juga dikompilasi dengan pengalaman kenalan yg pernah jg berobat ke sana,kualitas_diagnosis,,
hihihi udh up kalo berobat sm dokter di indo pengalaman sih gua divonis penyakit ginjal tp penanganannya mcm org kanker alias di kemo dan obatnya dikasih obat penurun darah tinggi dn satunya apalah lupa akhirnya karena gada kemajuan gua dibawa berobat ke penang malaysia,fasilitas,,
hihihi udh up kalo berobat sm dokter di indo pengalaman sih gua divonis penyakit ginjal tp penanganannya mcm org kanker alias di kemo dan obatnya dikasih obat penurun darah tinggi dn satunya apalah lupa akhirnya karena gada kemajuan gua dibawa berobat ke penang malaysia,pelayanan,,
hihihi udh up kalo berobat sm dokter di indo pengalaman sih gua divonis penyakit ginjal tp penanganannya mcm org kanker alias di kemo dan obatnya dikasih obat penurun darah tinggi dn satunya apalah lupa akhirnya karena gada kemajuan gua dibawa berobat ke penang malaysia,kualitas_diagnosis,,
melawat pusat rehabilitasi perkeso tun abdul razak melaka tahun beri manfaat kpd gtk pesakit balik bekerjaketika lawatan jumpa warga australia berubat sini sebab katanya canggihpesakitpencarum yg dapat percuma bukan pencarum tp bayaran lebih murah dr swasta tcocmzhdsdlh,biaya,,
melawat pusat rehabilitasi perkeso tun abdul razak melaka tahun beri manfaat kpd gtk pesakit balik bekerjaketika lawatan jumpa warga australia berubat sini sebab katanya canggihpesakitpencarum yg dapat percuma bukan pencarum tp bayaran lebih murah dr swasta tcocmzhdsdlh,fasilitas,,
melawat pusat rehabilitasi perkeso tun abdul razak melaka tahun beri manfaat kpd gtk pesakit balik bekerjaketika lawatan jumpa warga australia berubat sini sebab katanya canggihpesakitpencarum yg dapat percuma bukan pencarum tp bayaran lebih murah dr swasta tcocmzhdsdlh,pelayanan,,
melawat pusat rehabilitasi perkeso tun abdul razak melaka tahun beri manfaat kpd gtk pesakit balik bekerjaketika lawatan jumpa warga australia berubat sini sebab katanya canggihpesakitpencarum yg dapat percuma bukan pencarum tp bayaran lebih murah dr swasta tcocmzhdsdlh,kualitas_diagnosis,,
mending berobat ke malaysia murah amp kwalitas jauh lbh bagus klinik swasta di kuala lumpur jauh lbh bagus amp lbh murah daripada r paling top di medan ini pengalaman ku pribadi bawa ibu berobat,biaya,,
mending berobat ke malaysia murah amp kwalitas jauh lbh bagus klinik swasta di kuala lumpur jauh lbh bagus amp lbh murah daripada r paling top di medan ini pengalaman ku pribadi bawa ibu berobat,fasilitas,,
mending berobat ke malaysia murah amp kwalitas jauh lbh bagus klinik swasta di kuala lumpur jauh lbh bagus amp lbh murah daripada r paling top di medan ini pengalaman ku pribadi bawa ibu berobat,pelayanan,,
mending berobat ke malaysia murah amp kwalitas jauh lbh bagus klinik swasta di kuala lumpur jauh lbh bagus amp lbh murah daripada r paling top di medan ini pengalaman ku pribadi bawa ibu berobat,aksesibilitas,,
pengalaman temen sesama autoimun berobat ke malaysia dgn alasan berobat di indonesia ga sembuhsembuh pa liat obat nya sama aja imunosupressant jg akhirnya balik lg berobat ke indonesia pke bpjs setelah hb berjetijeti efek pengen sembuh instan,biaya,,
pengalaman temen sesama autoimun berobat ke malaysia dgn alasan berobat di indonesia ga sembuhsembuh pa liat obat nya sama aja imunosupressant jg akhirnya balik lg berobat ke indonesia pke bpjs setelah hb berjetijeti efek pengen sembuh instan,pelayanan,,
pengalaman temen sesama autoimun berobat ke malaysia dgn alasan berobat di indonesia ga sembuhsembuh pa liat obat nya sama aja imunosupressant jg akhirnya balik lg berobat ke indonesia pke bpjs setelah hb berjetijeti efek pengen sembuh instan,aksesibilitas,,
habis baca ini dan jadi makin gak heran kalau pasien indonesia seakan diperlakukan lebih baik dan seakan lebih murah di malaysia ya itu karena pasien dari indonesia diperlakukan sbg turis bagian dari medical tourism malaysia di memperpanjang insentif pajak utk,biaya,,
habis baca ini dan jadi makin gak heran kalau pasien indonesia seakan diperlakukan lebih baik dan seakan lebih murah di malaysia ya itu karena pasien dari indonesia diperlakukan sbg turis bagian dari medical tourism malaysia di memperpanjang insentif pajak utk,fasilitas,,
habis baca ini dan jadi makin gak heran kalau pasien indonesia seakan diperlakukan lebih baik dan seakan lebih murah di malaysia ya itu karena pasien dari indonesia diperlakukan sbg turis bagian dari medical tourism malaysia di memperpanjang insentif pajak utk,aksesibilitas,,
banyak pasien dari indonesia bercerita pengalaman berobat ke malaysia mereka merasa pengobatan lebih murah bagaimana kisahnya tcoetkwtwamv,biaya,,
banyak pasien dari indonesia bercerita pengalaman berobat ke malaysia mereka merasa pengobatan lebih murah bagaimana kisahnya tcoetkwtwamv,pelayanan,,
banyak pasien dari indonesia bercerita pengalaman berobat ke malaysia mereka merasa pengobatan lebih murah bagaimana kisahnya tcoetkwtwamv,aksesibilitas,,
tarikh saya melapor diri ke hospital kuala lumpur selepas setahun saya bekerja houseman di uk sudah lebih tahun berkhidmat di kkm cukuplah terima kasih banyak pengalaman antik surat ini masih cantik didalam fail saya tcokwqdkczh,fasilitas,,
tarikh saya melapor diri ke hospital kuala lumpur selepas setahun saya bekerja houseman di uk sudah lebih tahun berkhidmat di kkm cukuplah terima kasih banyak pengalaman antik surat ini masih cantik didalam fail saya tcokwqdkczh,pelayanan,,
saya setuju opini anda teman saya di medan habis juta berobat bulan ga sembuh ke penang hanya hari juta sembuh ada ribu orang indonesia berobat ke malaysia artinya byk yg lebih percaya dokter malaysia pengalaman berobat disini diagnosa dokter bisa beda,pelayanan,,
saya setuju opini anda teman saya di medan habis juta berobat bulan ga sembuh ke penang hanya hari juta sembuh ada ribu orang indonesia berobat ke malaysia artinya byk yg lebih percaya dokter malaysia pengalaman berobat disini diagnosa dokter bisa beda,aksesibilitas,,
saya setuju opini anda teman saya di medan habis juta berobat bulan ga sembuh ke penang hanya hari juta sembuh ada ribu orang indonesia berobat ke malaysia artinya byk yg lebih percaya dokter malaysia pengalaman berobat disini diagnosa dokter bisa beda,kualitas_diagnosis,,
no wonder satu pesawat medanpenang isinya orang mau berobat jd ingat pengalaman saudara yg check up di medan didiagnosis kanker harus segera operasi gk percaya cari second option ke malaysia turn out cuma bisul kesel gk tu,pelayanan,,
no wonder satu pesawat medanpenang isinya orang mau berobat jd ingat pengalaman saudara yg check up di medan didiagnosis kanker harus segera operasi gk percaya cari second option ke malaysia turn out cuma bisul kesel gk tu,kualitas_diagnosis,,
di malaysia estimasi biaya dari masuk sampe lulu fk itu sekitar ringgit m lulu gaji gp kontrak sekitar ringgit juta mirip la disini sampe lulu abis juta lulu gaji juta,biaya,,
sistem kesihatan malaysia bukan sahaja paling gempak tetapi paling murah ada subsidi jumpa doktor byr dua ringgit je kalau kakitangan kerajaan lagilah ada grantilator bole dpt cover lagi ko jangan kutuk sgt malaysia ni malaysia ni ada ada juga,biaya,,
a husband wa left amazed by a hospital bill of only rm for his wife brain surgery and treatment expense over day at a government hospital initially we planned the surgery at a private hospital estimating a cost of rm the surgery wa a success marking the,biaya,,
a husband wa left amazed by a hospital bill of only rm for his wife brain surgery and treatment expense over day at a government hospital initially we planned the surgery at a private hospital estimating a cost of rm the surgery wa a success marking the,fasilitas,,
a husband wa left amazed by a hospital bill of only rm for his wife brain surgery and treatment expense over day at a government hospital initially we planned the surgery at a private hospital estimating a cost of rm the surgery wa a success marking the,pelayanan,,
chinese tourist stunned by rm injury treatment at malaysian government clinic tcolewtvotr,fasilitas,,
chinese tourist stunned by rm injury treatment at malaysian government clinic tcolewtvotr,pelayanan,,
iya itu benar pengalaman anak sy wkt berobat ke serawak kucing malaysia sekitar th di r surabaya ft rontgen di tarif jt an tp di malaysia hny jt belum yg lainnya,biaya,,
iya itu benar pengalaman anak sy wkt berobat ke serawak kucing malaysia sekitar th di r surabaya ft rontgen di tarif jt an tp di malaysia hny jt belum yg lainnya,fasilitas,,
iya itu benar pengalaman anak sy wkt berobat ke serawak kucing malaysia sekitar th di r surabaya ft rontgen di tarif jt an tp di malaysia hny jt belum yg lainnya,pelayanan,,
iya itu benar pengalaman anak sy wkt berobat ke serawak kucing malaysia sekitar th di r surabaya ft rontgen di tarif jt an tp di malaysia hny jt belum yg lainnya,kualitas_diagnosis,,
nitip loker ke luar ya konstruksi malaysia pria tahun sehat jasmanirohani biaya insyallah terjangkau biaya paspor medical check up dan id depnaker ditanggung sendiri,biaya,,
nitip loker ke luar ya konstruksi malaysia pria tahun sehat jasmanirohani biaya insyallah terjangkau biaya paspor medical check up dan id depnaker ditanggung sendiri,kualitas_diagnosis,,
paling nyaman dan murah berobat kenegri tetangga emang pengalaman pribadi berobat ke penang luar biasa emang malaysia,biaya,,
paling nyaman dan murah berobat kenegri tetangga emang pengalaman pribadi berobat ke penang luar biasa emang malaysia,fasilitas,,
paling nyaman dan murah berobat kenegri tetangga emang pengalaman pribadi berobat ke penang luar biasa emang malaysia,pelayanan,,
saya juga berbagi pengalaman berbagai keluarga yg berobat terkati gastro dan abdomen ke r abdiwaluyo jika kamu scr geografis lbh dekat ke malaysia dibandingkan ke jakarta ya itu spt bandingkan salak betawi sama durian,pelayanan,,
saya juga berbagi pengalaman berbagai keluarga yg berobat terkati gastro dan abdomen ke r abdiwaluyo jika kamu scr geografis lbh dekat ke malaysia dibandingkan ke jakarta ya itu spt bandingkan salak betawi sama durian,aksesibilitas,,
baru ngeh lgsng peka kalo aku gak mau keburuburu apalagi pa request itin malaysia kemarin ada prompt ingin ke semuanya tapi tidak ingin terburuburu tidak mau bangun terlalu pagi tidur malam minimal jam dan perjalanan yang tidak melelahkan,general,,
amarjit sarma berobat dan sembuh di malaysia stlh hampir lewat krn kecerobohan dokter di jakarta masalahnya bkn keahlian dokter kita tp kecerobohan yg membahayakan sy ketemu dia di bandara internasional kuala lumpur senin kmrn saat sama akan pulang ke jkt begini ceritanya tcoboqmcxafsg,fasilitas,,
amarjit sarma berobat dan sembuh di malaysia stlh hampir lewat krn kecerobohan dokter di jakarta masalahnya bkn keahlian dokter kita tp kecerobohan yg membahayakan sy ketemu dia di bandara internasional kuala lumpur senin kmrn saat sama akan pulang ke jkt begini ceritanya tcoboqmcxafsg,pelayanan,,
amarjit sarma berobat dan sembuh di malaysia stlh hampir lewat krn kecerobohan dokter di jakarta masalahnya bkn keahlian dokter kita tp kecerobohan yg membahayakan sy ketemu dia di bandara internasional kuala lumpur senin kmrn saat sama akan pulang ke jkt begini ceritanya tcoboqmcxafsg,aksesibilitas,,
amarjit sarma berobat dan sembuh di malaysia stlh hampir lewat krn kecerobohan dokter di jakarta masalahnya bkn keahlian dokter kita tp kecerobohan yg membahayakan sy ketemu dia di bandara internasional kuala lumpur senin kmrn saat sama akan pulang ke jkt begini ceritanya tcoboqmcxafsg,kualitas_diagnosis,,
kalo denger orang malaysia cerita pasti iri deh gue pernah kedatangan kerabat dari malaysia dia cerita pendidikan amp kesehatan gratis pengangguran minim penghasilan tinggi harga murah pajak yg mereka bayar mayoritas balik pada mereka mungkin msh ada korupsi tp dikit bgt,biaya,,
kalo denger orang malaysia cerita pasti iri deh gue pernah kedatangan kerabat dari malaysia dia cerita pendidikan amp kesehatan gratis pengangguran minim penghasilan tinggi harga murah pajak yg mereka bayar mayoritas balik pada mereka mungkin msh ada korupsi tp dikit bgt,kualitas_diagnosis,,
setelah banyak yg posting pengalaman pribadi berobat ke malaysia sembuh jadi kepikiran perlu surns yg meliputi pengobatan disana daripada sakit gak sembuhsembuh malah makin parah tcodrbuaxuho,fasilitas,,
setelah banyak yg posting pengalaman pribadi berobat ke malaysia sembuh jadi kepikiran perlu surns yg meliputi pengobatan disana daripada sakit gak sembuhsembuh malah makin parah tcodrbuaxuho,pelayanan,,
ngga juga si nder aku dari ekonomi menengah tapi opung ku lebih milih ke malaysia buat berobat kenapa karna tante ku udah bawa opung kesana kesini buat berobat amp check up tp selama berobatcheck up di indo belum ketahuan sakitnya apa pa check di malaysia dia baru ketahuan,pelayanan,,
ngga juga si nder aku dari ekonomi menengah tapi opung ku lebih milih ke malaysia buat berobat kenapa karna tante ku udah bawa opung kesana kesini buat berobat amp check up tp selama berobatcheck up di indo belum ketahuan sakitnya apa pa check di malaysia dia baru ketahuan,kualitas_diagnosis,,
pengalaman pribadi ya dokter indo itu skill peralatan dan obatnya itu ketinggalan jauh sama malaysia aja sudah tertinggal juaauhh jika ln sudah pake cara terbaru taun an dokter indo masih pake cara an makanya jgn kaget banyak orang berobat ke ln,fasilitas,,
pengalaman pribadi ya dokter indo itu skill peralatan dan obatnya itu ketinggalan jauh sama malaysia aja sudah tertinggal juaauhh jika ln sudah pake cara terbaru taun an dokter indo masih pake cara an makanya jgn kaget banyak orang berobat ke ln,pelayanan,,
pengalaman pribadi ya dokter indo itu skill peralatan dan obatnya itu ketinggalan jauh sama malaysia aja sudah tertinggal juaauhh jika ln sudah pake cara terbaru taun an dokter indo masih pake cara an makanya jgn kaget banyak orang berobat ke ln,aksesibilitas,,
pengalaman pribadi ya dokter indo itu skill peralatan dan obatnya itu ketinggalan jauh sama malaysia aja sudah tertinggal juaauhh jika ln sudah pake cara terbaru taun an dokter indo masih pake cara an makanya jgn kaget banyak orang berobat ke ln,kualitas_diagnosis,,
nah orang berobat keluar negeri tu karena lebih murah contoh orang sumatera ke malaysia kalau orang menengah keatas berobat kelur negeri gak banyak dan mungkin cuman konglo lebih banyak pasien kaya tapi pake bpjs di dharmais pengalaman,biaya,,
nah orang berobat keluar negeri tu karena lebih murah contoh orang sumatera ke malaysia kalau orang menengah keatas berobat kelur negeri gak banyak dan mungkin cuman konglo lebih banyak pasien kaya tapi pake bpjs di dharmais pengalaman,pelayanan,,
malaysia is proof that you can combine all three and actually have a properly functioning healthcare system our healthcare system is fast very affordable and very reliable malaysia is still a top destination for medical tourism precisely because we have firstclass healthcare,biaya,,
malaysia is proof that you can combine all three and actually have a properly functioning healthcare system our healthcare system is fast very affordable and very reliable malaysia is still a top destination for medical tourism precisely because we have firstclass healthcare,fasilitas,,
selama ini diambilkan adik di bulan berturut dan dikirimkan via jne bulan ke saya harus ambil sendiri ke r sekaligus konsul di r ini tidak ada program mmd tapi pelayanannya oke bgt mau pindah mikir banyak,pelayanan,,
ini ada berita hit bagi mrk org indonesia yg begitu membanggakan pengobatan di penang malaysia ga lama lg kalian akan sadar bhw berobat di penang tdk lg jd favorit malah jd momok tcojcnowpjmuy,aksesibilitas,,
cepatlah kita kaya biar bisa berobat ke malaysia singapura dll banyak kejadian serupa bahkan kesalahan diagnosa lucu dari pengalaman orangorang,biaya,,
cepatlah kita kaya biar bisa berobat ke malaysia singapura dll banyak kejadian serupa bahkan kesalahan diagnosa lucu dari pengalaman orangorang,pelayanan,,
cepatlah kita kaya biar bisa berobat ke malaysia singapura dll banyak kejadian serupa bahkan kesalahan diagnosa lucu dari pengalaman orangorang,kualitas_diagnosis,,
aku pa operasi sinus fes semua rongga di kuala lumpur di indo quotenya rp juta di kl rp juta sudah mri amp rawat inap plus hotel amp pesawat total ltrp juta rp juta dicover asuransi dokternya juga tahun pengalaman amp lulusan eropa kenapa beda sekali ya,biaya,,
aku pa operasi sinus fes semua rongga di kuala lumpur di indo quotenya rp juta di kl rp juta sudah mri amp rawat inap plus hotel amp pesawat total ltrp juta rp juta dicover asuransi dokternya juga tahun pengalaman amp lulusan eropa kenapa beda sekali ya,fasilitas,,
aku pa operasi sinus fes semua rongga di kuala lumpur di indo quotenya rp juta di kl rp juta sudah mri amp rawat inap plus hotel amp pesawat total ltrp juta rp juta dicover asuransi dokternya juga tahun pengalaman amp lulusan eropa kenapa beda sekali ya,pelayanan,,
kalau di penang bagus ngapain harus bayar mahal ke sg berobat bukan masalah gengsi tapi fungsi dan pengalaman subjektif aku tetanggaku sering berobat ke sg karena anaknya tinggal di sana tapi gak sembuhsembuh jadinya malah pengen berobat ke malaysia aja,biaya,,
kalau di penang bagus ngapain harus bayar mahal ke sg berobat bukan masalah gengsi tapi fungsi dan pengalaman subjektif aku tetanggaku sering berobat ke sg karena anaknya tinggal di sana tapi gak sembuhsembuh jadinya malah pengen berobat ke malaysia aja,fasilitas,,
kalau di penang bagus ngapain harus bayar mahal ke sg berobat bukan masalah gengsi tapi fungsi dan pengalaman subjektif aku tetanggaku sering berobat ke sg karena anaknya tinggal di sana tapi gak sembuhsembuh jadinya malah pengen berobat ke malaysia aja,pelayanan,,
kalau di penang bagus ngapain harus bayar mahal ke sg berobat bukan masalah gengsi tapi fungsi dan pengalaman subjektif aku tetanggaku sering berobat ke sg karena anaknya tinggal di sana tapi gak sembuhsembuh jadinya malah pengen berobat ke malaysia aja,kualitas_diagnosis,,
untuk pengalaman subjektif sih mungkin karna bukan public hospital ya tidak ribet kalau teman yg berobat dari indo ke penang biasanya pake layanan pihak ketiga malaysia healthcare misalnya jd udah diurusin semuanya,fasilitas,,
untuk pengalaman subjektif sih mungkin karna bukan public hospital ya tidak ribet kalau teman yg berobat dari indo ke penang biasanya pake layanan pihak ketiga malaysia healthcare misalnya jd udah diurusin semuanya,pelayanan,,
kalo mau berobat dan ada uangnya lebih baik berobat ke malaysia aja deh yaa yg paling deket serem coyy dokter di sini soalnya ada yg modelannya macam dokter dian yg bilang acl tidak seserius itu,biaya,,
kalo mau berobat dan ada uangnya lebih baik berobat ke malaysia aja deh yaa yg paling deket serem coyy dokter di sini soalnya ada yg modelannya macam dokter dian yg bilang acl tidak seserius itu,fasilitas,,
kalo mau berobat dan ada uangnya lebih baik berobat ke malaysia aja deh yaa yg paling deket serem coyy dokter di sini soalnya ada yg modelannya macam dokter dian yg bilang acl tidak seserius itu,pelayanan,,
malaysia dari tahun lepas dapat rank healthcare tcoswtfbscqm,general,,
malaysia ok kualitas sebenarnya aja sama indonesia bahkan byk dokter di kl kuliah di ugm cuman bbrp kampus afiliasi uk ada di kl dan bahasa pengantarnya english good for international experience biaya hidup kuliah bahkan bahasa malay sangat mudah diadaptasi,biaya,,
malaysia ok kualitas sebenarnya aja sama indonesia bahkan byk dokter di kl kuliah di ugm cuman bbrp kampus afiliasi uk ada di kl dan bahasa pengantarnya english good for international experience biaya hidup kuliah bahkan bahasa malay sangat mudah diadaptasi,fasilitas,,
malaysia ok kualitas sebenarnya aja sama indonesia bahkan byk dokter di kl kuliah di ugm cuman bbrp kampus afiliasi uk ada di kl dan bahasa pengantarnya english good for international experience biaya hidup kuliah bahkan bahasa malay sangat mudah diadaptasi,pelayanan,,
malaysia ok kualitas sebenarnya aja sama indonesia bahkan byk dokter di kl kuliah di ugm cuman bbrp kampus afiliasi uk ada di kl dan bahasa pengantarnya english good for international experience biaya hidup kuliah bahkan bahasa malay sangat mudah diadaptasi,aksesibilitas,,
malaysia ok kualitas sebenarnya aja sama indonesia bahkan byk dokter di kl kuliah di ugm cuman bbrp kampus afiliasi uk ada di kl dan bahasa pengantarnya english good for international experience biaya hidup kuliah bahkan bahasa malay sangat mudah diadaptasi,kualitas_diagnosis,,
orang sumatera banyak banget yg berobat ke malaysia selain transport lebih murah ke sana daripada jakarta pelayanan rsnya jg lebih baik pengalaman suamiku di r indonesia harus tindakan operasi diperiksa ke malaysia mmc hanya diterapi bertahap tanpa operasi ya,biaya,,
orang sumatera banyak banget yg berobat ke malaysia selain transport lebih murah ke sana daripada jakarta pelayanan rsnya jg lebih baik pengalaman suamiku di r indonesia harus tindakan operasi diperiksa ke malaysia mmc hanya diterapi bertahap tanpa operasi ya,fasilitas,,
orang sumatera banyak banget yg berobat ke malaysia selain transport lebih murah ke sana daripada jakarta pelayanan rsnya jg lebih baik pengalaman suamiku di r indonesia harus tindakan operasi diperiksa ke malaysia mmc hanya diterapi bertahap tanpa operasi ya,pelayanan,,
orang sumatera banyak banget yg berobat ke malaysia selain transport lebih murah ke sana daripada jakarta pelayanan rsnya jg lebih baik pengalaman suamiku di r indonesia harus tindakan operasi diperiksa ke malaysia mmc hanya diterapi bertahap tanpa operasi ya,aksesibilitas,,
orang sumatera banyak banget yg berobat ke malaysia selain transport lebih murah ke sana daripada jakarta pelayanan rsnya jg lebih baik pengalaman suamiku di r indonesia harus tindakan operasi diperiksa ke malaysia mmc hanya diterapi bertahap tanpa operasi ya,kualitas_diagnosis,,
temen gw yg thn di liverpool juga kalo mau berobat adhd ke indo dulu medical yang bagus amp murah itu memang masih di malaysia sih pengalaman waktu kerja disana indonesia still ok compare dgn uk,biaya,,
temen gw yg thn di liverpool juga kalo mau berobat adhd ke indo dulu medical yang bagus amp murah itu memang masih di malaysia sih pengalaman waktu kerja disana indonesia still ok compare dgn uk,fasilitas,,
temen gw yg thn di liverpool juga kalo mau berobat adhd ke indo dulu medical yang bagus amp murah itu memang masih di malaysia sih pengalaman waktu kerja disana indonesia still ok compare dgn uk,pelayanan,,
temen gw yg thn di liverpool juga kalo mau berobat adhd ke indo dulu medical yang bagus amp murah itu memang masih di malaysia sih pengalaman waktu kerja disana indonesia still ok compare dgn uk,aksesibilitas,,
org indonesia tak sedikit yg berobat ke malaysia krn biaya lumayan terjangkau bonus berwisatahati senang cepat sembuhnyakamu yg punya pengalaman berobat ke malaysia ikutan lomba ini yuksampk ada di blogpost mbk malam minggu tcoxebcigxtf,biaya,,
org indonesia tak sedikit yg berobat ke malaysia krn biaya lumayan terjangkau bonus berwisatahati senang cepat sembuhnyakamu yg punya pengalaman berobat ke malaysia ikutan lomba ini yuksampk ada di blogpost mbk malam minggu tcoxebcigxtf,pelayanan,,
org indonesia tak sedikit yg berobat ke malaysia krn biaya lumayan terjangkau bonus berwisatahati senang cepat sembuhnyakamu yg punya pengalaman berobat ke malaysia ikutan lomba ini yuksampk ada di blogpost mbk malam minggu tcoxebcigxtf,aksesibilitas,,
tahun an sampai tahun an negara malaysia mengirim rakyatnya untuk belajar di universitas di indonesia sekarang kebalikannya dari aspek pendidikan saja mereka sdh jauh lebih maju dari indonesia sungguh bebal bangsa ini bukannya maju malah mundur,biaya,,
tahun an sampai tahun an negara malaysia mengirim rakyatnya untuk belajar di universitas di indonesia sekarang kebalikannya dari aspek pendidikan saja mereka sdh jauh lebih maju dari indonesia sungguh bebal bangsa ini bukannya maju malah mundur,fasilitas,,
tahun an sampai tahun an negara malaysia mengirim rakyatnya untuk belajar di universitas di indonesia sekarang kebalikannya dari aspek pendidikan saja mereka sdh jauh lebih maju dari indonesia sungguh bebal bangsa ini bukannya maju malah mundur,aksesibilitas,,
tahun an sampai tahun an negara malaysia mengirim rakyatnya untuk belajar di universitas di indonesia sekarang kebalikannya dari aspek pendidikan saja mereka sdh jauh lebih maju dari indonesia sungguh bebal bangsa ini bukannya maju malah mundur,kualitas_diagnosis,,
tanya rumah sakit malaysia rekan sekalian bila ada yg pernah atau punya pengalaman berobat ke rumah sakit mili httptcorgybyi,fasilitas,,
tanya rumah sakit malaysia rekan sekalian bila ada yg pernah atau punya pengalaman berobat ke rumah sakit mili httptcorgybyi,pelayanan,,
nih pengalaman adik aku yg berobat ke sana tuh penanganannya langsung bagus dibandingkan waktu berobat di daerahku dan harga pengobatannya juga termasuk murah dan kebetulan daerah aku dekat banget sama malaysia jd ga terlalu habis di uang pp nya,biaya,,
nih pengalaman adik aku yg berobat ke sana tuh penanganannya langsung bagus dibandingkan waktu berobat di daerahku dan harga pengobatannya juga termasuk murah dan kebetulan daerah aku dekat banget sama malaysia jd ga terlalu habis di uang pp nya,fasilitas,,
nih pengalaman adik aku yg berobat ke sana tuh penanganannya langsung bagus dibandingkan waktu berobat di daerahku dan harga pengobatannya juga termasuk murah dan kebetulan daerah aku dekat banget sama malaysia jd ga terlalu habis di uang pp nya,pelayanan,,
nih pengalaman adik aku yg berobat ke sana tuh penanganannya langsung bagus dibandingkan waktu berobat di daerahku dan harga pengobatannya juga termasuk murah dan kebetulan daerah aku dekat banget sama malaysia jd ga terlalu habis di uang pp nya,aksesibilitas,,
bersyukur sgt dilahirkan di malaysia dimana hospital kerajaan menawarkan servis amp rawatan pd harga yg sangat rendah ofcourse ada pro amp con mungkin waktu menunggu amp appointment date lebih lama tetapi rawatan yg diberi memang world class salute amp tq to all frontliners,biaya,,
bersyukur sgt dilahirkan di malaysia dimana hospital kerajaan menawarkan servis amp rawatan pd harga yg sangat rendah ofcourse ada pro amp con mungkin waktu menunggu amp appointment date lebih lama tetapi rawatan yg diberi memang world class salute amp tq to all frontliners,fasilitas,,
the lounge pengalaman ane berobat ke penang malaysia httptcoyxlhxnxp by maureputasi,pelayanan,,
benda yang honestly aku rasa lagi best kat malaysia banyak kedai tak tutup awal while in japan mostly pm dah tutup mall pun ye boleh pergi klinik bilabila masa kat sini klinik malam weekend tutup kalau sakit luar waktu kena pergi hospitalprivate medical centre,fasilitas,,
benda yang honestly aku rasa lagi best kat malaysia banyak kedai tak tutup awal while in japan mostly pm dah tutup mall pun ye boleh pergi klinik bilabila masa kat sini klinik malam weekend tutup kalau sakit luar waktu kena pergi hospitalprivate medical centre,pelayanan,,
benda yang honestly aku rasa lagi best kat malaysia banyak kedai tak tutup awal while in japan mostly pm dah tutup mall pun ye boleh pergi klinik bilabila masa kat sini klinik malam weekend tutup kalau sakit luar waktu kena pergi hospitalprivate medical centre,aksesibilitas,,
saya sarankan saudara ikuti saya di telegram untuk tidak terlepas apaapa info malaysia sudah mula solat berjemaah bersyarat sejak mei rujuk pautan ini tcoimscyffobn,fasilitas,,
saya sarankan saudara ikuti saya di telegram untuk tidak terlepas apaapa info malaysia sudah mula solat berjemaah bersyarat sejak mei rujuk pautan ini tcoimscyffobn,pelayanan,,
mahasiswi asal malaysia curhat berobat di indonesia gak diapaapain cuma dikasih obat bayar rp tcotacplisi,biaya,,
mahasiswi asal malaysia curhat berobat di indonesia gak diapaapain cuma dikasih obat bayar rp tcotacplisi,aksesibilitas,,
perjalanan dokter terawan dipecat idi dengan bobot pelanggaran berat kini dipercaya jabat menkes mafia ikatan ini yg selalu bela malpraktek dokter membuat pasien berobat ke malaysia amp singapura inovasi dr terawan yg diakui dunia medis dianggap ilegal tcoybtjhrvsn,pelayanan,,
konstruksi malaysia pria tahun sehat jasmanirohani biaya insyallah terjangkau biaya paspor medical check up dan id depnaker ditanggung sendiri,biaya,,
konstruksi malaysia pria tahun sehat jasmanirohani biaya insyallah terjangkau biaya paspor medical check up dan id depnaker ditanggung sendiri,kualitas_diagnosis,,
jen pouvais plus jss allé a h du mat a l hopital en malaisie jen ai eu pour remboursables avec tout le medicament service de qualité et rapide pendant quen france mdr,fasilitas,,
jen pouvais plus jss allé a h du mat a l hopital en malaisie jen ai eu pour remboursables avec tout le medicament service de qualité et rapide pendant quen france mdr,pelayanan,,
beliau telah mula menunjukkan gejala hari sebelum dimasukkan ke hospital angkatan tentera tuanku mizan pada mac dan seterusnya dipindahkan ke hospital kuala lumpur pada mac,fasilitas,,
sebagai orang melayu yang lahir di medan gue paling anti menghina malaysia apalagi karena ini negara sesama muslim dan banyak hal positif dari sana yang bisa ditiru dari kecil gue udah tahu negara ini jauh lebih baik berdasarkan penuturan saudara gw yang jadi tki legal di,fasilitas,,
sebagai orang melayu yang lahir di medan gue paling anti menghina malaysia apalagi karena ini negara sesama muslim dan banyak hal positif dari sana yang bisa ditiru dari kecil gue udah tahu negara ini jauh lebih baik berdasarkan penuturan saudara gw yang jadi tki legal di,aksesibilitas,,
sebagai orang melayu yang lahir di medan gue paling anti menghina malaysia apalagi karena ini negara sesama muslim dan banyak hal positif dari sana yang bisa ditiru dari kecil gue udah tahu negara ini jauh lebih baik berdasarkan penuturan saudara gw yang jadi tki legal di,kualitas_diagnosis,,
putrajaya julai program malaysia bermunajat mencatat sejarah sebagai sebuah himpunan keagamaan yang menggabungkan elemen spiritual tazkirah dan pemerkasaan ilmu dalam usaha menyuburkan jiwa umat islam serta memperkukuh budaya ilmu dalam kerangka malaysia madani,general,,
tapi ternyata lari sejauh apa pun rasa sakit itu tetap menunggumu di tikungan aku pernah sampai titik terendahku aku masuk biara berharap di sanalah aku akan sembuh tapi waktu aku mulai masuk retret panjang empat tahun lamanya,pelayanan,,
tapi ternyata lari sejauh apa pun rasa sakit itu tetap menunggumu di tikungan aku pernah sampai titik terendahku aku masuk biara berharap di sanalah aku akan sembuh tapi waktu aku mulai masuk retret panjang empat tahun lamanya,aksesibilitas,,
ya tetap aja lebih murah dg kualitas dokter fasilitas dan pelayanannya dibanding r di indo bukan dianggap lagi tapi fakta apalagi bagi kami orang pekanbarubatam daripada ke rsudrs swasta yg pelayanannya kebanyakan judging dan jutek mending ke malaysia kualitasnya jauh,biaya,,
ya tetap aja lebih murah dg kualitas dokter fasilitas dan pelayanannya dibanding r di indo bukan dianggap lagi tapi fakta apalagi bagi kami orang pekanbarubatam daripada ke rsudrs swasta yg pelayanannya kebanyakan judging dan jutek mending ke malaysia kualitasnya jauh,fasilitas,,
ya tetap aja lebih murah dg kualitas dokter fasilitas dan pelayanannya dibanding r di indo bukan dianggap lagi tapi fakta apalagi bagi kami orang pekanbarubatam daripada ke rsudrs swasta yg pelayanannya kebanyakan judging dan jutek mending ke malaysia kualitasnya jauh,pelayanan,,
ya tetap aja lebih murah dg kualitas dokter fasilitas dan pelayanannya dibanding r di indo bukan dianggap lagi tapi fakta apalagi bagi kami orang pekanbarubatam daripada ke rsudrs swasta yg pelayanannya kebanyakan judging dan jutek mending ke malaysia kualitasnya jauh,aksesibilitas,,
ya tetap aja lebih murah dg kualitas dokter fasilitas dan pelayanannya dibanding r di indo bukan dianggap lagi tapi fakta apalagi bagi kami orang pekanbarubatam daripada ke rsudrs swasta yg pelayanannya kebanyakan judging dan jutek mending ke malaysia kualitasnya jauh,kualitas_diagnosis,,
knpa banyak yg nyinyir ini kalian gak tau ya hampir seluruh warga sumut berobat ke penang ditambah dari daerah lain di indonesia itu penang udah kyk indonesia krna penang emang dijadikan pusat kesehatan oleh malaysia rumah sakit yg ada di penang semua bagus,fasilitas,,
knpa banyak yg nyinyir ini kalian gak tau ya hampir seluruh warga sumut berobat ke penang ditambah dari daerah lain di indonesia itu penang udah kyk indonesia krna penang emang dijadikan pusat kesehatan oleh malaysia rumah sakit yg ada di penang semua bagus,pelayanan,,
knpa banyak yg nyinyir ini kalian gak tau ya hampir seluruh warga sumut berobat ke penang ditambah dari daerah lain di indonesia itu penang udah kyk indonesia krna penang emang dijadikan pusat kesehatan oleh malaysia rumah sakit yg ada di penang semua bagus,aksesibilitas,,
pengalaman langsung ya di malaysia juga ada dokter begituan hongkong jepang dan korea juga ada saya liat sendiri saya perna tangani pasien pulang dari umrohhaji hasil tindakannya hanya bisa elus dada dan geleng kepala,pelayanan,,
pengalaman langsung ya di malaysia juga ada dokter begituan hongkong jepang dan korea juga ada saya liat sendiri saya perna tangani pasien pulang dari umrohhaji hasil tindakannya hanya bisa elus dada dan geleng kepala,aksesibilitas,,
pengalaman langsung ya di malaysia juga ada dokter begituan hongkong jepang dan korea juga ada saya liat sendiri saya perna tangani pasien pulang dari umrohhaji hasil tindakannya hanya bisa elus dada dan geleng kepala,kualitas_diagnosis,,
kalo di sini mesti dicoba dulu operasinya gak ada kepastian kenak penyakit apa dan biayanya sangat besar di malaysia mereka ngecek secara detsil kenak diagnosa apa baru operasi dan biayanya tak semahal di indo,biaya,,
kalo di sini mesti dicoba dulu operasinya gak ada kepastian kenak penyakit apa dan biayanya sangat besar di malaysia mereka ngecek secara detsil kenak diagnosa apa baru operasi dan biayanya tak semahal di indo,pelayanan,,
kalo di sini mesti dicoba dulu operasinya gak ada kepastian kenak penyakit apa dan biayanya sangat besar di malaysia mereka ngecek secara detsil kenak diagnosa apa baru operasi dan biayanya tak semahal di indo,kualitas_diagnosis,,
i think there no country more caring than malaysia a day in hosp for covid patient bpn for student best healthcare in the world largest mask producer cheap bill for gov hospkkm is just amazingtreating n sending message everyday so ok meh tengok negara lain,biaya,,
wna singgung bpjs sebut biaya berobat indonesia mahal malaysia ribu sudah pelayanan paling bagus tcojislqdzb,biaya,,
wna singgung bpjs sebut biaya berobat indonesia mahal malaysia ribu sudah pelayanan paling bagus tcojislqdzb,fasilitas,,
wna singgung bpjs sebut biaya berobat indonesia mahal malaysia ribu sudah pelayanan paling bagus tcojislqdzb,pelayanan,,
wna singgung bpjs sebut biaya berobat indonesia mahal malaysia ribu sudah pelayanan paling bagus tcojislqdzb,aksesibilitas,,
atas saran keluarganya dia memeriksakan diri ke sebuah r di kuala lumpur dokter jantung di r tsb kaget krn saluran jantungnya sdh melengket dan dia hr dioperasi segera stlh itu dia sembuh rasa sakitnya hilang b berjalan biasa pulang ke jkt dan ketemu sy di bandara kl,pelayanan,,
atas saran keluarganya dia memeriksakan diri ke sebuah r di kuala lumpur dokter jantung di r tsb kaget krn saluran jantungnya sdh melengket dan dia hr dioperasi segera stlh itu dia sembuh rasa sakitnya hilang b berjalan biasa pulang ke jkt dan ketemu sy di bandara kl,aksesibilitas,,
jadi medical tourism di sana dimotori r swasta knp bisa terjangkau amp berkualitas obatan di sana murah sampai warga sg memilih beli obat dan bensin di johor contoh lipitor mg per box sgd rm idr k micardis mg per box sgd rm idr k,biaya,,
jadi medical tourism di sana dimotori r swasta knp bisa terjangkau amp berkualitas obatan di sana murah sampai warga sg memilih beli obat dan bensin di johor contoh lipitor mg per box sgd rm idr k micardis mg per box sgd rm idr k,fasilitas,,
jadi medical tourism di sana dimotori r swasta knp bisa terjangkau amp berkualitas obatan di sana murah sampai warga sg memilih beli obat dan bensin di johor contoh lipitor mg per box sgd rm idr k micardis mg per box sgd rm idr k,kualitas_diagnosis,,
buat saya beberapa yg menarik malaysia meski bekas jajahan uk tidak membuat sistem uhc full gratis seperti nh uk pemerintah yg memilih pendidikan dan kesehatan sebagai prioritas anggaran padahal mereka lebih dekat dgn konflik laut natuna utara bila kejadian perang,biaya,,
buat saya beberapa yg menarik malaysia meski bekas jajahan uk tidak membuat sistem uhc full gratis seperti nh uk pemerintah yg memilih pendidikan dan kesehatan sebagai prioritas anggaran padahal mereka lebih dekat dgn konflik laut natuna utara bila kejadian perang,aksesibilitas,,
rakyat malaysia yang dibawa pulang menerusi misi repatriasi ini dari india diwajibkan menjalani ujian sebelum berlepas dan sebaik tiba selain itu mereka juga wajib menjalani kuarantin selama hari di pusat kuarantin yang ditetapkan oleh kerajaan,biaya,,
rakyat malaysia yang dibawa pulang menerusi misi repatriasi ini dari india diwajibkan menjalani ujian sebelum berlepas dan sebaik tiba selain itu mereka juga wajib menjalani kuarantin selama hari di pusat kuarantin yang ditetapkan oleh kerajaan,fasilitas,,
rakyat malaysia yang dibawa pulang menerusi misi repatriasi ini dari india diwajibkan menjalani ujian sebelum berlepas dan sebaik tiba selain itu mereka juga wajib menjalani kuarantin selama hari di pusat kuarantin yang ditetapkan oleh kerajaan,aksesibilitas,,
rakyat malaysia yang dibawa pulang menerusi misi repatriasi ini dari india diwajibkan menjalani ujian sebelum berlepas dan sebaik tiba selain itu mereka juga wajib menjalani kuarantin selama hari di pusat kuarantin yang ditetapkan oleh kerajaan,kualitas_diagnosis,,
saya sudah thun tinggal di malaysia hal yang saya terkejut yaitu bill bersalin tak sampai rm sampai saya cakap ke suami salah kira kot tak kan lah semurah ini bandingkan dengan negara saya memang jauh murahnya,biaya,,
saya sudah thun tinggal di malaysia hal yang saya terkejut yaitu bill bersalin tak sampai rm sampai saya cakap ke suami salah kira kot tak kan lah semurah ini bandingkan dengan negara saya memang jauh murahnya,fasilitas,,
saya sudah thun tinggal di malaysia hal yang saya terkejut yaitu bill bersalin tak sampai rm sampai saya cakap ke suami salah kira kot tak kan lah semurah ini bandingkan dengan negara saya memang jauh murahnya,aksesibilitas,,
saya sudah thun tinggal di malaysia hal yang saya terkejut yaitu bill bersalin tak sampai rm sampai saya cakap ke suami salah kira kot tak kan lah semurah ini bandingkan dengan negara saya memang jauh murahnya,kualitas_diagnosis,,
jutaan wni setiap tahun berobat ke malaysia salah satu alasannya disana obat yg diberikan dokter tidak banyak dan macam spt di indonesia selagi dokter idi di indonesia masih denial soal jeleknya kompetensi mereka maka gak usah heran dgn fenomena ini tcokxvpzatez,fasilitas,,
jutaan wni setiap tahun berobat ke malaysia salah satu alasannya disana obat yg diberikan dokter tidak banyak dan macam spt di indonesia selagi dokter idi di indonesia masih denial soal jeleknya kompetensi mereka maka gak usah heran dgn fenomena ini tcokxvpzatez,pelayanan,,
jutaan wni setiap tahun berobat ke malaysia salah satu alasannya disana obat yg diberikan dokter tidak banyak dan macam spt di indonesia selagi dokter idi di indonesia masih denial soal jeleknya kompetensi mereka maka gak usah heran dgn fenomena ini tcokxvpzatez,aksesibilitas,,
jutaan wni setiap tahun berobat ke malaysia salah satu alasannya disana obat yg diberikan dokter tidak banyak dan macam spt di indonesia selagi dokter idi di indonesia masih denial soal jeleknya kompetensi mereka maka gak usah heran dgn fenomena ini tcokxvpzatez,kualitas_diagnosis,,
betul sekali di kompleks saya hampir semua berobatnya ke malaysia krn murah mudah layanan pasti dan dimanusiakan ini fakta,biaya,,
betul sekali di kompleks saya hampir semua berobatnya ke malaysia krn murah mudah layanan pasti dan dimanusiakan ini fakta,pelayanan,,
betul sekali di kompleks saya hampir semua berobatnya ke malaysia krn murah mudah layanan pasti dan dimanusiakan ini fakta,aksesibilitas,,
berita mhi melaka destinasi pilihan syarikat perkhidmatan ujian klinikal bertaraf global bertapak kota laksamana julai amp melaka terus diiktiraf sebagai destinasiamphellip selanjutnya tcoofwfekcl tcoqaygejah,fasilitas,,
berita mhi melaka destinasi pilihan syarikat perkhidmatan ujian klinikal bertaraf global bertapak kota laksamana julai amp melaka terus diiktiraf sebagai destinasiamphellip selanjutnya tcoofwfekcl tcoqaygejah,pelayanan,,
berita mhi melaka destinasi pilihan syarikat perkhidmatan ujian klinikal bertaraf global bertapak kota laksamana julai amp melaka terus diiktiraf sebagai destinasiamphellip selanjutnya tcoofwfekcl tcoqaygejah,kualitas_diagnosis,,
sekedar perbandingan dg negara tetangga masa tunggu di singapura rata di atas tahun di malaysia rata di atas tahun di indonesia rata di bawah tahun,aksesibilitas,,
kebanyakkan mereka yang datang ke malaysia baru dua tiga hari ke sini dan melahirkan di hospital di sabah selepas itu mereka lari tanpa membayar bil hospital akibatnya pihak kerajaan harus menanggung ko mereka,biaya,,
kebanyakkan mereka yang datang ke malaysia baru dua tiga hari ke sini dan melahirkan di hospital di sabah selepas itu mereka lari tanpa membayar bil hospital akibatnya pihak kerajaan harus menanggung ko mereka,fasilitas,,
berubat pun lari ke malaysia kerana pemerintah rakyat jadi mangsa ayuh berubat ke malaysia kerana ko biaya jauh lagi murah,biaya,,
berubat pun lari ke malaysia kerana pemerintah rakyat jadi mangsa ayuh berubat ke malaysia kerana ko biaya jauh lagi murah,aksesibilitas,,
beda dengan indonesia malaysia setop perekrutan tka untuk mengatasi pengangguran akibat corona miri disini alih mikirin pengangguran malah sibuk pasang badan buat tka tcolddoftpd,fasilitas,,
beda dengan indonesia malaysia setop perekrutan tka untuk mengatasi pengangguran akibat corona miri disini alih mikirin pengangguran malah sibuk pasang badan buat tka tcolddoftpd,aksesibilitas,,
kita di malaysia sangatsangat beruntung dari segi rawatan hospital jarang sangat dengar kes hospital malaysia menolak pesakit kritikal kadang rasa kita pula sebagai pesakit yang amalkan tarai mawashi tu menolak rawatan hospital ke macam mana,biaya,,
kita di malaysia sangatsangat beruntung dari segi rawatan hospital jarang sangat dengar kes hospital malaysia menolak pesakit kritikal kadang rasa kita pula sebagai pesakit yang amalkan tarai mawashi tu menolak rawatan hospital ke macam mana,fasilitas,,
kita di malaysia sangatsangat beruntung dari segi rawatan hospital jarang sangat dengar kes hospital malaysia menolak pesakit kritikal kadang rasa kita pula sebagai pesakit yang amalkan tarai mawashi tu menolak rawatan hospital ke macam mana,pelayanan,,
dirawat di rspad sby tetap berkarya di ranjang medis sempat hadiri forum di malaysia tcoeqrdmvcxh tcobolvyes,fasilitas,,
dirawat di rspad sby tetap berkarya di ranjang medis sempat hadiri forum di malaysia tcoeqrdmvcxh tcobolvyes,pelayanan,,
went to yale health today to get the covid bivalent booster i presented the malaysian covid vaccination certificate amp while going through it the nurse commented how proper and complete the record is malaysia is the best she exclaimed i can only agree wholeheartedly,fasilitas,,
went to yale health today to get the covid bivalent booster i presented the malaysian covid vaccination certificate amp while going through it the nurse commented how proper and complete the record is malaysia is the best she exclaimed i can only agree wholeheartedly,pelayanan,,
hari selasa ini mbak mau cerita tentang pengalaman berobat ke malaysia yuk kita simak cerita lengkapnya disini tcolamodrij,pelayanan,,
thread selamat pagi dr qatar siang ini akan diskusi dgn teman diaspora jadi ingin bicara lagi ttg di sini boleh ya inilah argumen yg ingin saya ajukan jumlah org indonesia yg berkiprah di luar negeri masih amat kurang kita butuh lebih banyak jadi begini,pelayanan,,
thread selamat pagi dr qatar siang ini akan diskusi dgn teman diaspora jadi ingin bicara lagi ttg di sini boleh ya inilah argumen yg ingin saya ajukan jumlah org indonesia yg berkiprah di luar negeri masih amat kurang kita butuh lebih banyak jadi begini,aksesibilitas,,
alhamdulillah gaess mohon doanya yaa biar lancar menjalani sekolah lagikok ya belom kapok udah tua malah sekolah teruss bismillah insyaallah pindah sekolah ke surabaya dulu berguru dgn guru di surabaya di pendidikan subspesialis tulang belakangspine surgery tcoksvzcpv,general,,
langkah buat kamu yang mau berkarir ke luar negeri biar cepet kaya kerja di luar negeri amp dapet gaji gede uangnya ditabung buka bisnis deh di indonesia hayo siapa yang punya dream plan kaya gini,biaya,,
langkah buat kamu yang mau berkarir ke luar negeri biar cepet kaya kerja di luar negeri amp dapet gaji gede uangnya ditabung buka bisnis deh di indonesia hayo siapa yang punya dream plan kaya gini,aksesibilitas,,
jgn mau digaslight bahlil soal bekerja di ln adalah bentuk nasionalisme menyumbang devisa sangat besar bagi negara untuk apa di sini bertahan dlm penderitaan sementara pejabat bergelimang kemewahan berangkatlah berkarirlah di luar harumkan nama indonesia tcocoutrqf,biaya,,
jgn mau digaslight bahlil soal bekerja di ln adalah bentuk nasionalisme menyumbang devisa sangat besar bagi negara untuk apa di sini bertahan dlm penderitaan sementara pejabat bergelimang kemewahan berangkatlah berkarirlah di luar harumkan nama indonesia tcocoutrqf,aksesibilitas,,
akhirnya lingkaran itu mendekat ponakan tetangga dengan harapan bisa dapat penghasilan layak dia berangkat ke kamboja tahun lagi beres pulang bangun rumah begitu katanya pulang tinggal jasad tanpa organ,aksesibilitas,,
akhirnya lingkaran itu mendekat ponakan tetangga dengan harapan bisa dapat penghasilan layak dia berangkat ke kamboja tahun lagi beres pulang bangun rumah begitu katanya pulang tinggal jasad tanpa organ,kualitas_diagnosis,,
menko pmk juta wni berobat ke luar negeri devisa bocor rp triliun baca di tcorysjgfl tcobsjuvu,general,,
hukum dagelan negeri antah berantah lulusan universitas terbaik dunia bisa kerja di perusahaan diluar negeri mana saja dia tinggal memilih mau dimana kesalahannya cuma memilih pulang ke tanah air untuk mengabdi di indonesia meskipun terbukti tidak menerima sepeserpun uang tcoknmnxkqt,biaya,,
hukum dagelan negeri antah berantah lulusan universitas terbaik dunia bisa kerja di perusahaan diluar negeri mana saja dia tinggal memilih mau dimana kesalahannya cuma memilih pulang ke tanah air untuk mengabdi di indonesia meskipun terbukti tidak menerima sepeserpun uang tcoknmnxkqt,fasilitas,,
hukum dagelan negeri antah berantah lulusan universitas terbaik dunia bisa kerja di perusahaan diluar negeri mana saja dia tinggal memilih mau dimana kesalahannya cuma memilih pulang ke tanah air untuk mengabdi di indonesia meskipun terbukti tidak menerima sepeserpun uang tcoknmnxkqt,aksesibilitas,,
hukum dagelan negeri antah berantah lulusan universitas terbaik dunia bisa kerja di perusahaan diluar negeri mana saja dia tinggal memilih mau dimana kesalahannya cuma memilih pulang ke tanah air untuk mengabdi di indonesia meskipun terbukti tidak menerima sepeserpun uang tcoknmnxkqt,kualitas_diagnosis,,
pns level umbiumbian sekalipun kalau cutinya libur ke luar negeri harus izin menterinya masingmasing sebelum dirujak rapal mantra ini dalam hati liburan ke luar negeri asean lebih murah daripada mudik,biaya,,
benarkah ini makanya orang indonesia byk yg berobat ke luar negeri terutama ke penang tcooyamxguu,aksesibilitas,,
benarkah ini makanya orang indonesia byk yg berobat ke luar negeri terutama ke penang tcooyamxguu,kualitas_diagnosis,,
sekolah ke luar negeri berobat ke luar negeri liburan ke luar negeri sungguh beruntung negara yang jadi pilihan pejabut bangsa yang besar mereka harus bersyukur,biaya,,
sekolah ke luar negeri berobat ke luar negeri liburan ke luar negeri sungguh beruntung negara yang jadi pilihan pejabut bangsa yang besar mereka harus bersyukur,fasilitas,,
presiden ri joko widodo jokowi mengeluhkan masih banyaknya warga negara indonesia wni yang memilih berobat ke luar negeri ketimbang di indonesia saja ini bolakbalik saya sampaikan satu juta lebih warga negara kita indonesia berobat ke luar negeri jokowi di raker tcopaaeug,aksesibilitas,,
akhirakhir ini kepengen ikutan kerja di luar negeri tapi temen gw nih bukannya pada support malah kompak ngelarang udah gausah sosoan kerja di luar negeri lu ngekos aja sering sakit nyusahin kalo nekad ke luar negeri lu bukannya kerja malah berobat di sono dang it,pelayanan,,
dalam kontrak kerja setelah mereka bekerja sebagai abk segala resiko akan saya tanggung termasuk jika meninggal jenazah mereka akan dikremasikan di tempat kapal menyandar dipulangkan ke indonesia maka akan diasuransikan terlebih dahulu sebesar usd jt rupiah tcopjypcskol,biaya,,
dalam kontrak kerja setelah mereka bekerja sebagai abk segala resiko akan saya tanggung termasuk jika meninggal jenazah mereka akan dikremasikan di tempat kapal menyandar dipulangkan ke indonesia maka akan diasuransikan terlebih dahulu sebesar usd jt rupiah tcopjypcskol,pelayanan,,
dalam kontrak kerja setelah mereka bekerja sebagai abk segala resiko akan saya tanggung termasuk jika meninggal jenazah mereka akan dikremasikan di tempat kapal menyandar dipulangkan ke indonesia maka akan diasuransikan terlebih dahulu sebesar usd jt rupiah tcopjypcskol,aksesibilitas,,
kalau ada kesempatan saya sangat merekomendasikan pergi jauh cari pengalaman traveling ke penjuru dunia mana pun buat studi atau kerja saya udah pernah selama tahun ke belanda then come back for good ngurus ikan tcomduwzoeq,fasilitas,,
kalau ada kesempatan saya sangat merekomendasikan pergi jauh cari pengalaman traveling ke penjuru dunia mana pun buat studi atau kerja saya udah pernah selama tahun ke belanda then come back for good ngurus ikan tcomduwzoeq,pelayanan,,
kalau ada kesempatan saya sangat merekomendasikan pergi jauh cari pengalaman traveling ke penjuru dunia mana pun buat studi atau kerja saya udah pernah selama tahun ke belanda then come back for good ngurus ikan tcomduwzoeq,aksesibilitas,,
kejagung cegah nadiem makarim ke luar negeri tcordpyzpeg,general,,
china bangsa yang besar warganya ke manamana termasuk menjadi tenaga kerja asing di indonesia india bangsa yang besar warganya merantau ke manamana termasuk amerika eropa timur tengah rusia bangsa yang besar mengungsi eh merantau termasuk ke bali,pelayanan,,
china bangsa yang besar warganya ke manamana termasuk menjadi tenaga kerja asing di indonesia india bangsa yang besar warganya merantau ke manamana termasuk amerika eropa timur tengah rusia bangsa yang besar mengungsi eh merantau termasuk ke bali,aksesibilitas,,
sekitar juta wni berobat ke luar negeri setiap tahun menyebabkan devisa negara bocor hingga rp triliun menko pmk pratikno menyebut singapura jadi tujuan utama dengan hampir separuh pasien asingnya berasal dari indonesia pemerintah kini fokus membangun r tipe c di tcoavtbp,aksesibilitas,,
dicegah ke luar negeri mantan stafsus nadiem ternyata ada di luar negeri tconuwgrm,general,,
tapi untuk teman yg mo dr gue sih harus punya daya juang tinggi jangan apa minder apa takut jangan sabotase diri sendiri di luar memang banyak aspek yg lebih baik dr di indo yg semrawut tp bukan berarti gak sulit buat hidup di luar semangat,biaya,,
tapi untuk teman yg mo dr gue sih harus punya daya juang tinggi jangan apa minder apa takut jangan sabotase diri sendiri di luar memang banyak aspek yg lebih baik dr di indo yg semrawut tp bukan berarti gak sulit buat hidup di luar semangat,fasilitas,,
tapi untuk teman yg mo dr gue sih harus punya daya juang tinggi jangan apa minder apa takut jangan sabotase diri sendiri di luar memang banyak aspek yg lebih baik dr di indo yg semrawut tp bukan berarti gak sulit buat hidup di luar semangat,pelayanan,,
tapi untuk teman yg mo dr gue sih harus punya daya juang tinggi jangan apa minder apa takut jangan sabotase diri sendiri di luar memang banyak aspek yg lebih baik dr di indo yg semrawut tp bukan berarti gak sulit buat hidup di luar semangat,aksesibilitas,,
kejagung larang nadiem makarim bepergian ke luar negeri tcosjbtrhfmig,aksesibilitas,,
kejaksaan agung kejagung menyebut eks staf khusus stafsus mantan mendikbudristek nadiem makarim jurist tan hidup di luar negeri bersama suaminya dia ikut izin tinggal sebagai keluarga tcocmauer,fasilitas,,
mereka yang mempunyai sejarah perjalanan ke luar negara wajib asingkan diri selama hari jam tanpa pilihan baca pesanan daripada ketua pengarah kesihatan kita tcoidohnmrgxt,general,,
keluar atau ke luar keluar kata kerja bergerak dari sebelah dalam ke sebelah luar bisa menjadi predikat dlm kalimat bisa diberikan imbuhan ke luar adverbiaketerangan tdk bisa ditambahkan imbuhan hanya bisa mengisi posisi keterangan cth ke luar negeri,general,,
presiden jokowi mengungkap negara rugi ratusan triliun rupiah akibat wni yang lebih memilih berobat ke luar negeri jokowi mengatakan total kerugian negara akibat hal tersebut mencapai rp triliun menurutnya penyebab dari keadaan itu perlu disikapi dan setiap persoalan tcohgejylkt,biaya,,
presiden jokowi mengungkap negara rugi ratusan triliun rupiah akibat wni yang lebih memilih berobat ke luar negeri jokowi mengatakan total kerugian negara akibat hal tersebut mencapai rp triliun menurutnya penyebab dari keadaan itu perlu disikapi dan setiap persoalan tcohgejylkt,fasilitas,,
nggak heran banyak orang indo yang lebih milih berobat keluar negeri daripada di indo selisih harganya juga jauh banget tcokgagptpkz,biaya,,
nggak heran banyak orang indo yang lebih milih berobat keluar negeri daripada di indo selisih harganya juga jauh banget tcokgagptpkz,aksesibilitas,,
pratikno juta wni berobat ke luar negeri tiap tahun devisa bocor rp triliun tcogpctbyvd,general,,
pempengaruh tak lemas tapi larikan diri ke negara jiran adik subahat reka cerita tcoaossalxh,general,,
pasienku kemaren minta cepet dirawat karena dia mau ke aussie aku kenapa ke aussie dia bilang mau kerja soalnya keluarga saya semua di luar negeri dok jadi mindset saya saya ga mau di indonesia ya allah kenapa keluarga aku mindsetnya pegawe negeri,aksesibilitas,,
susulan ada pesakit dijangkiti semula di luar negara kkm membuat susulan dgn pesakit yang telah discaj untuk pastikan tiada jangkitan berulang bagi pesakit luar negara kkm akan dapatkan perkembangan dari pihak berkuasa negara berkenaan melalui ihr kpk tcorezxjxysy,pelayanan,,
sional pempengaruh ija tak hilang tetapi lari ke luar negara tcoawjzjxwt,general,,
sekadar informasi setiap tahun ada kurang lebih dua juta orang indonesia yang pergi ke luar negeri untuk berobat negaranegara yang dituju antara lain singapura malaysia jepang amerika serikat kita kehilangan rp triliun karena itu tcozogrriis,aksesibilitas,,
makin asik nih negara mau ke ln peraturannya dibikin ribet tcomqcjgbifc tcoamkzlugmea,pelayanan,,
ada di luar negeri kejagung ajukan ekstradisi orang dekat eks menteri nadiem tcogycurns,aksesibilitas,,
pesan dari pejuang devisa mewakili buruh migran keluar negeri bukan pilihan namun keterpaksaan karena indonesia gelap siapa sih orang yg ingin bertahun bekerja di negeri orang hidup bagai terpenjara karena terikat kontrak kalau bukan karena tekanan hidup ekonomi yg tcolbjlzqisk,biaya,,
pesan dari pejuang devisa mewakili buruh migran keluar negeri bukan pilihan namun keterpaksaan karena indonesia gelap siapa sih orang yg ingin bertahun bekerja di negeri orang hidup bagai terpenjara karena terikat kontrak kalau bukan karena tekanan hidup ekonomi yg tcolbjlzqisk,aksesibilitas,,
kirakira seperti yang s ugm cum laude sebelum wisuda udah saya nikahin s ke inggris saya diajak s ke norwegia saya diajak lagi saya belum pernah jadi yang ngajak ke luar negeri,general,,
hatihati dengan lowongan kerja di luar negeri imingiming gaji besar dan semua prose mudah karena dibantu urusan tanpa pelatihan dan syarat apapun nggak tahunya dikirim ke myanmar atau kamboja jadi admin judol kripto atau love scamming ujungujungnya tppo jual organ tcoowpiprgfms,pelayanan,,
hatihati dengan lowongan kerja di luar negeri imingiming gaji besar dan semua prose mudah karena dibantu urusan tanpa pelatihan dan syarat apapun nggak tahunya dikirim ke myanmar atau kamboja jadi admin judol kripto atau love scamming ujungujungnya tppo jual organ tcoowpiprgfms,aksesibilitas,,
kejagung mencegah mantan menteri pendidikan kebudayaan riset dan teknologi nadiem makarim bepergian ke luar negeri ia dicegah sampai bulan ke depan tcodihccxvcv,fasilitas,,
kejagung mencegah mantan menteri pendidikan kebudayaan riset dan teknologi nadiem makarim bepergian ke luar negeri ia dicegah sampai bulan ke depan tcodihccxvcv,aksesibilitas,,
sebelum tewas adp siap ajak keluarga pindah ke finlandia anak sudah berhenti sekolah tcovbalvpnffs,general,,
lawatan luar negara bukan makan angin tapi timba ilmu pengalaman ahmad zahid tcoxrahuadzv,pelayanan,,
juta pasien indonesia berobat keluar negeri segera r asing berdiri di sini tcomwtczdtv,aksesibilitas,,
poin berikutnya ini penting banget jangan langsung meninggalkan lokasi kejadian kaitannya nanti dgn pengurusan asuransi siapa tahu kmu butuh pengobatan lanjutan yg habis berjutaberpuluh juta kamu harus cari saksi kejadianminta kontaknya dan simpan klo b lebih dari satu,biaya,,
poin berikutnya ini penting banget jangan langsung meninggalkan lokasi kejadian kaitannya nanti dgn pengurusan asuransi siapa tahu kmu butuh pengobatan lanjutan yg habis berjutaberpuluh juta kamu harus cari saksi kejadianminta kontaknya dan simpan klo b lebih dari satu,pelayanan,,
poin berikutnya ini penting banget jangan langsung meninggalkan lokasi kejadian kaitannya nanti dgn pengurusan asuransi siapa tahu kmu butuh pengobatan lanjutan yg habis berjutaberpuluh juta kamu harus cari saksi kejadianminta kontaknya dan simpan klo b lebih dari satu,aksesibilitas,,
maa syaa alloh tabarakalloh terimakasih orangorang baik bassam abdel fattah alzoubi dari yordania bertanggung jawab atas perawatan biografi aljaabis mengenai saudari israa dan operasi yang dia perlukan kami seperti rumah sakit umum alhanan yang terletak di tcoxigijkuid,fasilitas,,
maa syaa alloh tabarakalloh terimakasih orangorang baik bassam abdel fattah alzoubi dari yordania bertanggung jawab atas perawatan biografi aljaabis mengenai saudari israa dan operasi yang dia perlukan kami seperti rumah sakit umum alhanan yang terletak di tcoxigijkuid,pelayanan,,
punya la ramai aktivis dan ahli politik pembangkang dulu yang ditahan disiasat dan didakwa tetapi mereka tidak pernah larikan diri ke negara luar ada yang kena lokap kena sosma dsbnya tp jamal musa aman bila jadi pembangkang dan kena siasat terus lari ke luar negera,pelayanan,,
setelah berjuang selama hari malam terapung di tengah lautan rahmat anak buah kapal abk kapal terbalik asal sebatik nunukan ditemukan selamat di tawau malaysia tcozdclnslkt,biaya,,
setelah berjuang selama hari malam terapung di tengah lautan rahmat anak buah kapal abk kapal terbalik asal sebatik nunukan ditemukan selamat di tawau malaysia tcozdclnslkt,pelayanan,,
terkuak istana ternyata sengaja kirim menag yaqut ke luar negeri untuk hindari kejaran pansus haji ini buktinya tcokzeyubfsx,general,,
masyarakat gaza yang memerlukan pengobatan lanjut terpaksa harus menunggu dikarenakan sulitnya perijinan keluar baik ke negara tetangga semisal mesir dan jordan atau bahkan ke tepi barat yang masih menjadi bagian dari palestina disamping itu ketua emergency medical team tcohlqwpsmnc,fasilitas,,
masyarakat gaza yang memerlukan pengobatan lanjut terpaksa harus menunggu dikarenakan sulitnya perijinan keluar baik ke negara tetangga semisal mesir dan jordan atau bahkan ke tepi barat yang masih menjadi bagian dari palestina disamping itu ketua emergency medical team tcohlqwpsmnc,pelayanan,,
masyarakat gaza yang memerlukan pengobatan lanjut terpaksa harus menunggu dikarenakan sulitnya perijinan keluar baik ke negara tetangga semisal mesir dan jordan atau bahkan ke tepi barat yang masih menjadi bagian dari palestina disamping itu ketua emergency medical team tcohlqwpsmnc,aksesibilitas,,
karena tidak kooperatif dan diduga melarikan diri ke luar negeri konon ke australia kejaksaan agung menetapkannya sebagai dpo daftar pencarian orang dan akan ajukan red notice ke interpol tcokbxnsln,general,,
artikel medium pilihan pati dari depot imigresen belantik sik dihantar pulang tcoxijcsrxzo,aksesibilitas,,
ada kesepakatan yang membuat pratama arhan harus berkarier di luar negeri sampai tahun ke depan selengkapnya tcoexvivamhz,general,,
mereka semua di hantar pulang ke malaysia kejadian yang berlaku pada mereka dirahsiakan keluarga mereka juga tidak tahu apa yang berlaku mereka meneruskan kehidupan seperti biasa,aksesibilitas,,
udah guy paling bener kalo berobat ke luar negeri aja sekarang di luar negeri udah bisa pake asuransi indonesia kok jd seharusnya aman untuk biaya pengobatan paling ya emang harus effort di biaya perjalanannya sih tp balik ke pribadi masingmasing pada mau diobatin sama,biaya,,
udah guy paling bener kalo berobat ke luar negeri aja sekarang di luar negeri udah bisa pake asuransi indonesia kok jd seharusnya aman untuk biaya pengobatan paling ya emang harus effort di biaya perjalanannya sih tp balik ke pribadi masingmasing pada mau diobatin sama,fasilitas,,
udah guy paling bener kalo berobat ke luar negeri aja sekarang di luar negeri udah bisa pake asuransi indonesia kok jd seharusnya aman untuk biaya pengobatan paling ya emang harus effort di biaya perjalanannya sih tp balik ke pribadi masingmasing pada mau diobatin sama,pelayanan,,
udah guy paling bener kalo berobat ke luar negeri aja sekarang di luar negeri udah bisa pake asuransi indonesia kok jd seharusnya aman untuk biaya pengobatan paling ya emang harus effort di biaya perjalanannya sih tp balik ke pribadi masingmasing pada mau diobatin sama,aksesibilitas,,
rasanya hanya di negara dunia ketiga orang kena tuduh yang sedang dibicarakan dibenarkan oleh mahkamah untuk mendapat balik pasport dengan alasan menemani anak bersalin kes ini boleh dijadikan precedent dan rujukan pada masa hadapan malu apa negara ku,fasilitas,,
rasanya hanya di negara dunia ketiga orang kena tuduh yang sedang dibicarakan dibenarkan oleh mahkamah untuk mendapat balik pasport dengan alasan menemani anak bersalin kes ini boleh dijadikan precedent dan rujukan pada masa hadapan malu apa negara ku,kualitas_diagnosis,,
rakyat malaysia yang bekerja di luar negara terutama dalam bidang profesional termasuk kejuruteraan dan undangundang disaran pulang berbakti di tanah air tcovcpbwor,biaya,,
rakyat malaysia yang bekerja di luar negara terutama dalam bidang profesional termasuk kejuruteraan dan undangundang disaran pulang berbakti di tanah air tcovcpbwor,pelayanan,,
rakyat malaysia yang bekerja di luar negara terutama dalam bidang profesional termasuk kejuruteraan dan undangundang disaran pulang berbakti di tanah air tcovcpbwor,aksesibilitas,,
rakyat malaysia yang bekerja di luar negara terutama dalam bidang profesional termasuk kejuruteraan dan undangundang disaran pulang berbakti di tanah air tcovcpbwor,kualitas_diagnosis,,
muak sama penanganan pandemi yang asalasalan di negaranya beberapa dokter dan pekerja medis dari negara paman sam mulai pindah ke negara lain selandia baru emang ada apa sih di negeri kiwi tcoaqkpihduv,pelayanan,,
tinggalkan suami dan anak wanita warga asing lari ketika diserbu jim tcoxgqdelswf tcomefuhau,general,,
hidup di negeri asing bukanlah sekadar soal meniti karier mengejar impian atau membangun hidup yg lebih baik hidup di negeri asing adalah jg ttg membawa nama indonesia ke panggung dunia dan lebih dr itu pula adalah ttg membuka jalan kesempatan bg sesama anak bangsa,fasilitas,,
hidup di negeri asing bukanlah sekadar soal meniti karier mengejar impian atau membangun hidup yg lebih baik hidup di negeri asing adalah jg ttg membawa nama indonesia ke panggung dunia dan lebih dr itu pula adalah ttg membuka jalan kesempatan bg sesama anak bangsa,aksesibilitas,,
hai sobat migran aceh langkah strategis terus ditempuh bpmi aceh menjajaki kolaborasi dengan universitas syiah kuala untuk menyosialisasikan peluang kerja ke luar negeri secara prosedural dan aman kepada civitas akademika tcoumskdpoj,biaya,,
hai sobat migran aceh langkah strategis terus ditempuh bpmi aceh menjajaki kolaborasi dengan universitas syiah kuala untuk menyosialisasikan peluang kerja ke luar negeri secara prosedural dan aman kepada civitas akademika tcoumskdpoj,fasilitas,,
hai sobat migran aceh langkah strategis terus ditempuh bpmi aceh menjajaki kolaborasi dengan universitas syiah kuala untuk menyosialisasikan peluang kerja ke luar negeri secara prosedural dan aman kepada civitas akademika tcoumskdpoj,pelayanan,,
nggak heran banyak orang indo yang lebih milih berobat keluar negeri daripada di indo selisih harganya juga jauh banget tcodqcgngzgfc,biaya,,
nggak heran banyak orang indo yang lebih milih berobat keluar negeri daripada di indo selisih harganya juga jauh banget tcodqcgngzgfc,aksesibilitas,,
indonesia terbuka untuk rumah sakit asing tenaga medis jadi perhatian tcokavdgszda,fasilitas,,
indonesia terbuka untuk rumah sakit asing tenaga medis jadi perhatian tcokavdgszda,pelayanan,,
indonesia terbuka untuk rumah sakit asing tenaga medis jadi perhatian tcokavdgszda,aksesibilitas,,
pulang kampung ke korea selatan inkyun sekalian terapi tcoraxgpfp tcoljfntgwl,pelayanan,,
pulang kampung ke korea selatan inkyun sekalian terapi tcoraxgpfp tcoljfntgwl,aksesibilitas,,
pdhl keinginan awalnya sederhana keliling dunia sambil meraup dollar krn tak tahan lagi ia dan kawannya mencoba kabur dengan loncat ke laut ujung pelarian itu berakhir naas sekalipun akhirnya ia ttp direpatriasi bersama abk lain selengkapnya tcofocrgsvmq,fasilitas,,
terobosan baru pariaman program internasional unas pasim buka peluang kerja di kapal pesiar dan jepang via tcovrrjgkrm,biaya,,
terobosan baru pariaman program internasional unas pasim buka peluang kerja di kapal pesiar dan jepang via tcovrrjgkrm,fasilitas,,
terobosan baru pariaman program internasional unas pasim buka peluang kerja di kapal pesiar dan jepang via tcovrrjgkrm,pelayanan,,
lhabeliau sendiri berobat ke luar negeri tcoraukrdj,general,,
bunyi macam kerja gila tetapi demi pengalaman balik kampung yang berbeza dan lebih bermakna dua rakyat malaysia ini sanggup meredah perjalanan sejauh kilometer melalui jalan darat untuk pulang berhari raya bersamasama dengan keluarga di tanah air tcogzvyz,biaya,,
bunyi macam kerja gila tetapi demi pengalaman balik kampung yang berbeza dan lebih bermakna dua rakyat malaysia ini sanggup meredah perjalanan sejauh kilometer melalui jalan darat untuk pulang berhari raya bersamasama dengan keluarga di tanah air tcogzvyz,fasilitas,,
bunyi macam kerja gila tetapi demi pengalaman balik kampung yang berbeza dan lebih bermakna dua rakyat malaysia ini sanggup meredah perjalanan sejauh kilometer melalui jalan darat untuk pulang berhari raya bersamasama dengan keluarga di tanah air tcogzvyz,pelayanan,,
bunyi macam kerja gila tetapi demi pengalaman balik kampung yang berbeza dan lebih bermakna dua rakyat malaysia ini sanggup meredah perjalanan sejauh kilometer melalui jalan darat untuk pulang berhari raya bersamasama dengan keluarga di tanah air tcogzvyz,aksesibilitas,,
di situ dia juga mengejek orang yang punya aspirasi pengen tinggal di luar negeri sayangnya acap kali di luar negeri di negara yang sedikit penduduk dan luas tapi makmur hidup untuk berdeterminasi di sana memang mudah orang gak segera keluar karena memikirkan keluarga,pelayanan,,
di situ dia juga mengejek orang yang punya aspirasi pengen tinggal di luar negeri sayangnya acap kali di luar negeri di negara yang sedikit penduduk dan luas tapi makmur hidup untuk berdeterminasi di sana memang mudah orang gak segera keluar karena memikirkan keluarga,aksesibilitas,,
ᅠ ᅠ ᅠᅠᅠ saya bakalan berkunjung kalau saya masih diberikan kesempatan untuk datang ke sini ia ulurkan tangannya untuk menerima obatobatan yang diberikan kepadanya lantas beranjak dari tempatnya duduk untuk berpamitan bumi izin pamit ᅠ ᅠ ᅠ,general,,
ada juta orang indonesia yang pergi ke luar negeri untuk berobat tiap tahun sehingga indonesia rugi rp triliun solusinya yg tepat bukan membangun r internasional akar masalahnya sistem kesehatan publik di indonesia itu perlu direformasi agar berkualitas amp terjangkau tcoeglodcepd,biaya,,
ada juta orang indonesia yang pergi ke luar negeri untuk berobat tiap tahun sehingga indonesia rugi rp triliun solusinya yg tepat bukan membangun r internasional akar masalahnya sistem kesehatan publik di indonesia itu perlu direformasi agar berkualitas amp terjangkau tcoeglodcepd,fasilitas,,
ada juta orang indonesia yang pergi ke luar negeri untuk berobat tiap tahun sehingga indonesia rugi rp triliun solusinya yg tepat bukan membangun r internasional akar masalahnya sistem kesehatan publik di indonesia itu perlu direformasi agar berkualitas amp terjangkau tcoeglodcepd,aksesibilitas,,
ada juta orang indonesia yang pergi ke luar negeri untuk berobat tiap tahun sehingga indonesia rugi rp triliun solusinya yg tepat bukan membangun r internasional akar masalahnya sistem kesehatan publik di indonesia itu perlu direformasi agar berkualitas amp terjangkau tcoeglodcepd,kualitas_diagnosis,,
klia kelihatan mulai sibuk dengan pengembara yang ingin ke luar negara dan destinasi tempatan antara destinasi luar negara yang dipaparkan adalah ho chi minh city jakarta manila dan surabaya thivyamalini ramalu bernama tcosfluunwfn,general,,
ini bagus banget tulisannya terimakasih mbak dewi menambahkan kenapa diaspora indonesia tidak banyak melanglang buana v india vietnam bahkan kalah dari malaysia dulu sejak orde baru ada kebijakan bayar juta setiap pergi ke luar negeri tcowuyiolppb,biaya,,
ini bagus banget tulisannya terimakasih mbak dewi menambahkan kenapa diaspora indonesia tidak banyak melanglang buana v india vietnam bahkan kalah dari malaysia dulu sejak orde baru ada kebijakan bayar juta setiap pergi ke luar negeri tcowuyiolppb,fasilitas,,
ini bagus banget tulisannya terimakasih mbak dewi menambahkan kenapa diaspora indonesia tidak banyak melanglang buana v india vietnam bahkan kalah dari malaysia dulu sejak orde baru ada kebijakan bayar juta setiap pergi ke luar negeri tcowuyiolppb,aksesibilitas,,
satu dari juta orang indonesa yang masihmemilihberobatkeluarnegeri itu inisialnya lbp,general,,
jangan sedikit seikit berobat ke luar negeri ujar susilo bambang yudhoyono senin oktober wib tcokjvmitxf,general,,
kehilangan ija rupanya sandiwara larikan diri ke negara jiran artikel penuh tcopokjgto the malaysian update tconiwrozzd,general,,
syafaakallah syifaan ajilan ustadz arifin ilham semoga allah angkat segera penyakitnyaallahu ma akumamien yaa rabbal arsyil azhiim tinggalkan rscm arifin ilham diterbangkan ke penang malaysia tcombeneeytnw,fasilitas,,
ᅠ ᅠ ᅠᅠᅠ di sana ia disambut hangat dirawat penuh kasih diasuh layaknya anak sendiri diberi perlindungan senyaman mungkin namun terkadang dirinya masih enggan untuk menerima hidupnya jauh dari ketenangan sejak malam ia terbentur keadaan ᅠ ᅠ ᅠ,pelayanan,,
ᅠ ᅠ ᅠᅠᅠ di sana ia disambut hangat dirawat penuh kasih diasuh layaknya anak sendiri diberi perlindungan senyaman mungkin namun terkadang dirinya masih enggan untuk menerima hidupnya jauh dari ketenangan sejak malam ia terbentur keadaan ᅠ ᅠ ᅠ,aksesibilitas,,
kebijakan pemerintah memberi karpet merah bagi rumah sakit asing untuk beroperasi di indonesia mengundang berbagai pertanyaan dan keraguan apakah ini solusi efektif menekan jumlah wni yang berobat ke luar negeri atau berwisata medis menko pembangunan manusia dan kebudayaan tcoovqkmmdyj,fasilitas,,
kebijakan pemerintah memberi karpet merah bagi rumah sakit asing untuk beroperasi di indonesia mengundang berbagai pertanyaan dan keraguan apakah ini solusi efektif menekan jumlah wni yang berobat ke luar negeri atau berwisata medis menko pembangunan manusia dan kebudayaan tcoovqkmmdyj,pelayanan,,
kebijakan pemerintah memberi karpet merah bagi rumah sakit asing untuk beroperasi di indonesia mengundang berbagai pertanyaan dan keraguan apakah ini solusi efektif menekan jumlah wni yang berobat ke luar negeri atau berwisata medis menko pembangunan manusia dan kebudayaan tcoovqkmmdyj,aksesibilitas,,
dikejar ke luar negeri eks stafsus nadiem jadi tersangka orang sakit jantung tcoadgqdkum,biaya,,
dikejar ke luar negeri eks stafsus nadiem jadi tersangka orang sakit jantung tcoadgqdkum,fasilitas,,
dikejar ke luar negeri eks stafsus nadiem jadi tersangka orang sakit jantung tcoadgqdkum,pelayanan,,
semua kesaksian itu diberikan selama mereka berada di busan korea selama hari setelah pindah kapal salah satu abk juga ada yang merasa sakit di bagian dada dirawat di busan tapi hari setelahnya meninggal dunia ada satu lembaga yg lapor ke polisi laut soal hal ini,pelayanan,,
semua kesaksian itu diberikan selama mereka berada di busan korea selama hari setelah pindah kapal salah satu abk juga ada yang merasa sakit di bagian dada dirawat di busan tapi hari setelahnya meninggal dunia ada satu lembaga yg lapor ke polisi laut soal hal ini,kualitas_diagnosis,,
ㅤ ㅤㅤ ㅤ ㅤ ㅤ tak ada yang mengira kondisinya akan seburuk ini tak lama kemudian ambulans tiba dengan cepat erlangga dipindahkan ke tandu dan dibawa ke luar gedung menuju mobil ambulans yang sudah menunggu ㅤ ㅤㅤ ㅤ ㅤ ㅤ,fasilitas,,
ㅤ ㅤㅤ ㅤ ㅤ ㅤ tak ada yang mengira kondisinya akan seburuk ini tak lama kemudian ambulans tiba dengan cepat erlangga dipindahkan ke tandu dan dibawa ke luar gedung menuju mobil ambulans yang sudah menunggu ㅤ ㅤㅤ ㅤ ㅤ ㅤ,pelayanan,,
jadi saat ada kesempatan pekerja indonesia ini singgah ke busan korea untuk meminta pertolongan masyarakat internasional mereka nunjukin videobukti rekaman dari rekan abknya yang meninggal karena sakit lalu mayatnya dibuang ke laut oleh kapal tersebut,biaya,,
jadi saat ada kesempatan pekerja indonesia ini singgah ke busan korea untuk meminta pertolongan masyarakat internasional mereka nunjukin videobukti rekaman dari rekan abknya yang meninggal karena sakit lalu mayatnya dibuang ke laut oleh kapal tersebut,fasilitas,,
jadi saat ada kesempatan pekerja indonesia ini singgah ke busan korea untuk meminta pertolongan masyarakat internasional mereka nunjukin videobukti rekaman dari rekan abknya yang meninggal karena sakit lalu mayatnya dibuang ke laut oleh kapal tersebut,pelayanan,,
jadi saat ada kesempatan pekerja indonesia ini singgah ke busan korea untuk meminta pertolongan masyarakat internasional mereka nunjukin videobukti rekaman dari rekan abknya yang meninggal karena sakit lalu mayatnya dibuang ke laut oleh kapal tersebut,aksesibilitas,,
kenapa kita gak lihat fakta ini ada di masyarakat kita ada mereka yg butuh dan terbentur biaya utk keluar negeri knp bisa berobat atau tidak dibatasi kita punya uang ke luar negeri atau tidak apa hanya orang kaya yg boleh sehat di mana negara capek,biaya,,
alhamdulillah ustadz arifin ilham sudah dibolehkan pulang dari r penang tcobutotddb,aksesibilitas,,
pak selain masalah gedung ada masalah krusial lain yang membuat orang indonesia berobat ke luar negeri kualitas dokter dan manajemen rumah sakit tconmmrpw,fasilitas,,
pak selain masalah gedung ada masalah krusial lain yang membuat orang indonesia berobat ke luar negeri kualitas dokter dan manajemen rumah sakit tconmmrpw,pelayanan,,
pak selain masalah gedung ada masalah krusial lain yang membuat orang indonesia berobat ke luar negeri kualitas dokter dan manajemen rumah sakit tconmmrpw,aksesibilitas,,
pak selain masalah gedung ada masalah krusial lain yang membuat orang indonesia berobat ke luar negeri kualitas dokter dan manajemen rumah sakit tconmmrpw,kualitas_diagnosis,,
sama kek mulyono gencar promosi utk berobat di dlm negeri eh menterinya sendiri si luhut malah berobat di luar negeri emang satu negara mentalnya inlander,general,,
sama kayak perawat lulusan perawat indo bahkan yg s dari kampus ternama gaakan bisa kerja diluar sebagai ners kecuali ngambil nclex adapun yg bisa kerja diluar itu bukan sebagai ners melainkan asisten ners tapi sisi baiknya mereka tetep digaji lebih layak daripd di indo,biaya,,
sama kayak perawat lulusan perawat indo bahkan yg s dari kampus ternama gaakan bisa kerja diluar sebagai ners kecuali ngambil nclex adapun yg bisa kerja diluar itu bukan sebagai ners melainkan asisten ners tapi sisi baiknya mereka tetep digaji lebih layak daripd di indo,fasilitas,,
sama kayak perawat lulusan perawat indo bahkan yg s dari kampus ternama gaakan bisa kerja diluar sebagai ners kecuali ngambil nclex adapun yg bisa kerja diluar itu bukan sebagai ners melainkan asisten ners tapi sisi baiknya mereka tetep digaji lebih layak daripd di indo,pelayanan,,
agustiani tio dicekal ke luar negeri padahal mau berobat kanker guntur romli kpk tidak berperikemanusiaan tcobiddeymye,kualitas_diagnosis,,
kemendagri gubernur anies baswedan telah mengantongi izin untuk memperpanjang waktu kunjungan ke luar negeri jadi tidak ada masalah selama sudah izin dan disetujui tcovvzjvsei,kualitas_diagnosis,,
a trip to singapore ini based on my personal trip bakal bukaan tentang harga transportasi makanan tempat wisata letak dan kondisi geografis apapun deh barangkali yang mau kesini sedikit bisa kukasih gambaran kalo ada saran gitu just let me know tcofklqqljv,biaya,,
a trip to singapore ini based on my personal trip bakal bukaan tentang harga transportasi makanan tempat wisata letak dan kondisi geografis apapun deh barangkali yang mau kesini sedikit bisa kukasih gambaran kalo ada saran gitu just let me know tcofklqqljv,fasilitas,,
a trip to singapore ini based on my personal trip bakal bukaan tentang harga transportasi makanan tempat wisata letak dan kondisi geografis apapun deh barangkali yang mau kesini sedikit bisa kukasih gambaran kalo ada saran gitu just let me know tcofklqqljv,pelayanan,,
a trip to singapore ini based on my personal trip bakal bukaan tentang harga transportasi makanan tempat wisata letak dan kondisi geografis apapun deh barangkali yang mau kesini sedikit bisa kukasih gambaran kalo ada saran gitu just let me know tcofklqqljv,aksesibilitas,,
รววทรปไปด f ครงแรก ท singapore gp แบบไปดคนเดยว พรอมแจงคาใชจายและtips ตางๆ ยาวนดนงแตคดวามประโยชนสำหรบคนหาขอมลเผอไปในอนาคต ตอเปนเธรดใหนะคะเพราะมรปดวย tcozbbjjsdwvh,general,,
kali kedua ke singapur baru kali ini jalan kaki nyusurin kotanya vibesnya melbourne banget harganya juga kota yang packed walkable dari satu bangunan ke bangunan lain tanpa sekat bisa dilalui siapa saja dan bukan cuma dilewati tapi kotanya bisa dinikmati tcorcfxeggr,biaya,,
kali kedua ke singapur baru kali ini jalan kaki nyusurin kotanya vibesnya melbourne banget harganya juga kota yang packed walkable dari satu bangunan ke bangunan lain tanpa sekat bisa dilalui siapa saja dan bukan cuma dilewati tapi kotanya bisa dinikmati tcorcfxeggr,pelayanan,,
jasa pindahan di singapore timnya datang menit lebih awal semua barang diwrap dengan rapi diantar ke lokasi tujuan barang diunwrap dan ditata di tempat semestinya prosesnya rapi smooth gak ada lecet sama sekali tcozafdhfntl,pelayanan,,
jasa pindahan di singapore timnya datang menit lebih awal semua barang diwrap dengan rapi diantar ke lokasi tujuan barang diunwrap dan ditata di tempat semestinya prosesnya rapi smooth gak ada lecet sama sekali tcozafdhfntl,aksesibilitas,,
kejadian di india ada seorang warga india dia x ray paru paru lepas tu doctor cakap ada lipas dalam paru paru doctor suruh pergi singapore untuk operation keluarkan lipas tadi sampai saja singapore doctor singapore cakap dalam paru paru tiada apa apa pun yang merunsingkan tcobavoydga,pelayanan,,
kejadian di india ada seorang warga india dia x ray paru paru lepas tu doctor cakap ada lipas dalam paru paru doctor suruh pergi singapore untuk operation keluarkan lipas tadi sampai saja singapore doctor singapore cakap dalam paru paru tiada apa apa pun yang merunsingkan tcobavoydga,aksesibilitas,,
terima kasih sudah memberi contoh world class service and care dalam kasus turbulence sq mei lalu update teratur di fb mengenai kondisi pasien di rumah sakit di bangkok bayar kompensasi bahkan refund ticket semua passenger two thumb up tcoxwxyiawtr,biaya,,
terima kasih sudah memberi contoh world class service and care dalam kasus turbulence sq mei lalu update teratur di fb mengenai kondisi pasien di rumah sakit di bangkok bayar kompensasi bahkan refund ticket semua passenger two thumb up tcoxwxyiawtr,fasilitas,,
terima kasih sudah memberi contoh world class service and care dalam kasus turbulence sq mei lalu update teratur di fb mengenai kondisi pasien di rumah sakit di bangkok bayar kompensasi bahkan refund ticket semua passenger two thumb up tcoxwxyiawtr,pelayanan,,
dok buat para dokter drdrhdrg kalau belum bisa residen di indonesia mari kita usahakan residen di singapura yang penting bisa bahasa inggris dan lolo te saringan masuk tcojsegppzx,pelayanan,,
dok buat para dokter drdrhdrg kalau belum bisa residen di indonesia mari kita usahakan residen di singapura yang penting bisa bahasa inggris dan lolo te saringan masuk tcojsegppzx,aksesibilitas,,
aku skrg kerja di perusahaan sg yg fokusnya bantu orang indo yg mau berobat di sg dan penang yang bikin mereka move dari berobat di indo tuh bukan perkara dokternya tp perlakuan r nya mereka ngeluh di harga yg ga ngotak jauh lbh murah di penang dan experience lainnya,biaya,,
aku skrg kerja di perusahaan sg yg fokusnya bantu orang indo yg mau berobat di sg dan penang yang bikin mereka move dari berobat di indo tuh bukan perkara dokternya tp perlakuan r nya mereka ngeluh di harga yg ga ngotak jauh lbh murah di penang dan experience lainnya,pelayanan,,
aku skrg kerja di perusahaan sg yg fokusnya bantu orang indo yg mau berobat di sg dan penang yang bikin mereka move dari berobat di indo tuh bukan perkara dokternya tp perlakuan r nya mereka ngeluh di harga yg ga ngotak jauh lbh murah di penang dan experience lainnya,aksesibilitas,,
gibran bukan satrio piningit gibran tidak cerdas dan tidak sehat dia ke singapura bukan untuk belajar tapi untuk berobat pengalaman politik belum teruji dia tidak tahu kebutuhan indonesia masa depan tcopdfzctsbew,pelayanan,,
gibran bukan satrio piningit gibran tidak cerdas dan tidak sehat dia ke singapura bukan untuk belajar tapi untuk berobat pengalaman politik belum teruji dia tidak tahu kebutuhan indonesia masa depan tcopdfzctsbew,aksesibilitas,,
gibran bukan satrio piningit gibran tidak cerdas dan tidak sehat dia ke singapura bukan untuk belajar tapi untuk berobat pengalaman politik belum teruji dia tidak tahu kebutuhan indonesia masa depan tcopdfzctsbew,kualitas_diagnosis,,
karena ini pertama kalinya bikin thread mohon dimaklumi ya kalo berantakan banyak dm yg nanyain gimana caranya kerja ke singaporesg ka apa nama pt nya ka aku mau ngasih tau ke kalian kalo aku masih prose ke sg ya untuk masalah kerjaan di sg itu ada dua yaitu,kualitas_diagnosis,,
itu singapore skrng sudah anggep covid kaya flu biasa pelajari ini dulu ndan singapore termasuk negara yg disiplin baik pemerintahnya dan warganya apalagi soal prokes selama ini program vaksinasi berjalan lancar faskesnya lengkap dan mumpuni,biaya,,
itu singapore skrng sudah anggep covid kaya flu biasa pelajari ini dulu ndan singapore termasuk negara yg disiplin baik pemerintahnya dan warganya apalagi soal prokes selama ini program vaksinasi berjalan lancar faskesnya lengkap dan mumpuni,fasilitas,,
gile sindikat perdagangan bayi ke singapura yang telah beroperasi sejak bayi dirawat di bandung lalu dikirim ke jakarta sebelum dibawa ke pontianak untuk dibuatkan dokumen keimigrasian termasuk paspor setelah dokumen lengkap bayi diterbangkan ke singapura tcoeyabnra,pelayanan,,
singapore edition tw ini menurut pengalaman pribadi tahun lalu banyak hal berubah jd tolong disesuaikan sendiri ini cuma berlaku untuk yang emang udah ada kemauan pergi kalo masi galau or emg ada keperluan spt menjaga orang tua dahulukan,fasilitas,,
singapore edition tw ini menurut pengalaman pribadi tahun lalu banyak hal berubah jd tolong disesuaikan sendiri ini cuma berlaku untuk yang emang udah ada kemauan pergi kalo masi galau or emg ada keperluan spt menjaga orang tua dahulukan,pelayanan,,
singapore edition tw ini menurut pengalaman pribadi tahun lalu banyak hal berubah jd tolong disesuaikan sendiri ini cuma berlaku untuk yang emang udah ada kemauan pergi kalo masi galau or emg ada keperluan spt menjaga orang tua dahulukan,aksesibilitas,,
ah jadi teringat musim panas kemarin gw habisin waktu bulan di indo pertengahan januari gw balik ke malang ketemu ortu hari terakhir di malang diberitau bapak mertua dilarikan ke igd pecah pembuluh darah di otak gw sekeluarga balik ke jakarta besoknya langsung ke igd,general,,
trip to singapore disclaimer disini aku cuma sharing beberapa hal terkait trip ke sg untuk rekomendasi tempat aku share sesuai yang aku visit aja ya a thread tcobhfzfli,pelayanan,,
greeting from where colleague and i are on a week long working visit there is much to learn from this country amp it development strategy i have often wondered why emulating this country bothered s detractor so much now i get to see amp learn first hand tcoofyncigcs,fasilitas,,
สรปคาใชจายทงหมด วน คน คตบ บาท บตรคอน บาท รวมคากด โรงแรม บาท หอง คาเดนทาง บาท ใชแตรถไฟเดน คาโรมมงdtac บาท บาท ไมรวมคาชอปคากน แตแบบมนคมมากอะทไดจบมอเมนตวเอง tcopgabpzshce,general,,
case ketiga saya bertemu seorang bapak penjual gerobak keliling case ini bikin saya sedih mengaku dipaksa berhubungan dengan sebut saja wanita malam oleh temantemannya alias diajakin hadiah dari hubungan tersebut adalah penyakit kelamin tentunya sebut saja sipilis raja,fasilitas,,
case ketiga saya bertemu seorang bapak penjual gerobak keliling case ini bikin saya sedih mengaku dipaksa berhubungan dengan sebut saja wanita malam oleh temantemannya alias diajakin hadiah dari hubungan tersebut adalah penyakit kelamin tentunya sebut saja sipilis raja,pelayanan,,
hiii guy aku sudah sampe di singaporeee besok interview amp aptitude test di nu bismillaaah doakan semuaa tcouxyymbn,kualitas_diagnosis,,
saya uda menetap di singapore sejak an kdg msh bolak balik indonesia sampai full keluarga di singapore krg lbh an sampai skrg kadang org membayangkan yg jauh indah dan lainnya tapi bedakan antara mampir dan tinggal tidak seindah yg di bayangkan,aksesibilitas,,
you asked i kept my promise i m here singapore tcoaycfgcjit,general,,
info kes utk saraf kejepit beliau bernama bp tek seng bos arena ban sby ceritanya beliau kena saraf kejepit di lehernya lalu berobat ke singapore dan sembuh diajari gerakan ini oleh dokter singapore sana semoga bermanfaat yah sob tcofuibcubxch,pelayanan,,
sistem kesehatan di singapura sistem kesehatan singapura sering jadi rujukan dunia dengan populasi juta negara ini punya layanan kesehatan yang efisien modern dan terjangkau apa rahasianya yuk kita bahas uta tcowvrisqumnt,biaya,,
sistem kesehatan di singapura sistem kesehatan singapura sering jadi rujukan dunia dengan populasi juta negara ini punya layanan kesehatan yang efisien modern dan terjangkau apa rahasianya yuk kita bahas uta tcowvrisqumnt,fasilitas,,
sistem kesehatan di singapura sistem kesehatan singapura sering jadi rujukan dunia dengan populasi juta negara ini punya layanan kesehatan yang efisien modern dan terjangkau apa rahasianya yuk kita bahas uta tcowvrisqumnt,pelayanan,,
sistem kesehatan di singapura sistem kesehatan singapura sering jadi rujukan dunia dengan populasi juta negara ini punya layanan kesehatan yang efisien modern dan terjangkau apa rahasianya yuk kita bahas uta tcowvrisqumnt,kualitas_diagnosis,,
cerita pasien saya hari ini lakilaki usia tahunan diantar anakanaknya yg terlihat berpenampilan berkelas glowing kata anakanak muda terbaring lemah di brankar pasien dgn posisi tubuh sudah melengkung kuru tidak terurus tubuh bagian kanannya tampak layu spt,fasilitas,,
waktu itu dia cerita ttg pengalaman istrinya saat berobat ke singapura,pelayanan,,
kiky saputri ceritakan pengalaman mertuanya yang berobat ke singapura setelah merasa penyakitnya tidak kunjung sembuh setelah ditangani di indonesia tcofoangnzpn,pelayanan,,
kiky saputri ceritakan pengalaman mertuanya yang berobat ke singapura setelah merasa penyakitnya tidak kunjung sembuh setelah ditangani di indonesia tcofoangnzpn,aksesibilitas,,
hari ini saya mendapat kehormatan untuk melakukan kunjungan kenegaraan ke republik singapura setibanya di gedung parlemen singapura saya disambut secara resmi oleh presiden tharman shanmugaratnam jajaran delegasi parlemen singapura serta pasukan jajar kehormatan dalam tcovypfjxrvx,fasilitas,,
setengah bulan di singapore sholat di apart selama ini guasalaharahkiblat,kualitas_diagnosis,,
kementerian kesehatan singapura moh mengonfirmasi satu kasus polio impor pasiennya adalah bayi perempuan berusia lima bulan asal indonesia ia tiba di singapura pada januari untuk pengobatan bayi dengan system kekebalan yang lemah ini sebenarnya sudah mendapat satu tcofwrfytyv,aksesibilitas,,
kementerian kesehatan singapura moh mengonfirmasi satu kasus polio impor pasiennya adalah bayi perempuan berusia lima bulan asal indonesia ia tiba di singapura pada januari untuk pengobatan bayi dengan system kekebalan yang lemah ini sebenarnya sudah mendapat satu tcofwrfytyv,kualitas_diagnosis,,
pengalaman renaldo berobat ke singapura dijemput pakai vellfire tcojizzktulno tcoysikdgumum,pelayanan,,
mencari pengalaman selama berobat ke singapura simak pengalaman mereka di reader digest indonesia edisi maret,pelayanan,,
mencari pengalaman selama berobat ke singapura simak pengalaman mereka di reader digest indonesia edisi maret,aksesibilitas,,
simak pengalaman mereka yang pernah berobat ke singapura baca di reader digest indonesia edisi maret,pelayanan,,
simak pengalaman mereka yang pernah berobat ke singapura baca di reader digest indonesia edisi maret,aksesibilitas,,
haritu terjumpa sorg baru grad medic um tanya nk ho mana bro opt for singapore weh dia ckp almost half um grad decide pergi singapore aku ckp good choice bro bagus betul diaorg dpt insight awalif other ipta pun boleh apply direct to singapore aku rasa mmg tkde ho lah nnti,fasilitas,,
haritu terjumpa sorg baru grad medic um tanya nk ho mana bro opt for singapore weh dia ckp almost half um grad decide pergi singapore aku ckp good choice bro bagus betul diaorg dpt insight awalif other ipta pun boleh apply direct to singapore aku rasa mmg tkde ho lah nnti,aksesibilitas,,
singapore pecah telur dua orang meninggal salah satunya adalah wni yang ke singapura mencari perawatan setelah sempat dirawat di indonesia dan bahkan tidak dites baru dites positif setibanya di singapura tcojbqfcrke tcoqqoxgwxsgn,pelayanan,,
singapore pecah telur dua orang meninggal salah satunya adalah wni yang ke singapura mencari perawatan setelah sempat dirawat di indonesia dan bahkan tidak dites baru dites positif setibanya di singapura tcojbqfcrke tcoqqoxgwxsgn,aksesibilitas,,
singapore pecah telur dua orang meninggal salah satunya adalah wni yang ke singapura mencari perawatan setelah sempat dirawat di indonesia dan bahkan tidak dites baru dites positif setibanya di singapura tcojbqfcrke tcoqqoxgwxsgn,kualitas_diagnosis,,
pengalaman renaldo berobat ke singapura dijemput pakai vellfire tcopspyibjby tcoxzoeijd,pelayanan,,
di sini kita bisa bebas demo anjingin presiden dll di singapura kemarin ini ada mahasiswa nu singapore ditangkapin krna demo disana diserbu sama polisi ke dorm kampus tempat tinggal lalu ditangkap padahal masih ada yg lagi belajar untuk ujian barang disita tcokyigvgq,kualitas_diagnosis,,
gwe sangat merekomendasikan singapore a your first overseas concert guy literally everything is ez pz and very organize hehe gue orgnya panikan amp perfectionist bgt u know lah kalo gwe ngoms gini artinya apa yaaaa bahkan pesen grab di venue ke hotel itu kek yauda kek,fasilitas,,
gwe sangat merekomendasikan singapore a your first overseas concert guy literally everything is ez pz and very organize hehe gue orgnya panikan amp perfectionist bgt u know lah kalo gwe ngoms gini artinya apa yaaaa bahkan pesen grab di venue ke hotel itu kek yauda kek,pelayanan,,
main ke singapore kak daerah orchard bukit timah sentosa dan beberapa kawasan ekslusif di singapore timur yg dkt bandara nanti ketemu org indo yg kaya atau atas nama perusahaan dr indo hehe siapa tau ada buronan,biaya,,
cuitan kiky saputri viral mengisahkan pengalaman mertuanya berobat ke luar negeri ia diketawain dokter singapura gegara stroke kuping kok bisa tconjpkoxzgtk,pelayanan,,
kiky saputri ceritakan pengalaman mertuanya yang berobat ke singapura setelah merasa penyakitnya tidak kunjung sembuh setelah ditangani di indonesia tcopmvhgbjc,pelayanan,,
kiky saputri ceritakan pengalaman mertuanya yang berobat ke singapura setelah merasa penyakitnya tidak kunjung sembuh setelah ditangani di indonesia tcopmvhgbjc,aksesibilitas,,
gibran bukan satrio piningit gibran tidak cerdas dan tidak sehat dia ke singapura bukan untuk belajar tapi untuk berobat pengalaman politik belum teruji dia tidak tahu kebutuhan indonesia masa depan tcoexrhpqrv,pelayanan,,
gibran bukan satrio piningit gibran tidak cerdas dan tidak sehat dia ke singapura bukan untuk belajar tapi untuk berobat pengalaman politik belum teruji dia tidak tahu kebutuhan indonesia masa depan tcoexrhpqrv,aksesibilitas,,
gibran bukan satrio piningit gibran tidak cerdas dan tidak sehat dia ke singapura bukan untuk belajar tapi untuk berobat pengalaman politik belum teruji dia tidak tahu kebutuhan indonesia masa depan tcoexrhpqrv,kualitas_diagnosis,,
ada bos besar demam berdarah berobat ke singapura malah ninggal pdhl di indonesia lebih pengalaman soal demam berdarah ini saya baca di fb pak dahlan iskan,pelayanan,,
ada bos besar demam berdarah berobat ke singapura malah ninggal pdhl di indonesia lebih pengalaman soal demam berdarah ini saya baca di fb pak dahlan iskan,aksesibilitas,,
ᅠᅠ ᅠ ᅠ day meratapi capeknya menerjang kemacetan jakarta pulangpulang langsung 𝘮𝘪𝘨𝘳𝘢𝘪𝘯 maklum sudah terbiasa dengan jalanan surabaya yang cukup lengang jakarta macetnya ampunampunan ᅠᅠ ᅠ ᅠ tcofftilawpr,aksesibilitas,,
doktor kita ada skill tinggi buktinya kelmarin para doktor di hospital sultanah zahirah cipta sejarah bila perform neurosurgery pada pesakit yang kena sawan dalam keadaan sedar conscious tapi kita lebih sanggup tengok singapura rekrut doktor kita secara besarbesaran,fasilitas,,
doktor kita ada skill tinggi buktinya kelmarin para doktor di hospital sultanah zahirah cipta sejarah bila perform neurosurgery pada pesakit yang kena sawan dalam keadaan sedar conscious tapi kita lebih sanggup tengok singapura rekrut doktor kita secara besarbesaran,pelayanan,,
itu spesialis apa saya pengalaman dg dr sp jantung dan dr sp mata yg kalo boleh blakan ga punya etika sbg seorang berpendidikan dan bersinas di pelayanan masy pokoknya hopeless lah moral amp etika dr ri ngertilah kno org kaya milih berobat ke singapura china dll,biaya,,
itu spesialis apa saya pengalaman dg dr sp jantung dan dr sp mata yg kalo boleh blakan ga punya etika sbg seorang berpendidikan dan bersinas di pelayanan masy pokoknya hopeless lah moral amp etika dr ri ngertilah kno org kaya milih berobat ke singapura china dll,fasilitas,,
itu spesialis apa saya pengalaman dg dr sp jantung dan dr sp mata yg kalo boleh blakan ga punya etika sbg seorang berpendidikan dan bersinas di pelayanan masy pokoknya hopeless lah moral amp etika dr ri ngertilah kno org kaya milih berobat ke singapura china dll,pelayanan,,
itu spesialis apa saya pengalaman dg dr sp jantung dan dr sp mata yg kalo boleh blakan ga punya etika sbg seorang berpendidikan dan bersinas di pelayanan masy pokoknya hopeless lah moral amp etika dr ri ngertilah kno org kaya milih berobat ke singapura china dll,aksesibilitas,,
dari istri mantan presiden sampai menteri berobatnya ke singapura hehe kok masih tanya rakyat berobat keluar negeri kenapa dan dari pengalaman pribadi memang beda banget disini dengan di singapura mulai dari diagnosa dan penanganan,biaya,,
dari istri mantan presiden sampai menteri berobatnya ke singapura hehe kok masih tanya rakyat berobat keluar negeri kenapa dan dari pengalaman pribadi memang beda banget disini dengan di singapura mulai dari diagnosa dan penanganan,fasilitas,,
dari istri mantan presiden sampai menteri berobatnya ke singapura hehe kok masih tanya rakyat berobat keluar negeri kenapa dan dari pengalaman pribadi memang beda banget disini dengan di singapura mulai dari diagnosa dan penanganan,pelayanan,,
dari istri mantan presiden sampai menteri berobatnya ke singapura hehe kok masih tanya rakyat berobat keluar negeri kenapa dan dari pengalaman pribadi memang beda banget disini dengan di singapura mulai dari diagnosa dan penanganan,kualitas_diagnosis,,
kiky saputri ceritakan pengalaman mertuanya yang berobat ke singapura setelah merasa penyakitnya tidak kunjung sembuh setelah ditangani di indonesia tcogpfdlnsn,pelayanan,,
kiky saputri ceritakan pengalaman mertuanya yang berobat ke singapura setelah merasa penyakitnya tidak kunjung sembuh setelah ditangani di indonesia tcogpfdlnsn,aksesibilitas,,
jangan pernah meminta aborsi di negara yang aborsi ilegal kasihan dokter rumah sakitnya bisa kena hukum karena kelalaian kamu sendiri dan jangan pernah cobacoba aborsi sendiri kalo memang uangnya banyak lebih baik ke luar negeri yang melegalkan aborsi untuk turis kalo,biaya,,
jangan pernah meminta aborsi di negara yang aborsi ilegal kasihan dokter rumah sakitnya bisa kena hukum karena kelalaian kamu sendiri dan jangan pernah cobacoba aborsi sendiri kalo memang uangnya banyak lebih baik ke luar negeri yang melegalkan aborsi untuk turis kalo,fasilitas,,
jangan pernah meminta aborsi di negara yang aborsi ilegal kasihan dokter rumah sakitnya bisa kena hukum karena kelalaian kamu sendiri dan jangan pernah cobacoba aborsi sendiri kalo memang uangnya banyak lebih baik ke luar negeri yang melegalkan aborsi untuk turis kalo,pelayanan,,
healing atau short escape ke singapore paling praktis transaksi dengan qris antarnegara siapa yang udah pernah cobain,pelayanan,,
july baru menjejakkan kaki di permata buruburu melakukan absen dan belum lima menit mendarat di atas sofa sudah disodori berkas cinta tumpukan riwayat medis pasien menarik nafas panjang tcogbzbapa,pelayanan,,
uang saku kan exc tiket pp juta ke singapur day aja gausah nginep ya paling ke tmpt yg deket plgnya malem kyknya bnyk org yg ke sg tuh day trip klo mau nginep jt mepet blm transport makan sehari apalagi di sg agak mahal utk makan kalo oleh ya gausah gpp,biaya,,
uang saku kan exc tiket pp juta ke singapur day aja gausah nginep ya paling ke tmpt yg deket plgnya malem kyknya bnyk org yg ke sg tuh day trip klo mau nginep jt mepet blm transport makan sehari apalagi di sg agak mahal utk makan kalo oleh ya gausah gpp,aksesibilitas,,
temen admin ada kerjanya disana tapi masih stay di indo krena kerjanya masih remote jdi save uangnya luamayan banget gaji singapure pengeluaran indo kalau stay di singapura keknya savenya gk terlalu banyak dibanding kalau stay di indo,biaya,,
ijazah ga diminta pa rekrutmen tapi diminta sama menteri ketenagakerjaan sg pa mau bikin visa kampusku belom terakreditasi krn lulusan pertama jadi sempet ditolak dengan syarat setelah syarat dipenuhi jadi diterima waktu itu kejarkejaran sama notice perusahaan lama krn,general,,
มคนหลงไมคมาถามเยอะวาทำไงถงไดมาทำงานทสงคโปร คอจรงๆ ตองบอกวามนคอพลงของการ manifesting จรงๆ เรมจากตอนแรกเพอนสนทสมยมหาลยไดงานทสงคโปรกอนตอนมกรา เราเลยบนไปเยยม ละกเกดสปารกไอเดยขนมาวาเออ นาสนก เราเองกอยากมาทำงานทนบาง,general,,
awal kenapa singapur nyokap doi remarried di sg ktm sama bokap tiri abis kt kabur pa kerusuhan dan gue wkt itu balik ke jkt this is important to find your why ini jd semacam anchor aku buat terus berjuang persiapan sekolah yang bener sorry di singapur,biaya,,
awal kenapa singapur nyokap doi remarried di sg ktm sama bokap tiri abis kt kabur pa kerusuhan dan gue wkt itu balik ke jkt this is important to find your why ini jd semacam anchor aku buat terus berjuang persiapan sekolah yang bener sorry di singapur,fasilitas,,
pengalaman renaldo berobat ke singapura dijemput pakai vellfire tcoopiiqmgbjs,pelayanan,,
pengalaman renaldo berobat ke singapura dijemput pakai vellfire tcoszltwr,pelayanan,,
saldo atm pernah tersisa rp ribu denada ceritakan pengalaman temani anak berobat ke singapura tcoszvqna,fasilitas,,
saldo atm pernah tersisa rp ribu denada ceritakan pengalaman temani anak berobat ke singapura tcoszvqna,pelayanan,,
cerita ahok bawa anak berobat ke singapura karena keselek biji salak ahok mengaku memiliki banyak pengalaman httptcopvqseoc,pelayanan,,
kenapa pasien kita cenderung berobat di singapura ini pernah jadi bahan penelitian saya amp dijadikan jurnal resmi pengalaman pribadi ayah saya pun berobat ke sg setelah x ke r di indonesia tidak tahu sakitnya apa amp salah diagnosis monggo yg mau baca tcodcpqklaar,biaya,,
kenapa pasien kita cenderung berobat di singapura ini pernah jadi bahan penelitian saya amp dijadikan jurnal resmi pengalaman pribadi ayah saya pun berobat ke sg setelah x ke r di indonesia tidak tahu sakitnya apa amp salah diagnosis monggo yg mau baca tcodcpqklaar,fasilitas,,
kenapa pasien kita cenderung berobat di singapura ini pernah jadi bahan penelitian saya amp dijadikan jurnal resmi pengalaman pribadi ayah saya pun berobat ke sg setelah x ke r di indonesia tidak tahu sakitnya apa amp salah diagnosis monggo yg mau baca tcodcpqklaar,pelayanan,,
kenapa pasien kita cenderung berobat di singapura ini pernah jadi bahan penelitian saya amp dijadikan jurnal resmi pengalaman pribadi ayah saya pun berobat ke sg setelah x ke r di indonesia tidak tahu sakitnya apa amp salah diagnosis monggo yg mau baca tcodcpqklaar,aksesibilitas,,
kenapa pasien kita cenderung berobat di singapura ini pernah jadi bahan penelitian saya amp dijadikan jurnal resmi pengalaman pribadi ayah saya pun berobat ke sg setelah x ke r di indonesia tidak tahu sakitnya apa amp salah diagnosis monggo yg mau baca tcodcpqklaar,kualitas_diagnosis,,
cerita ahok bawa anak berobat ke singapura karena keselek biji salak ahok mengaku memiliki banyak pengalaman httptconggfinp,pelayanan,,
cerita ahok bawa anak berobat ke singapura karena keselek biji salak ahok mengaku memiliki banyak pengalaman httptcoigfbfk,pelayanan,,
cerita ahok bawa anak berobat ke singapura karena keselek biji salak ahok mengaku memiliki banyak pengalaman httptcoahmcwx,pelayanan,,
cerita ahok bawa anak berobat ke singapura karena keselek biji salak ahok mengaku memiliki banyak pengalaman httptcohhwynqzo,pelayanan,,
wainipengalaman teman kena stroke berobat di r sini konsumsi obat jenis sekali minum ga ada kemajuan berobat ke singapura sama dokter sana obatnya cuman jenis jenis lainnya suplemen semua geleng kepala dokter sana ueeedannn,fasilitas,,
wainipengalaman teman kena stroke berobat di r sini konsumsi obat jenis sekali minum ga ada kemajuan berobat ke singapura sama dokter sana obatnya cuman jenis jenis lainnya suplemen semua geleng kepala dokter sana ueeedannn,pelayanan,,
wainipengalaman teman kena stroke berobat di r sini konsumsi obat jenis sekali minum ga ada kemajuan berobat ke singapura sama dokter sana obatnya cuman jenis jenis lainnya suplemen semua geleng kepala dokter sana ueeedannn,kualitas_diagnosis,,
pengalaman renaldo berobat ke singapura dijemput pakai vellfire tcozkcnay,pelayanan,,
cerita ahok bawa anak berobat ke singapura karena keselek biji salak ahok mengaku memiliki banyak pengalaman httptcovenfpoga,pelayanan,,
pengalaman papa ku dgn dokter di kota ku ntah apa obat yg di kasih gak sembuh beribatbaja tiap bulan di kasih tau temennya diajak berobat ke singapura malah di ketawain obat yg di kasih kmr isi nya vitamin ntah apa lah itu kek gitu dokter yg di kata spesialis mata duitan,biaya,,
pengalaman papa ku dgn dokter di kota ku ntah apa obat yg di kasih gak sembuh beribatbaja tiap bulan di kasih tau temennya diajak berobat ke singapura malah di ketawain obat yg di kasih kmr isi nya vitamin ntah apa lah itu kek gitu dokter yg di kata spesialis mata duitan,pelayanan,,
detikhealth pengalaman renaldo berobat ke singapura dijemput pakai vellfire tcojhopmmed,pelayanan,,
cerita ahok bawa anak berobat ke singapura karena keselek biji salak ahok mengaku memiliki banyak pengalaman httptcoygrkypicy,pelayanan,,
pengalaman renaldo berobat ke singapura dijemput pakai vellfire berita terbaru ada apa hari ini tcoitcjehrbe tcorqwmsosr,pelayanan,,
cerita ahok bawa anak berobat ke singapura karena keselek biji salak ahok mengaku memiliki banyak pengalaman httptcozzuwygvm,pelayanan,,
salah satu provider asuransi kesehatan axa mandiri membuat terobosan baru dengan adanya antar jemput pasien ke rumah sakit tcozluxlzral,biaya,,
salah satu provider asuransi kesehatan axa mandiri membuat terobosan baru dengan adanya antar jemput pasien ke rumah sakit tcozluxlzral,fasilitas,,
salah satu provider asuransi kesehatan axa mandiri membuat terobosan baru dengan adanya antar jemput pasien ke rumah sakit tcozluxlzral,pelayanan,,
salah satu provider asuransi kesehatan axa mandiri membuat terobosan baru dengan adanya antar jemput pasien ke rumah sakit tcozluxlzral,kualitas_diagnosis,,
singapore day trip jb nak bercuti tapi tiada geng jangan risau trip singapore daytrip ini terbuka untuk semua termasuk solo traveler yg paling penting pakej oversea paling murah tau trip ke singapore daytrip from jb harga pakej rm per pax tcobhygextrey,biaya,,
singapore day trip jb nak bercuti tapi tiada geng jangan risau trip singapore daytrip ini terbuka untuk semua termasuk solo traveler yg paling penting pakej oversea paling murah tau trip ke singapore daytrip from jb harga pakej rm per pax tcobhygextrey,fasilitas,,
terus gue beberapa kali keliling indo karena kerjaan dan gue merasa dimanapun ya sama aja gak ada bedanya ke luar negeri pun gue juga kalo misal sama aja kek indo ya male makanya gue suka bgt sama singapur karena deket tapi vibesnya sangat beda dengan indonesia,aksesibilitas,,
yg pernah ke singapur amp keliling disana pasti ngakak kebayang gak sih negara cm segede itu yg seharian jg b dikelilingi b eksport bawang ke indonesia negara berpulau terbanyak gari pantai terpanjang penduduk peringkat dunia bnr logika sy gak sampe,aksesibilitas,,
kak dlu waktu gue kerja di singapore gue punya bos dn dia termasuk penyumbang pajak terbesar disana dia punya anak cewe cantik banget berpendidikan tinggi tpi jadi selingkuhan suami orang sma keluarganya bos gue dimasukin rsj dipelosok spanyol dipisahin dri cowonya ngerilah,fasilitas,,
semua yang aku bilang di sini tuh berdasarkan pengalamanku real ya i can not make this shit up omg kalau dokterny baik ya kubilang baik perawatnya baik ya kubilang baik kan tdi even resepsionisny jg baik jawab pertanyaan first timer ini dg sabar emng satu itu aja yg gong,fasilitas,,
semua yang aku bilang di sini tuh berdasarkan pengalamanku real ya i can not make this shit up omg kalau dokterny baik ya kubilang baik perawatnya baik ya kubilang baik kan tdi even resepsionisny jg baik jawab pertanyaan first timer ini dg sabar emng satu itu aja yg gong,pelayanan,,
gibran bukan satrio piningit gibran tidak cerdas dan tidak sehat dia ke singapura bukan untuk belajar tapi untuk berobat pengalaman politik belum teruji dia tidak tahu kebutuhan indonesia masa depan tcorldpvztqb,pelayanan,,
gibran bukan satrio piningit gibran tidak cerdas dan tidak sehat dia ke singapura bukan untuk belajar tapi untuk berobat pengalaman politik belum teruji dia tidak tahu kebutuhan indonesia masa depan tcorldpvztqb,aksesibilitas,,
gibran bukan satrio piningit gibran tidak cerdas dan tidak sehat dia ke singapura bukan untuk belajar tapi untuk berobat pengalaman politik belum teruji dia tidak tahu kebutuhan indonesia masa depan tcorldpvztqb,kualitas_diagnosis,,
mudahan pengalaman orang ini bisa jadi pelajaran buat kita semua saya pulang dari singapore meninggalkan pekerjaan formal u mengurus orang tua jam didepan mata dari ki amp itu belum cukup orang tua nomero uno,pelayanan,,
mudahan pengalaman orang ini bisa jadi pelajaran buat kita semua saya pulang dari singapore meninggalkan pekerjaan formal u mengurus orang tua jam didepan mata dari ki amp itu belum cukup orang tua nomero uno,aksesibilitas,,
untuk honeymoon hari di singapore dari bandung orang tiket pp rpjt direct via airasiascoot hotel midrange malam rpjt makan amp aktivitas rpjt transport lokal rpjt total estimasi rpjt sesuaikan budget amp cek promo di travelokaexpedia romantis,aksesibilitas,,
untuk honeymoon hari di singapore dari bandung orang tiket pp rpjt direct via airasiascoot hotel midrange malam rpjt makan amp aktivitas rpjt transport lokal rpjt total estimasi rpjt sesuaikan budget amp cek promo di travelokaexpedia romantis,kualitas_diagnosis,,
pernah baca buku motivasi dibuka dengan saya tidak beruntung karna harus kuliah di singapura bgsd gue nyari beasiswa s aja ga ada duit buat te toefl amp persyaratan tetek bengek lainnya,biaya,,
pernah baca buku motivasi dibuka dengan saya tidak beruntung karna harus kuliah di singapura bgsd gue nyari beasiswa s aja ga ada duit buat te toefl amp persyaratan tetek bengek lainnya,fasilitas,,
my sister in law hate singapore pdhl dy selalu harus transit dan ketemu dokter di sana she said people are rude very rude apalagi kalau lihat anak dengan kekurangan her boy is autism they have best doctor and others but the people on the street the tense oh i cant,fasilitas,,
my sister in law hate singapore pdhl dy selalu harus transit dan ketemu dokter di sana she said people are rude very rude apalagi kalau lihat anak dengan kekurangan her boy is autism they have best doctor and others but the people on the street the tense oh i cant,pelayanan,,
pantesan orkay indo pilih ke penang sg buat berobat kualitas dokternya kayak gini gak bisa bayangin lagi kesakitan cerita ke dokter dokternya malah eh bukan mau bandingin ya tapi saya aja digituin gak sakit kok kamu manja banget sih anjrit gak bisa bersyukur,biaya,,
pantesan orkay indo pilih ke penang sg buat berobat kualitas dokternya kayak gini gak bisa bayangin lagi kesakitan cerita ke dokter dokternya malah eh bukan mau bandingin ya tapi saya aja digituin gak sakit kok kamu manja banget sih anjrit gak bisa bersyukur,fasilitas,,
pantesan orkay indo pilih ke penang sg buat berobat kualitas dokternya kayak gini gak bisa bayangin lagi kesakitan cerita ke dokter dokternya malah eh bukan mau bandingin ya tapi saya aja digituin gak sakit kok kamu manja banget sih anjrit gak bisa bersyukur,pelayanan,,
pantesan orkay indo pilih ke penang sg buat berobat kualitas dokternya kayak gini gak bisa bayangin lagi kesakitan cerita ke dokter dokternya malah eh bukan mau bandingin ya tapi saya aja digituin gak sakit kok kamu manja banget sih anjrit gak bisa bersyukur,kualitas_diagnosis,,
ada murid adekku satu hari gak masuk kelas ditanya kenapa kemarin gak msuk kelas dia jawab bersihin telinga bu kenapa telinganya sakit kok sampai gak masuk kelas iya bu bersihin telinga di singapore what the hell,fasilitas,,
ada murid adekku satu hari gak masuk kelas ditanya kenapa kemarin gak msuk kelas dia jawab bersihin telinga bu kenapa telinganya sakit kok sampai gak masuk kelas iya bu bersihin telinga di singapore what the hell,pelayanan,,
singapore cocok banget buat honeymoon singkat terutama ldr kalian akses mudah dari indo campur kota modern garden by the bay marina bay sand dan romantis seperti sentosa island pa buat pelaut yg suka urban vibe budgetfriendly juga kalau mau lebih santai gabungin,fasilitas,,
singapore cocok banget buat honeymoon singkat terutama ldr kalian akses mudah dari indo campur kota modern garden by the bay marina bay sand dan romantis seperti sentosa island pa buat pelaut yg suka urban vibe budgetfriendly juga kalau mau lebih santai gabungin,pelayanan,,
singapore cocok banget buat honeymoon singkat terutama ldr kalian akses mudah dari indo campur kota modern garden by the bay marina bay sand dan romantis seperti sentosa island pa buat pelaut yg suka urban vibe budgetfriendly juga kalau mau lebih santai gabungin,aksesibilitas,,
singapore cocok banget buat honeymoon singkat terutama ldr kalian akses mudah dari indo campur kota modern garden by the bay marina bay sand dan romantis seperti sentosa island pa buat pelaut yg suka urban vibe budgetfriendly juga kalau mau lebih santai gabungin,kualitas_diagnosis,,
tapi ngerasa setolol itu depan mata udah ada marina bay dan ada akses nyebrang ke singapore dan lu ga perpanjang paspor meski berkalikali staying positive karena kesini untuk urusan opname proyek kantor jadi udahlahhhh ahh someday kesini lagi pasti,aksesibilitas,,
org singapura tak cuma berumur panjang th lebih lama dr org indonesia tapi jg paling sehat sedunia ini benar luar biasa karena singapura spt indonesia negara tropis penuh parasit pembawa penyakit menular negara lain di bawahnya semua di zona temperate dan,aksesibilitas,,
org singapura tak cuma berumur panjang th lebih lama dr org indonesia tapi jg paling sehat sedunia ini benar luar biasa karena singapura spt indonesia negara tropis penuh parasit pembawa penyakit menular negara lain di bawahnya semua di zona temperate dan,kualitas_diagnosis,,
en viajé a singapur y conocí el centro dermatologico y obvio el área de dermatopatología lo interesante y avanzado en ese entonces e que el paciente ingresa al centro se atiende según la subespecialidad que se requiera se diagnóstica y al salir se le entregan sus,general,,
ㅤ ㅤㅤ ㅤ ㅤ ㅤ beberapa jam kemudian setelah erlangga dipindahkan ke ruangan vip matanya mengerjap dan mulai sadar sakit dikepalanya masih terasa namun tak separah tadi sophie pak akhirnya sadar juga saya hubungi dokter dulu ㅤ ㅤㅤ ㅤ ㅤ ㅤ,biaya,,
ㅤ ㅤㅤ ㅤ ㅤ ㅤ beberapa jam kemudian setelah erlangga dipindahkan ke ruangan vip matanya mengerjap dan mulai sadar sakit dikepalanya masih terasa namun tak separah tadi sophie pak akhirnya sadar juga saya hubungi dokter dulu ㅤ ㅤㅤ ㅤ ㅤ ㅤ,pelayanan,,
petite expérience pro à singapore et s salles de sieste c était franchement agréable et réparateur mn pa pluset ca repart par contre ca ne compense pa leur rythme de travail de dingo et leur faible nombre de jours de congés,fasilitas,,
cerita ahok bawa anak berobat ke singapura karena keselek biji salak ahok mengaku memiliki banyak pengalaman httptcogahbjjv,pelayanan,,
cerita ahok bawa anak berobat ke singapura karena keselek biji salak ahok mengaku memiliki banyak pengalaman httptcoicuiclyb,pelayanan,,
pengalaman istri berobat ke singapura kedokteran adalah profesi melayani sehingga sangat cepat cekatan dan profesional di indonesia kedokteran adalah kerajaan pasien menyembah dokter sehingga pasien gak harus sembuh,pelayanan,,
pengalaman istri berobat ke singapura kedokteran adalah profesi melayani sehingga sangat cepat cekatan dan profesional di indonesia kedokteran adalah kerajaan pasien menyembah dokter sehingga pasien gak harus sembuh,aksesibilitas,,
pengalaman istri berobat ke singapura kedokteran adalah profesi melayani sehingga sangat cepat cekatan dan profesional di indonesia kedokteran adalah kerajaan pasien menyembah dokter sehingga pasien gak harus sembuh,kualitas_diagnosis,,
ahok mengaku memiliki banyak pengalaman dengan dunia kedokteran selain pernah kuliah satu semester di fakulta httptcoodbrzvcga,pelayanan,,
cerita ahok bawa anak berobat ke singapura karena keselek biji salak ahok mengaku memiliki banyak pengalaman httptcovuiocddk,pelayanan,,
mengapa para kaum elite indonesia selalu memilih berobat ke singapura erna novia membagikan pengalaman sendiri saya bukan kaum elite tapi kebetulan melahirkan di singapura dan punya pengalaman pembanding kakak saya melahirkan di indonesia dari ha tcobqbqiaq,biaya,,
mengapa para kaum elite indonesia selalu memilih berobat ke singapura erna novia membagikan pengalaman sendiri saya bukan kaum elite tapi kebetulan melahirkan di singapura dan punya pengalaman pembanding kakak saya melahirkan di indonesia dari ha tcobqbqiaq,pelayanan,,
mengapa para kaum elite indonesia selalu memilih berobat ke singapura erna novia membagikan pengalaman sendiri saya bukan kaum elite tapi kebetulan melahirkan di singapura dan punya pengalaman pembanding kakak saya melahirkan di indonesia dari ha tcobqbqiaq,aksesibilitas,,
saat covid masuk singapore pertama kali pemerintah langsung menyelidiki perjalanan persinggahan dan siapa orang ysng berhubungan dg pasien semua diperiksa dg teliti termasuk nomor kamar hotel mb tempat pasien menginap diumumkan virus terkontrol ditempat kita,biaya,,
saat covid masuk singapore pertama kali pemerintah langsung menyelidiki perjalanan persinggahan dan siapa orang ysng berhubungan dg pasien semua diperiksa dg teliti termasuk nomor kamar hotel mb tempat pasien menginap diumumkan virus terkontrol ditempat kita,fasilitas,,
saat covid masuk singapore pertama kali pemerintah langsung menyelidiki perjalanan persinggahan dan siapa orang ysng berhubungan dg pasien semua diperiksa dg teliti termasuk nomor kamar hotel mb tempat pasien menginap diumumkan virus terkontrol ditempat kita,kualitas_diagnosis,,
dengan hanya rm korang dah boleh travel ke singapore tcostijtpo,biaya,,
di singapura yang takde pa pun dieorang boleh buat tcocjtbyupgme,general,,
kamsyah untuk segenap netizen yang julidnya selangit tcoxfxzlucxi tcorladuzyi,general,,
usai jalani operasi otak di singapura tersangka korupsi masjid sriwijaya dikabarkan hilang ingatan tconjkygkegd,biaya,,
usai jalani operasi otak di singapura tersangka korupsi masjid sriwijaya dikabarkan hilang ingatan tconjkygkegd,fasilitas,,
usai jalani operasi otak di singapura tersangka korupsi masjid sriwijaya dikabarkan hilang ingatan tconjkygkegd,pelayanan,,
kmarin bbrp medium heboh ledakan jumlah kasus di singapur kok bisa ya masih ingat brita tempo hari yg bilang singapur akan mengganggap covid spt flu nah situasi skr adalah prose menuju ke sana biar gk bingung gw kasi share bbrp catatan tcoayeofglnnt,general,,
hari ini singapura mencatat rekor baru covid kasus tidak heran krn mrk agresif melakukan test di asrama buruh migran buat ngejar setiap kasus buat dibersihkan mau lihat bagaimana menscreening para buruh migran tcofvnqrvousb,fasilitas,,
hari ini singapura mencatat rekor baru covid kasus tidak heran krn mrk agresif melakukan test di asrama buruh migran buat ngejar setiap kasus buat dibersihkan mau lihat bagaimana menscreening para buruh migran tcofvnqrvousb,kualitas_diagnosis,,
di indonesia menteri pariwisatanya malah jualan somad tconeihlamyww,aksesibilitas,,
โรงพยาบาลและศนยการแพทย khoo teck puat ในสงคโปรทชวยลดความดนตงแตยงไมเจอหมอดวยสภาพแวดลอมอนสดชนและเขยวขจ ทออกแบบโดยมจดมงหมายใหคนทเขาไปแลวรสกผอนคลาย ไมเครยดหรอหดห ไมรสกวาอยในโรงพยาบาล ภาพจาก greenroofsstraitstimestnpmothership tcozhmddykv,fasilitas,,
singapura sukses menangani corona cepat turun en nol kematian intervensi adalah kuncinya mereka bikin penelusuran yang teliti menjaga jarak sosial dan menegakkan karantina itu semua mungkin krn koordinasi pemimpin yg bertindak cepat jg transparan tcoajxlcbr,biaya,,
singapura sukses menangani corona cepat turun en nol kematian intervensi adalah kuncinya mereka bikin penelusuran yang teliti menjaga jarak sosial dan menegakkan karantina itu semua mungkin krn koordinasi pemimpin yg bertindak cepat jg transparan tcoajxlcbr,pelayanan,,
singapura sukses menangani corona cepat turun en nol kematian intervensi adalah kuncinya mereka bikin penelusuran yang teliti menjaga jarak sosial dan menegakkan karantina itu semua mungkin krn koordinasi pemimpin yg bertindak cepat jg transparan tcoajxlcbr,aksesibilitas,,
wni yang divonis positif covid di singapura dikabarkan sempat mencari perawatan ke sejumlah rumah sakit di jakarta ia juga disebut mulai merasakan gejala covid sejak tanggal februari atau sebelum tiba di singapura tcoygaeiyg,fasilitas,,
wni yang divonis positif covid di singapura dikabarkan sempat mencari perawatan ke sejumlah rumah sakit di jakarta ia juga disebut mulai merasakan gejala covid sejak tanggal februari atau sebelum tiba di singapura tcoygaeiyg,pelayanan,,
wni yang divonis positif covid di singapura dikabarkan sempat mencari perawatan ke sejumlah rumah sakit di jakarta ia juga disebut mulai merasakan gejala covid sejak tanggal februari atau sebelum tiba di singapura tcoygaeiyg,kualitas_diagnosis,,
ini yang bikin kagum sama singapura negara cebol tapi advance dari sisi hunian multietnis pula transportasi publik yang ontime mrtan kemana jadi perjalanan yang menyenangkan itu hdbflat bukan hak milik ya ga ada urgency punya rumah seumur hidup kalo idupnya cuma th,aksesibilitas,,
nah kan singapura saja ikutin kita terbukti ampuh cegah covid singapura ikuti indonesia akui warganya yang gunakan vaksin sinovac tconswjyuv,aksesibilitas,,
seorang penceramah asal indonesia dilarang masuk ke negara singapura dgn alasan tidak memenuhi kriteria utk berkunjung ke singapura bukan dideportasi seperti yg beredar dubes ri untuk singapura sudah meminta penjelasan lebih lanjut tapi mereka menolak utk menjelaskannya,aksesibilitas,,
medium singapura kewalahan dokter di indonesia hadapi pilihan sulit soal siapa yang harus diselamatkan tcolhwxnvmuz,pelayanan,,
medium singapura kewalahan dokter di indonesia hadapi pilihan sulit soal siapa yang harus diselamatkan tcolhwxnvmuz,aksesibilitas,,
satu lg sy share ini system di singapore bila seorang dokter kasih resep obat maka ada tim lain yg memonitor keputusan memberi obat tsb misalnya bila ada yg janggal mengapa kamu beri obat ini kenapa tidak dg obat itu kan lebih murah jadi dokter sangat hati sekali,biaya,,
satu lg sy share ini system di singapore bila seorang dokter kasih resep obat maka ada tim lain yg memonitor keputusan memberi obat tsb misalnya bila ada yg janggal mengapa kamu beri obat ini kenapa tidak dg obat itu kan lebih murah jadi dokter sangat hati sekali,pelayanan,,
bersamaan dgn itu pengetesan dilakukan secara masif setiap hari singapura melakukan test pcr rata karena itu tidak heran jumlah kasusnya meledak yang positif langsung diisolasi dan dimasukkan ke r semuanya ditanggung pemerintah,fasilitas,,
bersamaan dgn itu pengetesan dilakukan secara masif setiap hari singapura melakukan test pcr rata karena itu tidak heran jumlah kasusnya meledak yang positif langsung diisolasi dan dimasukkan ke r semuanya ditanggung pemerintah,kualitas_diagnosis,,
jakarta wisata singapura kembali bergeliat seiring dilonggarkannya aturan masuk negara itu wisatawan asal indonesia mendominasi kunjungan ke negeri singa tcomuhdoworoh,aksesibilitas,,
sedikit penjelasan singapura tdk masukin sinovac bukan berarti sinovac gak bisa dipake sama sekali tapi krn syarat data yg diminta kemenkes singapura dr sinovac blum terpenuhi yg penting sinovac sdh masuk rekomendasi who do not hesitate to take it tcolihvrhqkk,pelayanan,,
assalamualaikum aku mau pengobatan kanker darah leukemia ku ke singapore mohon doanya semoga selama pengobatan di singapore aku bisa sembuh dari kanker,pelayanan,,
biar anda faham peta dikit yaa uas itu sering banget diundang ke batam asal tahu saja batamsingapura itu cuma menit dg ferry kecil banyak orang riau yg datang ke batam nyeberang ke spore pp sehari nggak aneh rencananya ceramah juga nggak leha tcousgjvgew,fasilitas,,
menjijikan sekali singapore ini persis terjadi kayak sahabat saya dia akhirnya tidur di johor tapi dia lawan berantem dg petugasnya akhirnya dia di lepasin anak dan istrinya singapore jangan macam kau pelabuhan internasionaldi sabang aceh buka mati kau,biaya,,
menjijikan sekali singapore ini persis terjadi kayak sahabat saya dia akhirnya tidur di johor tapi dia lawan berantem dg petugasnya akhirnya dia di lepasin anak dan istrinya singapore jangan macam kau pelabuhan internasionaldi sabang aceh buka mati kau,fasilitas,,
menjijikan sekali singapore ini persis terjadi kayak sahabat saya dia akhirnya tidur di johor tapi dia lawan berantem dg petugasnya akhirnya dia di lepasin anak dan istrinya singapore jangan macam kau pelabuhan internasionaldi sabang aceh buka mati kau,pelayanan,,
ketika mereka tahu cerita sebenarnya yakni telah terjadi penolakan seseorang masuk ke sebuah negara karena yang bersangkutan dianggap dapat menimbulkan hal tak baik sesuai alasan kenapa dia masuk dalam listing para penikmat belanja maupun turis makin percaya pada singapore,fasilitas,,
ketika mereka tahu cerita sebenarnya yakni telah terjadi penolakan seseorang masuk ke sebuah negara karena yang bersangkutan dianggap dapat menimbulkan hal tak baik sesuai alasan kenapa dia masuk dalam listing para penikmat belanja maupun turis makin percaya pada singapore,pelayanan,,
ketika mereka tahu cerita sebenarnya yakni telah terjadi penolakan seseorang masuk ke sebuah negara karena yang bersangkutan dianggap dapat menimbulkan hal tak baik sesuai alasan kenapa dia masuk dalam listing para penikmat belanja maupun turis makin percaya pada singapore,kualitas_diagnosis,,
pakej termasuk pengangkutan ba persiaran malaysia kl singapore kl atau malaysia jb singapore jb sarapan pagi amp air minuman crew terlatih tour guide singapore lawatan ke tempat menarik seperti dalam itinerari,fasilitas,,
susah sekali ya menelpon kedutaan indonesia di singapore sdh jam saya di ruang tahanan imigrasi singapore tanpa tau alasannya kenapa,biaya,,
susah sekali ya menelpon kedutaan indonesia di singapore sdh jam saya di ruang tahanan imigrasi singapore tanpa tau alasannya kenapa,aksesibilitas,,
tak hanya uas seorang aktivis yang berseberangan dengan rezim jokowi anton permana mengungkapkan bahwa dirinya ditolak masuk saat berniat masuk ke singapura untuk urusan bisnis menemani sang bos pada sabtu juni malam tcocnwxdbmmg,fasilitas,,
liburan lagi ke singapore karena dapet tiket murah juta pp amp udah sama bagasi so kmrn kemana aja selama di singapore aku bakalan share di thread ini tcoyjmawhzen,biaya,,
dokter koasnya anak mami dokter seniornya tukang bully lalu pemerintah bingung kenapa banyak yg pilih berobat ke singapura amp malaysia,pelayanan,,
tip liburantravelling ke singapore full public transportation no antre tempat wisata simple dan lebih hemat bisa menyesuaikan budget tanpa guide tour atur jadwal sesuka hati save dulu sambil nabung a thread tcokqfwjdual,aksesibilitas,,
suatu ketika saat orde baru masih di puncak kekuasaannya gu dur pernah cerita orang indonesia itu kalau sakit gigi kata gu dur memang harus berobat ke singapura lalu dokter di singapura bertanya kpd pasien dari indonesia itu kenapa kok sakit gigi saja harus berobat tcodhkcbebww,pelayanan,,
suatu ketika saat orde baru masih di puncak kekuasaannya gu dur pernah cerita orang indonesia itu kalau sakit gigi kata gu dur memang harus berobat ke singapura lalu dokter di singapura bertanya kpd pasien dari indonesia itu kenapa kok sakit gigi saja harus berobat tcodhkcbebww,aksesibilitas,,
guy bocoran promo beli gratis tiket pesawat airasia ke singapura kuala lumpur dan bangkok hanya berlaku besok november jam siang wib ke singapur pulang pergi cuman ribu per orang cek link ini dan pantengin di social medium com_id di instagram amp tcooecefaht,biaya,,
guy bocoran promo beli gratis tiket pesawat airasia ke singapura kuala lumpur dan bangkok hanya berlaku besok november jam siang wib ke singapur pulang pergi cuman ribu per orang cek link ini dan pantengin di social medium com_id di instagram amp tcooecefaht,aksesibilitas,,
guy bocoran promo beli gratis tiket pesawat airasia ke singapura kuala lumpur dan bangkok hanya berlaku besok november jam siang wib ke singapur pulang pergi cuman ribu per orang cek link ini dan pantengin di social medium com_id di instagram amp tcooecefaht,kualitas_diagnosis,,
asuransi di sini tuh ada gak sih yg melayani berobat ke malaysia amp singapura gak usah sama tiket gpp deh,biaya,,
tahun lalu ke kanada tahun ini ke singapura goodbye indonesia tcofeablnzo,fasilitas,,
tahun lalu ke kanada tahun ini ke singapura goodbye indonesia tcofeablnzo,aksesibilitas,,
beneran co tiket ke singapore,general,,
setelah lama berobat di singapura akhirnya denada bawa aisha pulang ke jakarta momen ini jadi spesial karena aisha akhirnya ketemu lagi sama ayahnya jerry aurum gtgt tcofycakxh foto instagramdenada tcoxmvtbgeoe,aksesibilitas,,
yaallah pengen punya banyak uang biar bisa bawa mae pae berobat ke singapura atau ke penang biar penanganannya tepat,biaya,,
yaallah pengen punya banyak uang biar bisa bawa mae pae berobat ke singapura atau ke penang biar penanganannya tepat,kualitas_diagnosis,,
nu rek pindah ka singapur sok burukeun ku urg dagoan di leuwipanjang inditna geus maghrib euy,fasilitas,,
ini sopir bus di singapura tiap ada yg pakai kursi roda mau naik sopir langsung ke pintu belakang dan buka jalan spt ini tcoavwsnihdz,fasilitas,,
ditawarin densu dikasih jt naik jd jt ktnya gak cukup agus mau berobat ke singapura tcojcbdlwdoa,general,,
disini ada yang pernahsedang berobat ke singapura atau malayasia ga mau nanya dong mereka itu sistemnya gimna ya pake aplikasi sama web gitu kah atau langsung datang aja ke rumah sakit gitu,fasilitas,,
disini ada yang pernahsedang berobat ke singapura atau malayasia ga mau nanya dong mereka itu sistemnya gimna ya pake aplikasi sama web gitu kah atau langsung datang aja ke rumah sakit gitu,pelayanan,,
peler lu tahu peler lu aja berobat ke malaysia dan singapura klo lu berani sana gebuk istri kaesang yang pake brand luar negeri,general,,
luhut waktu sakit kabur berobat ke singapura tcozndhjief,pelayanan,,
pengacara hotman paris digigit berangberang peliharaannya saat berenang hotman kemudian dirawat di rumah sakit dan melanjutkan berobat ke singapura kejadiannya berawal dari tanggal pagi saya berenang dengan berangberang jam subuh tapi salah satu berangberang binatang tcowcvhvsmwzi,fasilitas,,
pengacara hotman paris digigit berangberang peliharaannya saat berenang hotman kemudian dirawat di rumah sakit dan melanjutkan berobat ke singapura kejadiannya berawal dari tanggal pagi saya berenang dengan berangberang jam subuh tapi salah satu berangberang binatang tcowcvhvsmwzi,pelayanan,,
pengacara hotman paris digigit berangberang peliharaannya saat berenang hotman kemudian dirawat di rumah sakit dan melanjutkan berobat ke singapura kejadiannya berawal dari tanggal pagi saya berenang dengan berangberang jam subuh tapi salah satu berangberang binatang tcowcvhvsmwzi,kualitas_diagnosis,,
pernah foto coupleprewed diluar bali pernah di singapore sebagai orang yang tinggal di pulau yang dimanamana daerah pantai selalu menyenangkan kalau dapet kesempatan foto di luar daerah ataupun overseas foto di bawah ini sekitaran tiong bahru singapore ada yang tcoqzsjxrumyp,fasilitas,,
pernah foto coupleprewed diluar bali pernah di singapore sebagai orang yang tinggal di pulau yang dimanamana daerah pantai selalu menyenangkan kalau dapet kesempatan foto di luar daerah ataupun overseas foto di bawah ini sekitaran tiong bahru singapore ada yang tcoqzsjxrumyp,pelayanan,,
ketua konsil kesehatan indonesia kki kementerian kesehatan drg arianti anaya mengungkapkan hal miri dimana sebanyak ratarata juta warga negara indonesia pergi ke luar negeri untuk berobat bahkan kebanyakan dari mereka berobat ke negara tetangga seperti singapura dan tcoloctaljwt,aksesibilitas,,
พหมอกตเสดจเยอน singapore tconrwhuxr,general,,
alasan orang berobat ke singapura dokter indo banyak yang bego,pelayanan,,
terus masih pada heran kalian kenapa orang yang mampu kalau berobat mending pilih ke malaysia atau bahkan singapura,biaya,,
agus diduga batal berobat ke singapura lantaran timnya belum yakin apakah orang buta bisa mudah masuk ke negara tersebut tcotxmohgdcll,fasilitas,,
agus diduga batal berobat ke singapura lantaran timnya belum yakin apakah orang buta bisa mudah masuk ke negara tersebut tcotxmohgdcll,pelayanan,,
agus diduga batal berobat ke singapura lantaran timnya belum yakin apakah orang buta bisa mudah masuk ke negara tersebut tcotxmohgdcll,aksesibilitas,,
orangorang kaya di indonesia kalau berobat terdekat ya ke singapura atau ke malaysia memang contoh untuk bayi tabung atau inseminasi malaysia jauh lebih murah dari indonesia memang apakah the next presiden kita mampu merubah ini tcomrbpjxvc,biaya,,
orangorang kaya di indonesia kalau berobat terdekat ya ke singapura atau ke malaysia memang contoh untuk bayi tabung atau inseminasi malaysia jauh lebih murah dari indonesia memang apakah the next presiden kita mampu merubah ini tcomrbpjxvc,aksesibilitas,,
tanggung jawab donasi kembali ke teh novi agus diprediksi batal berobat ke singapura mekanisme pengobatan mata agus salim mulai dibahas setelah farhat abbas dan denny sumargo menyepakati perdamaian rencana agus ke singapura sepertinya tidak akan terwujud andai tanggung jawab tcolsnojxlt,general,,
jadi bgs berobat ke singapura mungkin takut disuntik mati sama dokter di indonesia wkwkwkwkwkw,pelayanan,,
jadi bgs berobat ke singapura mungkin takut disuntik mati sama dokter di indonesia wkwkwkwkwkw,aksesibilitas,,
pantes orangorang berobat ke singapura atau penang,kualitas_diagnosis,,
info yg mau ke singapore tahun depan scoot lagi promo nih bisa di travelokawebnya langsung pilihan rutenya banyak selamat hunting tcoiyhzczl,pelayanan,,
kalo mau berobat ke luar negeri kaya ke singapuramalaysia gitu tuh harus ada rujukan dari dokter di indonesia dulu ga apa bisa langsung ke sana caranya gimana ya kalo mau berobat ke r luar negeri,biaya,,
kalo mau berobat ke luar negeri kaya ke singapuramalaysia gitu tuh harus ada rujukan dari dokter di indonesia dulu ga apa bisa langsung ke sana caranya gimana ya kalo mau berobat ke r luar negeri,pelayanan,,
kalo mau berobat ke luar negeri kaya ke singapuramalaysia gitu tuh harus ada rujukan dari dokter di indonesia dulu ga apa bisa langsung ke sana caranya gimana ya kalo mau berobat ke r luar negeri,aksesibilitas,,
sering baca banyak yg berobat ke singapura,general,,
popo siroyoo hope on stage tour in singapore tcouuefbjs,general,,
mulai juli singapura larang masuk semua orang dari indonesia tcokmxqjrn tcodrkbmkcc,aksesibilitas,,
ayo cari duit yang banyak biar kalo klen sakit berobat nya ke singapura,biaya,,
ayo cari duit yang banyak biar kalo klen sakit berobat nya ke singapura,pelayanan,,
besok kalo berobat pengennya ke singapura aja kalo di indonesia kebanyakan dokternya joki gelar,pelayanan,,
besok kalo berobat pengennya ke singapura aja kalo di indonesia kebanyakan dokternya joki gelar,aksesibilitas,,
udahhh benerann kek papahpapah yang mau jemput anaknya di tk b terus lanjuttt terbang ke singapore buat perjadin sekalian liburan tcosfypmloln,general,,
wajar kalo berobat ke singapura,general,,
w kudu kerja kera getting money have enough privilege to let my future bisa disekolahkan di swasta based luar negri menghindari hazing norak najis mugalazoh plus having private health insurance dan berobat ke singapura fuck this country,general,,
tajam arzeti skak menkes soal orang ri doyan berobat ke malaysia singapura habis rp t tcoqyunsyfan,general,,
sebenarnya sih kalau mamak nggak mabuk kendaraan udah aku bawa berobat ke malaysia atau singapura terus cuma ini untuk ke banda aceh atau medan aja akunya takut nanti mamak malah drop di jalan tingkat dari rumah ke r cut mutia aja ada sekitar kali,pelayanan,,
sebenarnya sih kalau mamak nggak mabuk kendaraan udah aku bawa berobat ke malaysia atau singapura terus cuma ini untuk ke banda aceh atau medan aja akunya takut nanti mamak malah drop di jalan tingkat dari rumah ke r cut mutia aja ada sekitar kali,kualitas_diagnosis,,
hotman paris akhirnya buka suara soal penyakitnya setelah berobat ke singapura tapi dia pastiin satu hal penyakitnya ini bukan garagara gigitan berangberang jadi apa dong penyebabnya simak cerita lengkapnya tcogeictgs,general,,
kata org yg berobat ke singapura,general,,
katanya srg berobat ke singapura wkakakak dilayani kakak perawat dan kakak pramugari sq pdhl bisa aja dia sdg antri pasien bpjs gak waras,biaya,,
katanya srg berobat ke singapura wkakakak dilayani kakak perawat dan kakak pramugari sq pdhl bisa aja dia sdg antri pasien bpjs gak waras,pelayanan,,
katanya srg berobat ke singapura wkakakak dilayani kakak perawat dan kakak pramugari sq pdhl bisa aja dia sdg antri pasien bpjs gak waras,aksesibilitas,,
keinget dulu beliau berobat ke singapura,general,,
anda saja berobat ke singapura,general,,
tapi emang jujur di malaysia sekarang bagus bgt sistem kesehatannya nasabah gw aja berobat ke penang daripada ke singapura,fasilitas,,
alasan buat pilih berobat ke penang singapura,general,,
ya gak salah pada berobat ke singapura kualitas dokternya aja kek gini,fasilitas,,
ya gak salah pada berobat ke singapura kualitas dokternya aja kek gini,pelayanan,,
ya gak salah pada berobat ke singapura kualitas dokternya aja kek gini,kualitas_diagnosis,,
guy ayo berobat ke penang atau singapura aja,general,,
wong si keong itu jg berobat ke singapura,general,,
hotman paris meralat berita bahwa dia berobat ke r di singapura karena digigit berangberang berita bagus dari dokter spesialis r mount elizabeth novena penyebak infeksi karena ada nanah di hati liver yang bakterinya masuk darah jadi infeksi darah hotman sudah sehat tconrbwromtw,fasilitas,,
hotman paris meralat berita bahwa dia berobat ke r di singapura karena digigit berangberang berita bagus dari dokter spesialis r mount elizabeth novena penyebak infeksi karena ada nanah di hati liver yang bakterinya masuk darah jadi infeksi darah hotman sudah sehat tconrbwromtw,pelayanan,,
karena kondisi tersebut sandra dewi juga sampai memutuskan berobat ke singapura lalu penyakit apa itu spesialis kulit dr ruri diah pamela spkk menjelaskan rosacea memang termasuk kondisi kronis yang relatif sulit diobati,fasilitas,,
karena kondisi tersebut sandra dewi juga sampai memutuskan berobat ke singapura lalu penyakit apa itu spesialis kulit dr ruri diah pamela spkk menjelaskan rosacea memang termasuk kondisi kronis yang relatif sulit diobati,pelayanan,,
karena kondisi tersebut sandra dewi juga sampai memutuskan berobat ke singapura lalu penyakit apa itu spesialis kulit dr ruri diah pamela spkk menjelaskan rosacea memang termasuk kondisi kronis yang relatif sulit diobati,aksesibilitas,,
ibukku operasi tumor sampe x di indo tapi masih tumbuh² terus padahal hasil labnya tumor jinak giliran berobat ke singapura sekali tindakan udah beres mana biaya berobat lebih murah daripada di indonesia gitu kok sama pemerintah disuruh berobat di negara kita tercinta,biaya,,
ibukku operasi tumor sampe x di indo tapi masih tumbuh² terus padahal hasil labnya tumor jinak giliran berobat ke singapura sekali tindakan udah beres mana biaya berobat lebih murah daripada di indonesia gitu kok sama pemerintah disuruh berobat di negara kita tercinta,fasilitas,,
ibukku operasi tumor sampe x di indo tapi masih tumbuh² terus padahal hasil labnya tumor jinak giliran berobat ke singapura sekali tindakan udah beres mana biaya berobat lebih murah daripada di indonesia gitu kok sama pemerintah disuruh berobat di negara kita tercinta,pelayanan,,
ibukku operasi tumor sampe x di indo tapi masih tumbuh² terus padahal hasil labnya tumor jinak giliran berobat ke singapura sekali tindakan udah beres mana biaya berobat lebih murah daripada di indonesia gitu kok sama pemerintah disuruh berobat di negara kita tercinta,aksesibilitas,,
ibukku operasi tumor sampe x di indo tapi masih tumbuh² terus padahal hasil labnya tumor jinak giliran berobat ke singapura sekali tindakan udah beres mana biaya berobat lebih murah daripada di indonesia gitu kok sama pemerintah disuruh berobat di negara kita tercinta,kualitas_diagnosis,,
mantan menteri perhubungan singapura dipenjara karena numpang jet pribadi dan terima brompton tcoqfxvvweevr,fasilitas,,
ini alasan warga ri ramairamai berobat ke malaysia amp singapura tcovfqnxgms,general,,
sampai harus berobat ke singapura sandra dewi bukabukaan terkait penyakit rosacea yang diidapnya mengaku sulit sembuh begini katanya tcortpvesxa,pelayanan,,
sampai harus berobat ke singapura sandra dewi bukabukaan terkait penyakit rosacea yang diidapnya mengaku sulit sembuh begini katanya tcortpvesxa,aksesibilitas,,
yaa yang bersangkutan memang berobat ke singapura dan kejaksaan bertanggungjawab akan hal ini tcoshpvfcuf,fasilitas,,
pantas banyak warga ri berobat ke malaysiasingapura ini alasannya tcorwwyoqofo,general,,
khas untuk warga kl teringin nak melancong ke negara jiran harga mampu milik jangan risau trip singapore ini terbuka untuk semua termasuk solo traveler yg paling penting pakej oversea paling murah tau trip ke singapore day harga pakej rm tcooleqccebg,biaya,,
khas untuk warga kl teringin nak melancong ke negara jiran harga mampu milik jangan risau trip singapore ini terbuka untuk semua termasuk solo traveler yg paling penting pakej oversea paling murah tau trip ke singapore day harga pakej rm tcooleqccebg,fasilitas,,
hotman paris ketahuan idap abs hati usai berobat ke singapura waspadai gejalanya tcozqcycmnr,general,,
mantu nya yg paling nkri tapi pa mau mati berobat ke singapura,pelayanan,,
pak umar lagi diupayakan supaya bisa berobat ke singapura,general,,
kentut itu penting banget kakek temen gue sampe berobat ke singapura karena gak bisa kentut,general,,
menko marves luhut memilih pergi berobat ke singapura saat presiden jokowi mengimbau wni agar berobat di r dalam negeri guna menghemat devisa negara tcojeobass,aksesibilitas,,
selanjutnya pergi berobat ke singapura,aksesibilitas,,
setiap denger soal berobat ke luar terutama malaysia singapura selalu keinget ini tcoqtzjxpcrb,general,,
tugas utama setelah dilantik berobat ke singapura,general,,
ayo berobat ke singapura di atas adalah contoh kalimat ajakan,general,,
aku heran ya kenapa orangorang yang abis berobat dari luar negeri ini entah malaysia singapura atau yang lain pa berobat ke sini kaya underestimate gitu kalo emang dari awal ragu berobat ke sini ya jangan ke r kecil ini,biaya,,
aku heran ya kenapa orangorang yang abis berobat dari luar negeri ini entah malaysia singapura atau yang lain pa berobat ke sini kaya underestimate gitu kalo emang dari awal ragu berobat ke sini ya jangan ke r kecil ini,pelayanan,,
kalo kena kanker atau ispa berat mereka kan bisa berobat ke singapura ehehehe,general,,
udah paling bener lo semua berobat ke singapura atau penang kualitas surgeon indonesia kayak gini,biaya,,
udah paling bener lo semua berobat ke singapura atau penang kualitas surgeon indonesia kayak gini,fasilitas,,
udah paling bener lo semua berobat ke singapura atau penang kualitas surgeon indonesia kayak gini,aksesibilitas,,
udah paling bener lo semua berobat ke singapura atau penang kualitas surgeon indonesia kayak gini,kualitas_diagnosis,,
slama ni devisa kluar ke malaysia atau singapura org sini berobat skrg pd ke korea thailand atau vietnam utk oplas dokter kita kurang apa ya,pelayanan,,
alasan jujur agus salim tolak rp juta dari denny sumargo uangnya kurang berobat ke singapura tcomcplajz,biaya,,
miri wajah sandra dewi bernanah jika stres terbang ke singapura untuk berobat tconqrprsa,fasilitas,,
sampai harus berobat ke singapura sandra dewi bukabukaan terkait penyakit rosacea yang diidapnya mengaku sulit sembuh begini katanya tcoiyjxahpdt,pelayanan,,
sampai harus berobat ke singapura sandra dewi bukabukaan terkait penyakit rosacea yang diidapnya mengaku sulit sembuh begini katanya tcoiyjxahpdt,aksesibilitas,,
hotman paris hutapea sampai berobat ke singapura gegara gigitan berangberang peliharaannya hotman mengatakan kondisinya memburuk dikarenakan aktivitas yang begitu padat tcofesukusae,fasilitas,,
dokter onkologi mengungkap alasan pasien kanker di ri memilih berobat ke luar negeri seperti malaysia hingga singapura begini sorotannya tcortpijn,pelayanan,,
tersangka korupsi timah ke dah lama di tanya publik knp ga di tangkap selama ini hendry lie selalu saja mangkir dr panggilan kejagung dgn dalih sakit tp kali ini kejagung menangkap hendri di bandara soetta setelah selesai berobat ke singapura pasti dah sembuh dong tcoemfvwxnzsl,biaya,,
tersangka korupsi timah ke dah lama di tanya publik knp ga di tangkap selama ini hendry lie selalu saja mangkir dr panggilan kejagung dgn dalih sakit tp kali ini kejagung menangkap hendri di bandara soetta setelah selesai berobat ke singapura pasti dah sembuh dong tcoemfvwxnzsl,fasilitas,,
tersangka korupsi timah ke dah lama di tanya publik knp ga di tangkap selama ini hendry lie selalu saja mangkir dr panggilan kejagung dgn dalih sakit tp kali ini kejagung menangkap hendri di bandara soetta setelah selesai berobat ke singapura pasti dah sembuh dong tcoemfvwxnzsl,pelayanan,,
pemain naturalisasi tinggalkan timnas indonesia untuk berobat ke singapura terancam absen kontra vietnam di my dinh tcokdufjbyfh,aksesibilitas,,
onkolog mengungkapkan alasan pasien kanker ri banyak berobat ke malaysia dan singapura meski dokter indonesia tidak kalah mumpuni ternyata ini penyebabnya tcojdzlag,pelayanan,,
onkolog mengungkapkan alasan pasien kanker ri banyak berobat ke malaysia dan singapura meski dokter indonesia tidak kalah mumpuni ternyata ini penyebabnya tcojdzlag,aksesibilitas,,
banyak pasien kanker di indonesia memilih pergi ke malaysia atau singapura untuk berobat apakah memang pengobatan kanker indonesia tak sebaik negara tetangga tcongacxs,fasilitas,,
banyak pasien kanker di indonesia memilih pergi ke malaysia atau singapura untuk berobat apakah memang pengobatan kanker indonesia tak sebaik negara tetangga tcongacxs,aksesibilitas,,
ga heran org indon pd berobat ke singapura ato ga malaysia kualitas dokter indon aja sampah kek gini,fasilitas,,
ga heran org indon pd berobat ke singapura ato ga malaysia kualitas dokter indon aja sampah kek gini,pelayanan,,
ga heran org indon pd berobat ke singapura ato ga malaysia kualitas dokter indon aja sampah kek gini,kualitas_diagnosis,,
lagilagi cuma bisa nyalahin rakyat padahal kaki tangannya si rangkap jabatan tu berobat ke singapura,biaya,,
garagara hal ini warga ri doyan berobat ke singapura amp malaysia tcougvdspf,general,,
terungkap ini alasan banyak warga ri berobat ke malaysiasingapura tcoibtesly,kualitas_diagnosis,,
serius nanya berobat ke malaysia atau singapura gitu prosesnya gimana sih,pelayanan,,
ternyata ini alasan banyak warga ri berobat ke malaysiasingapura tcogvqvvcnxdj,general,,
selain murah ini alasan banyak warga ri berobat ke malaysiasingapura tcokmcgbepqp,biaya,,
cerita hotman paris digigit berangberang kondisi memburuk hingga berobat ke singapura tcozvuocqhvkr,fasilitas,,
agus salim benarkan soal permintaan berobat mata ke singapura tconqcqoijqn,kualitas_diagnosis,,
tuh kan udah lah kita berobat ke singapura atau malaysia aja,general,,
hotman paris ditangani dokter spesialis hari ini berobat ke singapura naik jet pribadi tcoyvafvaebb,fasilitas,,
hotman paris ditangani dokter spesialis hari ini berobat ke singapura naik jet pribadi tcoyvafvaebb,pelayanan,,
need help kasih thread or tweet yg pernah bahas tentang berobat ke singapura or malaysia,general,,
maaf pak amnesia ya kok nyindir diri sendiri konyol kemarin sakit berobat ke singapura ga menghargai tenaga kesehatan negara sendiri pertanian di singapura itu ga ada kok bisa impor cabe bawang disna mangnya indonesia kurang luas apa dlm hal pertanian tcoestfnvrww tcoccdmhnuc,biaya,,
maaf pak amnesia ya kok nyindir diri sendiri konyol kemarin sakit berobat ke singapura ga menghargai tenaga kesehatan negara sendiri pertanian di singapura itu ga ada kok bisa impor cabe bawang disna mangnya indonesia kurang luas apa dlm hal pertanian tcoestfnvrww tcoccdmhnuc,pelayanan,,
maaf pak amnesia ya kok nyindir diri sendiri konyol kemarin sakit berobat ke singapura ga menghargai tenaga kesehatan negara sendiri pertanian di singapura itu ga ada kok bisa impor cabe bawang disna mangnya indonesia kurang luas apa dlm hal pertanian tcoestfnvrww tcoccdmhnuc,aksesibilitas,,
benur juga sih waktu dia cuti berobat ke singapura suasana di dalam negri agak membaik,fasilitas,,
alasan pejabat negara lebih pilih berobat ke singapura,biaya,,
tumben kali ini gak ada yg berobat ke singapura,general,,
wni berobat ke malaysia dan singapura ini alasannya tcowtjixdjyfg tcolyfnujwv,general,,
pertimbangkan donasi yayasan novi agus berobat ke singapura pakai duit farhat abbas tcobiekoemb,biaya,,
halah lu aja berobat ke singapura,general,,
onkolog mengungkapkan alasan pasien kanker ri banyak berobat ke malaysia dan singapura meski dokter indonesia tidak kalah mumpuni ternyata ini penyebabnya tcorcrvpsfsi,pelayanan,,
onkolog mengungkapkan alasan pasien kanker ri banyak berobat ke malaysia dan singapura meski dokter indonesia tidak kalah mumpuni ternyata ini penyebabnya tcorcrvpsfsi,aksesibilitas,,
banyak pasien kanker di indonesia memilih pergi ke malaysia atau singapura untuk berobat apakah memang pengobatan kanker indonesia tak sebaik negara tetangga tcoxcxeypugkl,fasilitas,,
banyak pasien kanker di indonesia memilih pergi ke malaysia atau singapura untuk berobat apakah memang pengobatan kanker indonesia tak sebaik negara tetangga tcoxcxeypugkl,aksesibilitas,,
sebanyak juta wni lebih memilih berobat ke malaysia dan singapura ketimbang di dalam negeri mengapa berobat di luar negeri lebih menarik apakah obat di sana lebih murah tcocztusxi,biaya,,
seru tuh pasien rakyat n r perawat dokter bpjs pejabat nya berobat ke singapura,biaya,,
seru tuh pasien rakyat n r perawat dokter bpjs pejabat nya berobat ke singapura,pelayanan,,
miri wajah sandra dewi bernanah jika stres terbang ke singapura untuk berobat tcosvvcqrodyw,general,,
mau dibilang nyambung tp gak nyambung knp tiba tiba bahas pak luhut hotman paris berobat ke singapura,general,,
breaking news jam no hoax bukan konten bukan kabar burung senin diburu ditangkap selasa diumumkan ke publik bagus kejagung berani tangkap tersangka hendry lie kasus korupsi timah usai berobat dari singapura kenapa baru skrg negara koq kalah dgn koruptor tcohiubfsgtv,biaya,,
breaking news jam no hoax bukan konten bukan kabar burung senin diburu ditangkap selasa diumumkan ke publik bagus kejagung berani tangkap tersangka hendry lie kasus korupsi timah usai berobat dari singapura kenapa baru skrg negara koq kalah dgn koruptor tcohiubfsgtv,fasilitas,,
klo gini caranya mah ga usah lah ya sekolah kedokteran nonton yutup aja kaya liat tutorial minutecraft ga heran orang berduit lebih milih berobat ke singapura sama penang,biaya,,
klo gini caranya mah ga usah lah ya sekolah kedokteran nonton yutup aja kaya liat tutorial minutecraft ga heran orang berduit lebih milih berobat ke singapura sama penang,pelayanan,,
lalu ada yang heran kenapa banyak yang berobat ke singapura,general,,
bongkar kesombongan agus salim yang tolak berobat di indonesia pratiwi noviyanthi dia mau ke aceh baru singapura tcofajjfzrkk,aksesibilitas,,
tak heran bila banyak pasien pilih berobat ke singapura dan penang berobat berharap sehat malah dipalak,general,,
alasan orang indonesia lebih milih berobat ke singapura,aksesibilitas,,
ibu direktur izin antar paksu berobat ke singapura saat balik nanti ke wamena bisa² langsung dapat sk pergantian su banyak isu² direktur rsud wamena akan diganti,fasilitas,,
jokowi menyatakan publik tidak perlu berobat ke malaysia dan singapura dengan adanya gedung layanan ibu dan anak di r hasan sadikin tcoxxjkqkfyx,fasilitas,,
jokowi menyatakan publik tidak perlu berobat ke malaysia dan singapura dengan adanya gedung layanan ibu dan anak di r hasan sadikin tcoxxjkqkfyx,pelayanan,,
bpjs juta ini kalo sakit bisa berobat ke singapura rawat inap gratis kan,biaya,,
bpjs juta ini kalo sakit bisa berobat ke singapura rawat inap gratis kan,pelayanan,,
นายกสงคโปร บนกลบประเทศนงโลวคอสต ไอออง เปนแครองประธานสภา นงเฟรสคลาส ไปสงคโปร โคตรเปลองภาษ tcoocsocctad,general,,
emang singapura lebih hebat daripada kita nggak lah konyol hhmmm opung pa sakit berobat ke singapura lho,pelayanan,,
dokter gagal perbaiki kualitas pelayanan warga ri yang berduit pilih berobat ke singapura amp malaysia yang miskin pasrah menunggu maut tcomeindeprh lewat com tcodotnxdx,biaya,,
dokter gagal perbaiki kualitas pelayanan warga ri yang berduit pilih berobat ke singapura amp malaysia yang miskin pasrah menunggu maut tcomeindeprh lewat com tcodotnxdx,fasilitas,,
dokter gagal perbaiki kualitas pelayanan warga ri yang berduit pilih berobat ke singapura amp malaysia yang miskin pasrah menunggu maut tcomeindeprh lewat com tcodotnxdx,pelayanan,,
dokter gagal perbaiki kualitas pelayanan warga ri yang berduit pilih berobat ke singapura amp malaysia yang miskin pasrah menunggu maut tcomeindeprh lewat com tcodotnxdx,kualitas_diagnosis,,
miri wajah sandra dewi bernanah jika stres terbang ke singapura untuk berobat tcoxbcpttm,general,,
lebih tepatnya fasilitas kesehatan yang tidak memadai sehingga menyebabkan banyaknya wni yang berobat keluar negeri toh pak coba bapak tanya rekan bapak kenapa kalau sakit lebih milih berobat ke singapura,fasilitas,,
lebih tepatnya fasilitas kesehatan yang tidak memadai sehingga menyebabkan banyaknya wni yang berobat keluar negeri toh pak coba bapak tanya rekan bapak kenapa kalau sakit lebih milih berobat ke singapura,pelayanan,,
lebih tepatnya fasilitas kesehatan yang tidak memadai sehingga menyebabkan banyaknya wni yang berobat keluar negeri toh pak coba bapak tanya rekan bapak kenapa kalau sakit lebih milih berobat ke singapura,kualitas_diagnosis,,
gerombolan taipan disebut lari ke singapura saat ada corona tcodqpkttcq,general,,
nasabah gw di medan aja lebih pilih berobat ke singapura,general,,
razman nasution sindir hotman paris berobat ke singapura mendekatlah ke tuhan tcojorricjzye,aksesibilitas,,
mengapa banyak warga indonesia berobat ke malaysiasingapura tcoqpmxzndj tcoiblhako,aksesibilitas,,
malaysiasingapura teroka kerjasama dalam tiga bidang utama perkasa perkhidmatan awam tcolbdfedqz tcojuejkkxca,general,,
singapura ragukan vaksin sinovac kasus di indonesia jadi rujukan tcosczwxidjm,pelayanan,,
singapura ragukan vaksin sinovac kasus di indonesia jadi rujukan tcosczwxidjm,aksesibilitas,,
kbri di singapura mengonfirmasi jika ustaz abdul somad uas bukan dideportasi melainkan ditolak masuk ke negara itu tcocpidgifdg,general,,
agus salim sedih lagi gagal kuasai rp miliar kini sesenggukan tak punya uang berobat ke singapura baca selengkapnya di tcozaafbrj tcohpsqfecvxv,biaya,,
agus salim sedih lagi gagal kuasai rp miliar kini sesenggukan tak punya uang berobat ke singapura baca selengkapnya di tcozaafbrj tcohpsqfecvxv,pelayanan,,
mencari pengobatan terbaik alasan orang indonesia berobat ke malaysia dan singapura tcoriqnpb tcoznrurjjj,fasilitas,,
mencari pengobatan terbaik alasan orang indonesia berobat ke malaysia dan singapura tcoriqnpb tcoznrurjjj,aksesibilitas,,
𝑫𝑨𝑴𝑵 setelah bulan kabur ke singapura bos sriwijaya air hl ditangkap 𝑯𝒆𝒏𝒅𝒓𝒚 𝑳𝒊𝒆 tak menyangka saat penyidik kejaksaan agung mengintainya 𝑯𝑳 secara diam diam pulang ke indonesia setelah bulan tinggal di singapura dengan alasan berobat 𝑨𝒑𝒆𝒔 deh tcowzwbrlmh,aksesibilitas,,
sudah benar dulu berobat ke singapura dan mestinya jangan pulang kalau taat konstitusi gibran tak bisa jadi cawapres karena tak penuhi syarat secara hukum gitu aja kok lebih goblok dari orang kampung sih,aksesibilitas,,
sudah benar dulu berobat ke singapura dan mestinya jangan pulang kalau taat konstitusi gibran tak bisa jadi cawapres karena tak penuhi syarat secara hukum gitu aja kok lebih goblok dari orang kampung sih,kualitas_diagnosis,,
tangan kanannya berbulanbulan berobat ke singapura,general,,
udh aku bandingin dengan luhut kemarin yg berobat ke singapura berarti si luhut sama sakit ny karena pilpres,pelayanan,,
agus salim tolak uang rp juta padahal mau berobat ke singapura tak cukup untuk pulang ke aceh tcoimsyjqruc via,biaya,,
agus salim tolak uang rp juta padahal mau berobat ke singapura tak cukup untuk pulang ke aceh tcoimsyjqruc via,aksesibilitas,,
mending berobat ke singapura skalian masalah yg paling sering di indonesia itu dokternya pelit ngasih info padahal pasien butuh bgt yg namanya konsultasi cuma cek sebentar trus ngasih resep trus udah selesai,biaya,,
mending berobat ke singapura skalian masalah yg paling sering di indonesia itu dokternya pelit ngasih info padahal pasien butuh bgt yg namanya konsultasi cuma cek sebentar trus ngasih resep trus udah selesai,pelayanan,,
mending berobat ke singapura skalian masalah yg paling sering di indonesia itu dokternya pelit ngasih info padahal pasien butuh bgt yg namanya konsultasi cuma cek sebentar trus ngasih resep trus udah selesai,aksesibilitas,,
mending berobat ke singapura skalian masalah yg paling sering di indonesia itu dokternya pelit ngasih info padahal pasien butuh bgt yg namanya konsultasi cuma cek sebentar trus ngasih resep trus udah selesai,kualitas_diagnosis,,
jokowi mengeluh lagi banyak warga ri yg berobat ke singapura malaysia atau negara eropa kira apa penyebabnya apakah biaya berobat di dalam negeri sangat mahal dan dokternya kurang berkualitas atau ada sebab lain tcoahqtxff,biaya,,
jokowi mengeluh lagi banyak warga ri yg berobat ke singapura malaysia atau negara eropa kira apa penyebabnya apakah biaya berobat di dalam negeri sangat mahal dan dokternya kurang berkualitas atau ada sebab lain tcoahqtxff,fasilitas,,
jokowi mengeluh lagi banyak warga ri yg berobat ke singapura malaysia atau negara eropa kira apa penyebabnya apakah biaya berobat di dalam negeri sangat mahal dan dokternya kurang berkualitas atau ada sebab lain tcoahqtxff,pelayanan,,
jokowi mengeluh lagi banyak warga ri yg berobat ke singapura malaysia atau negara eropa kira apa penyebabnya apakah biaya berobat di dalam negeri sangat mahal dan dokternya kurang berkualitas atau ada sebab lain tcoahqtxff,kualitas_diagnosis,,
gue pa bikin paspor di surabaya ditanyain mau buat apa kata gue mau ke singapore diajak ortu jalanjalan soalnya ortu tinggal di batam auto freepass,general,,
ke singapura untuk berobat hendry lie justru berakhir ditangkap di bandara soetta tcobytsgrify,general,,
alasan h yuni mendadak mundur dari pencalonan pilkada banjarmasin berobat ke singapura tcohqkfbikhfa banjarmasinpost tcoeppqzfr,general,,
di singapura ada ribu buruh migran dari berbagai negara ribu dari china sisanya india bangladesh myanmar vietnam dan indonesia gaji awal mereka per hari dengan status work permit holder yg pendidikannya bagus bisa naik jadi s pas gaji di atas,fasilitas,,
di singapura ada ribu buruh migran dari berbagai negara ribu dari china sisanya india bangladesh myanmar vietnam dan indonesia gaji awal mereka per hari dengan status work permit holder yg pendidikannya bagus bisa naik jadi s pas gaji di atas,aksesibilitas,,
mau siap atau belum biaya berobat di indonesia mahal uda sony urang kampung bpk byk yg berobat kesingapure dan malaysia terutama ke malaysia nggak percaya chek andra soni harap warga tak berobat ke singapura usai kek kesehatan tuntas tcopqjjxxjk,biaya,,
mau siap atau belum biaya berobat di indonesia mahal uda sony urang kampung bpk byk yg berobat kesingapure dan malaysia terutama ke malaysia nggak percaya chek andra soni harap warga tak berobat ke singapura usai kek kesehatan tuntas tcopqjjxxjk,pelayanan,,
mau siap atau belum biaya berobat di indonesia mahal uda sony urang kampung bpk byk yg berobat kesingapure dan malaysia terutama ke malaysia nggak percaya chek andra soni harap warga tak berobat ke singapura usai kek kesehatan tuntas tcopqjjxxjk,aksesibilitas,,
eksekusi tsb menyulut demonstrasi di jakarta enam bangunan milik kedutaan singapura dirusak hubungan indonesiasingapura yang sejak agustus jadi negara sendiri pun merenggang situasi baru membaik usai pm lee kuan yew menabur bunga di pusara usman dan harun mei,fasilitas,,
eksekusi tsb menyulut demonstrasi di jakarta enam bangunan milik kedutaan singapura dirusak hubungan indonesiasingapura yang sejak agustus jadi negara sendiri pun merenggang situasi baru membaik usai pm lee kuan yew menabur bunga di pusara usman dan harun mei,aksesibilitas,,
open trip enhypen world tour walk the line in singapore hi engene singapore akhirnya masuk list negara tambahan buat walk the line nih buat yang lagi cari trip ke sg bisa join disini yaa dn oktober oktober idr pax harga inc,biaya,,
cara usirnya kayak dulu pa sakit kan dia berobat ke singapura nah gitu aja biar lebih lama di singapura gitu,biaya,,
cara usirnya kayak dulu pa sakit kan dia berobat ke singapura nah gitu aja biar lebih lama di singapura gitu,pelayanan,,
noh babi lu bilangin sama bawahan mu juga kemaren si rambut putih itu sakit kenapa suruh berobat ke singapura kenapa tidak di indon saja jelek muka pecah kaca tak tau diri,fasilitas,,
noh babi lu bilangin sama bawahan mu juga kemaren si rambut putih itu sakit kenapa suruh berobat ke singapura kenapa tidak di indon saja jelek muka pecah kaca tak tau diri,pelayanan,,
pantas saja banyak pasien memilih berobat ke singapura dan malaysia faktanya dokter senior di sini hobby bullying juniornya,pelayanan,,
makan berak di indonesia giliran donasi ke singapura tcoewieduq,aksesibilitas,,
duh sombong amat nggak mau berobat ke indonesia mintanya ke singapura tuh ampun dah,aksesibilitas,,
trip ke singapore day harga pakej rm from kl harga pakej rm from jb tarikh trip refer poster,biaya,,
penjelasan dubes ri di singapura bhw uas tdk diizinkan masuk ke singapura dan alasannya diminta ditanyakan ke dubes singapura di jakarta menyerah tcoxtphtbil,general,,
si apeng kabur ke singapura gondol uang t mana tuh faedahnya perjanjian ekstradisi risingapura yg ktnya para koruptor tdk bisa lg ngumpet ke singapura ayo tunjukkan jg pemerintahan jokowi serius memberantas korupsi,biaya,,
kemenpppa dorong percepatan penempatan caregiver indonesia ke singapura tcoeaxoml,pelayanan,,
kemenpppa dorong percepatan penempatan caregiver indonesia ke singapura tcoeaxoml,aksesibilitas,,
polisi bongkar kasus penjualan bayi ke singapura kementerian pppa beri pendampingan korban tcozabeezakvh,general,,
licik dia yang salah eh ngajak umatnya boikot dana kapal selam gimana urusannya tcoherlpuggc,kualitas_diagnosis,,
tcomfwrgxifq bayi jadi korban tppo jaringan internasional dikirim ke singapura tcondnfzoxkc,fasilitas,,
krn dokter indonesia lebih mencintai uang dan izin praktek daripada mencintai sesamanya yaitu pasienbanyak r swasta dan pemerintah kebanyakan mrk bukan nyawa tapi uang dokter onkologi bicara alasan pasien kanker pilih berobat ke malaysiasingapura tcoydtzpsdb,biaya,,
krn dokter indonesia lebih mencintai uang dan izin praktek daripada mencintai sesamanya yaitu pasienbanyak r swasta dan pemerintah kebanyakan mrk bukan nyawa tapi uang dokter onkologi bicara alasan pasien kanker pilih berobat ke malaysiasingapura tcoydtzpsdb,pelayanan,,
krn dokter indonesia lebih mencintai uang dan izin praktek daripada mencintai sesamanya yaitu pasienbanyak r swasta dan pemerintah kebanyakan mrk bukan nyawa tapi uang dokter onkologi bicara alasan pasien kanker pilih berobat ke malaysiasingapura tcoydtzpsdb,aksesibilitas,,
ini singa yang tidak purapura bukan cuma ustaz abdul somad pendeta amerika serikat ini dilarang berkhotbah di singapura karena menyinggung umat islam tcoewkyvhd,general,,
mnurut uas dia deportasi tp mnurut dubes ri di singapura bkn dideportasi tp dilarang mendarat ada apa ini apakah ada ulah org jahil dr pemerintah indonesia atau memang singapura tdk terima uas klo koruptor indonesia bebas aja ngumpet di singapura ckckck,biaya,,
mnurut uas dia deportasi tp mnurut dubes ri di singapura bkn dideportasi tp dilarang mendarat ada apa ini apakah ada ulah org jahil dr pemerintah indonesia atau memang singapura tdk terima uas klo koruptor indonesia bebas aja ngumpet di singapura ckckck,aksesibilitas,,
orang ini sudah celaka suombongnya nolak pemberian hanya karena kurang banyak manusia tidak tau berterimakasih baiknya cuekin agus salim tolak duit pribadi denny sumargo rp juta sebut tak cukup untuk berobat ke singapura tcorkpoleaov lewat,biaya,,
orang ini sudah celaka suombongnya nolak pemberian hanya karena kurang banyak manusia tidak tau berterimakasih baiknya cuekin agus salim tolak duit pribadi denny sumargo rp juta sebut tak cukup untuk berobat ke singapura tcorkpoleaov lewat,fasilitas,,
cara berobat ke singapura desember dilengkapi perkiraan biaya tcovzmrpkjv,biaya,,
promo to singapore of up to rpk for flight hotel and xperience tcorohzvypm,general,,
tapi ini bener ayahku sampe berobat ke singapura ya gt deh di indo gada yg mau nanganin sampe harus bolak balik indo singapura pa di bawa ke indo eh ternyata pulang duluan yaudah gapapa carl sayang,aksesibilitas,,
masak berobat ke singapura pulang bawa ijazah s minimum tahun kuliah ini cuma kuriak sdh pegang ijazah stratum kyk nya ngibulnya sama dgn bpknya,aksesibilitas,,
pelaku utama perdagangan bayi jaringan internasional ke singapura ditangkap di bandara soekarnohatta tcoiznckuey,fasilitas,,
ustadz abdul somad kalau saya bilang kapok ke singpura sama dengan saya bilang kapok ke minangkabau karena singapura adalah tanah melayu nenek saya punya kakak anak cucunya di singapura kami orang riau melihat singapura itu bagian tanah kami tcoetcyosqa,aksesibilitas,,
risingapura sdh teken perjanjian ekstradisi dmn tujuan slh nya adlh u menangkap para koruptor bajingan tengik ayo segera pulangkan dong jgn cuma singapura gagah memulangkan uas yg bkn koruptor bkn pula teroris tcoeioblpcxb,biaya,,
risingapura sdh teken perjanjian ekstradisi dmn tujuan slh nya adlh u menangkap para koruptor bajingan tengik ayo segera pulangkan dong jgn cuma singapura gagah memulangkan uas yg bkn koruptor bkn pula teroris tcoeioblpcxb,aksesibilitas,,
andi arief dikabarkan berobat ke singapura karena mengalami masalah hati nama dahlan iskan dan cak nur disebut tcoiqrbszex tcoqmjvi,kualitas_diagnosis,,
pilih berobat ke singapura masalah kesehatan susan sameh terungkap singgung gaya hidup tcostnplyoex,biaya,,
pilih berobat ke singapura masalah kesehatan susan sameh terungkap singgung gaya hidup tcostnplyoex,kualitas_diagnosis,,
dosen ipb ikuti faculty immersion programme di ntu singapura perkuat kolaborasi internasional tcoaihawiff,fasilitas,,
padahal kan uas tidak akan ceramah kunjungannya ke untuk liburan bersama keluarganya kenapa ditolak ada notice dari pemerintah indonesia koruptor melarikan diri aman di singapura ulama liburan justru ditolak yuk kita liburannya ke turki saja,biaya,,
padahal kan uas tidak akan ceramah kunjungannya ke untuk liburan bersama keluarganya kenapa ditolak ada notice dari pemerintah indonesia koruptor melarikan diri aman di singapura ulama liburan justru ditolak yuk kita liburannya ke turki saja,fasilitas,,
padahal kan uas tidak akan ceramah kunjungannya ke untuk liburan bersama keluarganya kenapa ditolak ada notice dari pemerintah indonesia koruptor melarikan diri aman di singapura ulama liburan justru ditolak yuk kita liburannya ke turki saja,pelayanan,,
padahal kan uas tidak akan ceramah kunjungannya ke untuk liburan bersama keluarganya kenapa ditolak ada notice dari pemerintah indonesia koruptor melarikan diri aman di singapura ulama liburan justru ditolak yuk kita liburannya ke turki saja,aksesibilitas,,
dokter indonesia mementingkan uang daripada nyawa sedangkan dokter diluar negeri mementingkan nyawa manusiadokter indonesia lebih senang kasih banyak makan obat kpd pasien biar cpt mati garagara hal ini warga ri doyan berobat ke singapura amp malaysia tcoolclpuggix,biaya,,
dokter indonesia mementingkan uang daripada nyawa sedangkan dokter diluar negeri mementingkan nyawa manusiadokter indonesia lebih senang kasih banyak makan obat kpd pasien biar cpt mati garagara hal ini warga ri doyan berobat ke singapura amp malaysia tcoolclpuggix,pelayanan,,
dokter indonesia mementingkan uang daripada nyawa sedangkan dokter diluar negeri mementingkan nyawa manusiadokter indonesia lebih senang kasih banyak makan obat kpd pasien biar cpt mati garagara hal ini warga ri doyan berobat ke singapura amp malaysia tcoolclpuggix,aksesibilitas,,
garagara hal ini warga ri doyan berobat ke singapura amp malaysia tcongabiyx,general,,
kementerian pendayagunaan aparatur negara dan reformasi birokrasi resmi ditandatangani inilah lini masa perjanjian ekstradisi indonesiasingapura tcopvegbzs udah terjawab yah,pelayanan,,
kementerian pendayagunaan aparatur negara dan reformasi birokrasi resmi ditandatangani inilah lini masa perjanjian ekstradisi indonesiasingapura tcopvegbzs udah terjawab yah,aksesibilitas,,
ustadz abdul somad berangkat dengan beberapa sahabatnya beserta istri dan anaknya ust abdul somad mengunjungi singapura untuk berlibur tcoyqlqtfoaw,general,,
agar bisa diclaim sama bpjs dan cuan banyak para dokter mereka manipulasi data seperti demam harus kalo ada rujukan dan tindakan besar cuan banyak ternyata ini alasan banyak warga ri berobat ke malaysiasingapura tcomqydegiz,biaya,,
agar bisa diclaim sama bpjs dan cuan banyak para dokter mereka manipulasi data seperti demam harus kalo ada rujukan dan tindakan besar cuan banyak ternyata ini alasan banyak warga ri berobat ke malaysiasingapura tcomqydegiz,pelayanan,,
kantor imigrasi batam memastikan dokumen keimigrasian milik ustaz abdul somad uas lengkap saat melakukan perjalanan ke singapura tcokchxnbuvq,general,,
jokowi disebut akan menetap di singapura setelah lengser sudah tercium bau bau kekalahan kah kawal terus kecurangan jangan kasih ampun tcoiqiiaigr,general,,
yang salah orang kaya indonesia sendiri krn gengsi khususnya para penjabat negara dan para sultanemang org miskin bisa belanja dan berobat ke singapura,biaya,,
yang salah orang kaya indonesia sendiri krn gengsi khususnya para penjabat negara dan para sultanemang org miskin bisa belanja dan berobat ke singapura,aksesibilitas,,
yang salah orang kaya indonesia sendiri krn gengsi khususnya para penjabat negara dan para sultanemang org miskin bisa belanja dan berobat ke singapura,kualitas_diagnosis,,
dengan tujuan syahid dalam konteks konflik israelpalestina merendahkan agama lain dan menyebut kafir pihak lain itu seperti singapore bercerita bahwa di negara kita halhal seperti itu dibolehkan tcohjcmputl,general,,
gila banget nih pegawai dukcapil terlibat sindikat penjualan bayi ke singapura tcofasoudt lewat com tcomrjayubv,general,,
coba berobatnya ke singapore atau malaysia kak dijamin jawabannya bukan santet,general,,
penang always ha my heart mau share pengalamanku liburan singkat di penang mulai dari penginapan tempat belanja amp makanannyaa tcosiocvodp,pelayanan,,
temanku lagi berobat ke penang pakai jasa travel agent khusus medical tourism seperti ini benerbener diurusin sama agentnya dari pendaftaran sampai klaim asuransi kalau perlu udah tuh sama rumah sakitnya dijemput pakai alphard dari bandara,biaya,,
temanku lagi berobat ke penang pakai jasa travel agent khusus medical tourism seperti ini benerbener diurusin sama agentnya dari pendaftaran sampai klaim asuransi kalau perlu udah tuh sama rumah sakitnya dijemput pakai alphard dari bandara,fasilitas,,
temanku lagi berobat ke penang pakai jasa travel agent khusus medical tourism seperti ini benerbener diurusin sama agentnya dari pendaftaran sampai klaim asuransi kalau perlu udah tuh sama rumah sakitnya dijemput pakai alphard dari bandara,pelayanan,,
nihao bukan jjualan ya sender lagi jalanjalan di penang main ke toko obat china tradisional byk bgt tanaman herbal lngsung ke inget he suye ada licorice ada kacang merah juga susah bgt move on dr dokter satu ini tcotuudvysdug,pelayanan,,
nihao bukan jjualan ya sender lagi jalanjalan di penang main ke toko obat china tradisional byk bgt tanaman herbal lngsung ke inget he suye ada licorice ada kacang merah juga susah bgt move on dr dokter satu ini tcotuudvysdug,aksesibilitas,,
hari ini rasanya full bgt aku hb dr salatiga naik kapal di rawa pening jajan tanaman herb mawar sama buah di kopeng liat bungabunga cantik di merbabu park trs pulangnya makan bakso what a day tcofguspxse,fasilitas,,
hari ini rasanya full bgt aku hb dr salatiga naik kapal di rawa pening jajan tanaman herb mawar sama buah di kopeng liat bungabunga cantik di merbabu park trs pulangnya makan bakso what a day tcofguspxse,pelayanan,,
hari ini rasanya full bgt aku hb dr salatiga naik kapal di rawa pening jajan tanaman herb mawar sama buah di kopeng liat bungabunga cantik di merbabu park trs pulangnya makan bakso what a day tcofguspxse,aksesibilitas,,
mari berobat ke penang sajaah pemirsa cgkklia gajauh ya itung jalan kliapen tak lebih mahal dari ayce social pot adult bahkan polis setahun pun cuma jt an buat range usia thn dirawat dan berobat nyaman hidup lebih tenang tcoqkvcnbdoyt,biaya,,
mari berobat ke penang sajaah pemirsa cgkklia gajauh ya itung jalan kliapen tak lebih mahal dari ayce social pot adult bahkan polis setahun pun cuma jt an buat range usia thn dirawat dan berobat nyaman hidup lebih tenang tcoqkvcnbdoyt,fasilitas,,
mari berobat ke penang sajaah pemirsa cgkklia gajauh ya itung jalan kliapen tak lebih mahal dari ayce social pot adult bahkan polis setahun pun cuma jt an buat range usia thn dirawat dan berobat nyaman hidup lebih tenang tcoqkvcnbdoyt,pelayanan,,
mari berobat ke penang sajaah pemirsa cgkklia gajauh ya itung jalan kliapen tak lebih mahal dari ayce social pot adult bahkan polis setahun pun cuma jt an buat range usia thn dirawat dan berobat nyaman hidup lebih tenang tcoqkvcnbdoyt,aksesibilitas,,
doain ge supaya bisa cepet berobat ke penang jujur kadang capek jg sm ketidakpastian kesehatan w sendiri emak w udah ngajak tp ga bisa cuti tcogjxaofdrw,general,,
temen info dong kalau berobat kanker ke penang ibuku kanker servik stadium b butuh info bgt pgn berobat ke sana tp gangerti mekanismenya,general,,
yang bener mah kalo ada dana lebih tabung buat berobat ke penang aja guy seriusan temen yg udah pernah ke sono jg mengakui penang lebih murah dan lebih bagus lebih sat set dari r swasta di jabodetabek yg pernah dia datengin,biaya,,
yang bener mah kalo ada dana lebih tabung buat berobat ke penang aja guy seriusan temen yg udah pernah ke sono jg mengakui penang lebih murah dan lebih bagus lebih sat set dari r swasta di jabodetabek yg pernah dia datengin,fasilitas,,
berobat ke penangmelaka mau ke manamana enak juga karena klia banyak pesawat direct ke negara lain bakal ada kereta nyambung dari malaythailandlaoschina mau ngadem tinggal ke genting bahasa gada kendala lagian gmt lebih enak pa pulang kerja masih ketemu sunset tcornrvhf,pelayanan,,
berobat ke penangmelaka mau ke manamana enak juga karena klia banyak pesawat direct ke negara lain bakal ada kereta nyambung dari malaythailandlaoschina mau ngadem tinggal ke genting bahasa gada kendala lagian gmt lebih enak pa pulang kerja masih ketemu sunset tcornrvhf,aksesibilitas,,
lagi gak pengen pake backsound dulu biar agak tenang seheningampseanteng salah satunya yg lg hiatus drpd sll dibilang panjat sosialamppanjat pinang aplg selalu bawa kaum halu yg ktny disuruh berobat ke penang harap bersabar krn allah yg maha menentukan siapa yg akan jd pemenang tcowfoecjxb,fasilitas,,
lagi gak pengen pake backsound dulu biar agak tenang seheningampseanteng salah satunya yg lg hiatus drpd sll dibilang panjat sosialamppanjat pinang aplg selalu bawa kaum halu yg ktny disuruh berobat ke penang harap bersabar krn allah yg maha menentukan siapa yg akan jd pemenang tcowfoecjxb,pelayanan,,
lagi gak pengen pake backsound dulu biar agak tenang seheningampseanteng salah satunya yg lg hiatus drpd sll dibilang panjat sosialamppanjat pinang aplg selalu bawa kaum halu yg ktny disuruh berobat ke penang harap bersabar krn allah yg maha menentukan siapa yg akan jd pemenang tcowfoecjxb,kualitas_diagnosis,,
disini ada yang pernah berobat ke penang boleh rekomendasi rumah sakit dan dokter yang bagus khususnya untuk spesialis gastro ya soalnya mama ku ada keluhan dibagian ususlambung,fasilitas,,
disini ada yang pernah berobat ke penang boleh rekomendasi rumah sakit dan dokter yang bagus khususnya untuk spesialis gastro ya soalnya mama ku ada keluhan dibagian ususlambung,pelayanan,,
minggu depan cuti sekolah kan nah senarai melantak dan jenjalan penang breakfast roti canai gemas road roti cheese telur kambing roti cheese telur kambing roti canai transfer road roti ayam tcoxuqbwklj,general,,
kenapa orang indonesia banyak yang berobat ke penang malaysia ini alasannya kenapa r di indonesia tdk bisa seperti penang pdhal sebenarnya dokter dokter di indonesia jg hebat hebat apa yang salah dengan sistem kesehatan di indonesia tcoclhhnoknm,pelayanan,,
kenapa orang indonesia banyak yang berobat ke penang malaysia ini alasannya kenapa r di indonesia tdk bisa seperti penang pdhal sebenarnya dokter dokter di indonesia jg hebat hebat apa yang salah dengan sistem kesehatan di indonesia tcoclhhnoknm,aksesibilitas,,
kenapa orang indonesia banyak yang berobat ke penang malaysia ini alasannya kenapa r di indonesia tdk bisa seperti penang pdhal sebenarnya dokter dokter di indonesia jg hebat hebat apa yang salah dengan sistem kesehatan di indonesia tcoclhhnoknm,kualitas_diagnosis,,
kenapa orang aceh mayoritas berobat ke penang malaysia bukan ke jakarta selain dekat dan kami punya ikatan kuat dari zaman dahulu contoh salah satu rumah sakit di penang ini ada sumbangan dari aceh trade asociation kabarnya lebih dulu dari pada bursa efek indonesia tcoverlblm,fasilitas,,
kenapa orang aceh mayoritas berobat ke penang malaysia bukan ke jakarta selain dekat dan kami punya ikatan kuat dari zaman dahulu contoh salah satu rumah sakit di penang ini ada sumbangan dari aceh trade asociation kabarnya lebih dulu dari pada bursa efek indonesia tcoverlblm,pelayanan,,
kenapa orang aceh mayoritas berobat ke penang malaysia bukan ke jakarta selain dekat dan kami punya ikatan kuat dari zaman dahulu contoh salah satu rumah sakit di penang ini ada sumbangan dari aceh trade asociation kabarnya lebih dulu dari pada bursa efek indonesia tcoverlblm,aksesibilitas,,
kenapa orang aceh mayoritas berobat ke penang malaysia bukan ke jakarta selain dekat dan kami punya ikatan kuat dari zaman dahulu contoh salah satu rumah sakit di penang ini ada sumbangan dari aceh trade asociation kabarnya lebih dulu dari pada bursa efek indonesia tcoverlblm,kualitas_diagnosis,,
anak usia tahun kena kanker sakit kriti leukimia jaman sekarang sakit kriti ngga pandang usia sudahkah kamu dan keluarga terlindungi asuransi sakit kriti dana tunai dari pencairan manfaat asuransi sakit kriti dapat dipakai berobat ke penang malaysia jaga jaga tcokpvpiued,biaya,,
anak usia tahun kena kanker sakit kriti leukimia jaman sekarang sakit kriti ngga pandang usia sudahkah kamu dan keluarga terlindungi asuransi sakit kriti dana tunai dari pencairan manfaat asuransi sakit kriti dapat dipakai berobat ke penang malaysia jaga jaga tcokpvpiued,pelayanan,,
ni bukan kat bali tapi dekat penang je homestay kampung agong penaga pulau pinang baca thread ni untuk guide dan tip tconbpaqzcyf,aksesibilitas,,
tantowi yahya jelaskan mengapa banyak orang indonesia yang berobat ke penang malaysia tcorwkrhfvlq,aksesibilitas,,
briged para tindak pantas sebelum layak memakai beret pegasus dan sayap berdarah kena lepas latihan semangat waja diantaranya mendaki gunung ledang ikhtiar hidup mendayung perahu tempur sejauh km mara lasak sejauh km dm if interested dgn artwork mcm ini tcoiorlndg,aksesibilitas,,
jomkitatravel luxury beach boutique hotel di penang yang sangat cantik lokasi lone pine the boutique hotel by the beach batu ferringhi penang sumber facebook place malaysia tcotaasjwevo,aksesibilitas,,
sampai penang kalau tak tau nak makan mana mai sini makanan rancak nasi campur fendi ikan bakar seawal pg lauk belambak dah sarapan rancak by the sea roti jala pulut kuning nasik lemak roti bakar bubur dan etc boleh layan view laut tgk jambatan tcoizrinjl,general,,
orang pegawai bomba pasukan penyelamat di air ppda dilaporkan lemas ketika menjalankan operasi pencarian seorang budak yang terjatuh dan hilang di kawasan lombong kat taman putra mangsa masih lagi belum dijumpai takziah kepada herohero kita al fatihah tcoppmzjwpet,pelayanan,,
plus minus berobat ke penang malaysia versi aku buat kamu yang lagi cari alternatif pengobatan di luar negeri penang bisa jadi pilihan menarik di thread ini aku bahas plus minusnya termasuk soal rumah sakit asuransi biaya transportasi sampai makanan,biaya,,
plus minus berobat ke penang malaysia versi aku buat kamu yang lagi cari alternatif pengobatan di luar negeri penang bisa jadi pilihan menarik di thread ini aku bahas plus minusnya termasuk soal rumah sakit asuransi biaya transportasi sampai makanan,fasilitas,,
plus minus berobat ke penang malaysia versi aku buat kamu yang lagi cari alternatif pengobatan di luar negeri penang bisa jadi pilihan menarik di thread ini aku bahas plus minusnya termasuk soal rumah sakit asuransi biaya transportasi sampai makanan,pelayanan,,
plus minus berobat ke penang malaysia versi aku buat kamu yang lagi cari alternatif pengobatan di luar negeri penang bisa jadi pilihan menarik di thread ini aku bahas plus minusnya termasuk soal rumah sakit asuransi biaya transportasi sampai makanan,aksesibilitas,,
pulau jerejak penang cantik sini untuk bergambar naik boat dalam min jer ye dari jetty dekat dengan quensbay mall tu harga cuma rm sampai sana boleh puas bergambar pulau jerejak penang tcoatebzwvy,biaya,,
pulau jerejak penang cantik sini untuk bergambar naik boat dalam min jer ye dari jetty dekat dengan quensbay mall tu harga cuma rm sampai sana boleh puas bergambar pulau jerejak penang tcoatebzwvy,pelayanan,,
pulau jerejak penang cantik sini untuk bergambar naik boat dalam min jer ye dari jetty dekat dengan quensbay mall tu harga cuma rm sampai sana boleh puas bergambar pulau jerejak penang tcoatebzwvy,aksesibilitas,,
pantesan pada berobat ke penang soalnya di sini catatan medis pasien dibikin ajang adu kaget dokterdokter medsos,pelayanan,,
pantesan pada berobat ke penang soalnya di sini catatan medis pasien dibikin ajang adu kaget dokterdokter medsos,kualitas_diagnosis,,
iya guy kalo ada duit mending lgsg berobat ke penang aja biayanya juga kalo di itung ga beda jauh sama disini pengalaman dr almh mama ku dlu berobat d salah satu r d tgr yg lumayan terkenal masuk igd awal pertama diagnosa lambung sama kurang natrium aja c,biaya,,
iya guy kalo ada duit mending lgsg berobat ke penang aja biayanya juga kalo di itung ga beda jauh sama disini pengalaman dr almh mama ku dlu berobat d salah satu r d tgr yg lumayan terkenal masuk igd awal pertama diagnosa lambung sama kurang natrium aja c,pelayanan,,
iya guy kalo ada duit mending lgsg berobat ke penang aja biayanya juga kalo di itung ga beda jauh sama disini pengalaman dr almh mama ku dlu berobat d salah satu r d tgr yg lumayan terkenal masuk igd awal pertama diagnosa lambung sama kurang natrium aja c,aksesibilitas,,
iya guy kalo ada duit mending lgsg berobat ke penang aja biayanya juga kalo di itung ga beda jauh sama disini pengalaman dr almh mama ku dlu berobat d salah satu r d tgr yg lumayan terkenal masuk igd awal pertama diagnosa lambung sama kurang natrium aja c,kualitas_diagnosis,,
mengejutkan kopi terenak selama gue di penang ini ternyata ada di lea bean amp living coffeeshop yang cuma buka seninjumat jam ini siangnya jadi biro arsitek yg bikin kopinya empunya biro tcoksittnu,fasilitas,,
nape la i tak tau ada cafe cantik ni kat penang vibe dia ala ala cafe kat bali sikit best best dekat georgetown je pun lepas ni siapa pergi penang boleh la lepak sini tcoqsgyizncy,aksesibilitas,,
kalau pergi penang jangan makan dekat tempat viral makan dekat tempat orang penang selalu pergi pasemboq dia sedap yakmat kareem pasembor penang tcogocefwjz,aksesibilitas,,
adakah yg taupernah berobat ke penang sender boleh tanya ayah sender sakit kanker dokter yg nanganinnya blg gk sanggup operasi,pelayanan,,
berobat ke penang malaysia ngga di tanggung bpjs sudahkah kamu memiliki perlindungan sakit kriti dana tunai dari manfaat pencairan sakit kriti bisa dipakai berobat ke penang malaysia jaga jaga tcovbwdvcswc,biaya,,
berobat ke penang malaysia ngga di tanggung bpjs sudahkah kamu memiliki perlindungan sakit kriti dana tunai dari manfaat pencairan sakit kriti bisa dipakai berobat ke penang malaysia jaga jaga tcovbwdvcswc,pelayanan,,
dah bener emang orang indo kalo sakit mending berobat ke penang,pelayanan,,
temen ada berobat ke penang katanya yg paling istimewa tuh kita mau berobat ke sana tuh udah ga perlu mikirin ketelebece ada agensi gratis yg akan melayani kita supaya dpt dokter jam brapa nginap di mana selesai pulang,biaya,,
temen ada berobat ke penang katanya yg paling istimewa tuh kita mau berobat ke sana tuh udah ga perlu mikirin ketelebece ada agensi gratis yg akan melayani kita supaya dpt dokter jam brapa nginap di mana selesai pulang,pelayanan,,
temen ada berobat ke penang katanya yg paling istimewa tuh kita mau berobat ke sana tuh udah ga perlu mikirin ketelebece ada agensi gratis yg akan melayani kita supaya dpt dokter jam brapa nginap di mana selesai pulang,aksesibilitas,,
saranku kalau emang long term di indo better ambil coverage private insurance yang sampe malaysia biar bisa berobat ke penang mamaku pernah di sini ga sembuh terus dibawa ke penang sekali visit langsung ketauan root causenya,pelayanan,,
pantes orang yg kelebihan duit pada berobat ke penang tcondxhtpaxvp,biaya,,
pantes orang yg kelebihan duit pada berobat ke penang tcondxhtpaxvp,kualitas_diagnosis,,
fenomena menarik dari candi pertapan di puncak iii gunung pêgat di blitar dua tradisi pernah hidup berdampingan yaitu tradisi pahat megalitik dan monolith andesit dengan lapik padmasana ganda prasasti subhasita berangka tahun śaka atau oktober tcooeknfmckh,general,,
seorang nasabah manulife di indonesia didiagnosa tipu tapi pasien curiga ngga sembuh² lalu second opini ke penang malaysia di cek ternyata kena kanker sudahkah kamu terlindungi asuransi sakit kriti dana tunai pencairan sakit kriti dapat dipakai berobat ke penang,biaya,,
seorang nasabah manulife di indonesia didiagnosa tipu tapi pasien curiga ngga sembuh² lalu second opini ke penang malaysia di cek ternyata kena kanker sudahkah kamu terlindungi asuransi sakit kriti dana tunai pencairan sakit kriti dapat dipakai berobat ke penang,pelayanan,,
seorang nasabah manulife di indonesia didiagnosa tipu tapi pasien curiga ngga sembuh² lalu second opini ke penang malaysia di cek ternyata kena kanker sudahkah kamu terlindungi asuransi sakit kriti dana tunai pencairan sakit kriti dapat dipakai berobat ke penang,aksesibilitas,,
seorang nasabah manulife di indonesia didiagnosa tipu tapi pasien curiga ngga sembuh² lalu second opini ke penang malaysia di cek ternyata kena kanker sudahkah kamu terlindungi asuransi sakit kriti dana tunai pencairan sakit kriti dapat dipakai berobat ke penang,kualitas_diagnosis,,
ada yg pernah berobat ke penang gak,general,,
penyanyi vidi aldiano kembali ke penang malaysia untuk berobat kanker ginjal stadium ia meminta doa dan dukungan dari sahabat untuk menjalani pengobatan tcovqivlqtb,general,,
nak tahu betapa hebatnya medical tourism di penang tengok apa yang sunway buat kat seberang jaya tu dia buka sunway medical centre sebelah sunway hotel seberang jaya dan sepelaung dari situ ialah sunway carnival mall rawat di hospital rehat di hotel dan riang ria di mall tcordkwvgxbry,fasilitas,,
semua org juni ke bkk gw ke penang berobat,general,,
untuk berobat ke penang ikuti langkah ini pilih rumah sakit seperti gleneagles atau island hospital hubungi rumah sakit atau agen seperti tcobxwhzestbv untuk buat janji siapkan rekam medis dan paspor minimal berlaku bulan pesan tiket,fasilitas,,
untuk berobat ke penang ikuti langkah ini pilih rumah sakit seperti gleneagles atau island hospital hubungi rumah sakit atau agen seperti tcobxwhzestbv untuk buat janji siapkan rekam medis dan paspor minimal berlaku bulan pesan tiket,pelayanan,,
untuk berobat ke penang ikuti langkah ini pilih rumah sakit seperti gleneagles atau island hospital hubungi rumah sakit atau agen seperti tcobxwhzestbv untuk buat janji siapkan rekam medis dan paspor minimal berlaku bulan pesan tiket,kualitas_diagnosis,,
awal bulan kmaren tiba tiba di bawa ke ugd karna dadanya sakit bgt sampe sesak nafas ternyata hasil petscannya ada benjolan di paru paru sebesar cm langsung rembukan keluarga dan keputusannya berobat ke penang pagi ini dpt kabar kalo kankernya udh nyebar,pelayanan,,
awal bulan kmaren tiba tiba di bawa ke ugd karna dadanya sakit bgt sampe sesak nafas ternyata hasil petscannya ada benjolan di paru paru sebesar cm langsung rembukan keluarga dan keputusannya berobat ke penang pagi ini dpt kabar kalo kankernya udh nyebar,kualitas_diagnosis,,
ting lu gamau berobat ke penang aja kah,general,,
sept cuti aku ajak colleague pergi penang terus plan tadi haha sabtu ahad isnin selasa off,aksesibilitas,,
habis baca pengalaman awal mula org berobat ke penang jd aga suuzon sm dokter disini ya allah pen punya uang banyak pen berobat ke penang,biaya,,
habis baca pengalaman awal mula org berobat ke penang jd aga suuzon sm dokter disini ya allah pen punya uang banyak pen berobat ke penang,pelayanan,,
if only aku bisa make uang yg bbrp keluarga hamburin buat berobat ke penang buat bayarin px yang ga keklaim bpjs,biaya,,
gw dikatain jelek sama temen sekelas yg gw temenin berobat ke penang pantes gw kmrn pengen nyusulin lu meski ga jadi krna gw kejebak macet klo ada disitu gw katain balik klo dia juga jelek ya berarti gw jelek dong gw ga bisa ngehina fisik lu ga jelek dia mulai duluan,fasilitas,,
gw dikatain jelek sama temen sekelas yg gw temenin berobat ke penang pantes gw kmrn pengen nyusulin lu meski ga jadi krna gw kejebak macet klo ada disitu gw katain balik klo dia juga jelek ya berarti gw jelek dong gw ga bisa ngehina fisik lu ga jelek dia mulai duluan,kualitas_diagnosis,,
teringat obrolan dengan ibuku td malam mak berobat ke penang bgm nggak usah ngapain tuh tetangga yg sakit spt mak berobat jauh ke sana pulang² juga sdh meninggal tcopcaavkkbg,pelayanan,,
teringat obrolan dengan ibuku td malam mak berobat ke penang bgm nggak usah ngapain tuh tetangga yg sakit spt mak berobat jauh ke sana pulang² juga sdh meninggal tcopcaavkkbg,aksesibilitas,,
apakah ada mutualku yg pernah berobat ke penang mau tanya kalau ada yg pernah,general,,
ayo semua berobat ke penang sj,general,,
mending berobat ke penang guy,general,,
waktu jadi bantara pramuka di sma dulu salah satu pengalaman paling saya nikmati adalah ketika diberi ruang untuk membuat ideide kegiatan sendiri di usia tahun itu terasa seperti jadi project manager kecilkecilan salah satu ide hebat saya waktu itu mengajak puluhan tcobrjpbivgz,biaya,,
waktu jadi bantara pramuka di sma dulu salah satu pengalaman paling saya nikmati adalah ketika diberi ruang untuk membuat ideide kegiatan sendiri di usia tahun itu terasa seperti jadi project manager kecilkecilan salah satu ide hebat saya waktu itu mengajak puluhan tcobrjpbivgz,pelayanan,,
waktu jadi bantara pramuka di sma dulu salah satu pengalaman paling saya nikmati adalah ketika diberi ruang untuk membuat ideide kegiatan sendiri di usia tahun itu terasa seperti jadi project manager kecilkecilan salah satu ide hebat saya waktu itu mengajak puluhan tcobrjpbivgz,kualitas_diagnosis,,
gue kalo punya duit banyak juga mau berobat ke penang,biaya,,
bkn karena tajir nder papaku kmrn udh bolak balik r besar di medan semua dokter blg gada sakit apa apa sekali pergi ke penang langsung ketauan ada penyumbatan jantung dan juga berobat ke malay in my case penang masih lumayan terjangkau kok,biaya,,
bkn karena tajir nder papaku kmrn udh bolak balik r besar di medan semua dokter blg gada sakit apa apa sekali pergi ke penang langsung ketauan ada penyumbatan jantung dan juga berobat ke malay in my case penang masih lumayan terjangkau kok,pelayanan,,
bkn karena tajir nder papaku kmrn udh bolak balik r besar di medan semua dokter blg gada sakit apa apa sekali pergi ke penang langsung ketauan ada penyumbatan jantung dan juga berobat ke malay in my case penang masih lumayan terjangkau kok,aksesibilitas,,
gue berobat ke penang soalny di indo ga ketemu miom nya,general,,
bapakku kena tipu disaat kami siapsiap mau berobat ke penang aku sakit mau marah tapi mau gimana lagi mending mati ajalah gwej anjienkk,pelayanan,,
save jer dulu datang penang nanti korang boleh try this stand up paddle kira new aktiviti jugak ni sambil layan sunset sambil korang berpaddle dekat sekitar pantai batu feringgi asyik naik bukit bendera jer ubah sikit itinerary tcoafjreycpu,aksesibilitas,,
rill pa berobat di salah satu r terkenal di indo amp x konsul di hd gw di diagnosa kena penyakit lupus pa berobat ke penang katanya cuma alergi dingin amp debu langsung semangat hidup lagi,pelayanan,,
rill pa berobat di salah satu r terkenal di indo amp x konsul di hd gw di diagnosa kena penyakit lupus pa berobat ke penang katanya cuma alergi dingin amp debu langsung semangat hidup lagi,kualitas_diagnosis,,
oke februari mulai berobat ke penang,general,,
kalimat lucu hr ni berobat ke penang aja pake bpjs yg ngomong dlm keadaan mabok daging kh emg prnh lu ke penang pake bpjs kocak,biaya,,
kagak usah jadi dokter dah asli jadi ustazah aja sana pantes pada berobat ke penang lulusan mana si,pelayanan,,
kagak usah jadi dokter dah asli jadi ustazah aja sana pantes pada berobat ke penang lulusan mana si,kualitas_diagnosis,,
ya allah mampukan hamba yg kesabarannya setipis tisu ini untuk bawa orangtua hamba berobat ke penang aja ya allah ga sanggup antri lama begini tcozogoitfngf,biaya,,
ya allah mampukan hamba yg kesabarannya setipis tisu ini untuk bawa orangtua hamba berobat ke penang aja ya allah ga sanggup antri lama begini tcozogoitfngf,pelayanan,,
ya allah mampukan hamba yg kesabarannya setipis tisu ini untuk bawa orangtua hamba berobat ke penang aja ya allah ga sanggup antri lama begini tcozogoitfngf,aksesibilitas,,
gw jadi author au pernah syopi affiliate udah sekarang malah jadi agen asuransi wkwk beneran w mencoba segala macam profesi keknya tapi seriusan kalo ada yg butuh asuransi tradisional no unit link bisa hubungin w yakk jutaan pertahun dah bisa berobat ke penang,biaya,,
katanya berobat ke penang itu bagustai ucing tai pedutlah,fasilitas,,
yang bikin orang² indo berobat ke penang ya bgini nih,general,,
susah banget nyari dokter terpercaya sih di indo papa dikasih obat macem pa diliat sama dokter yang udah terpercaya disuruh buang obat karena gaboleh digabung minumnya wajar lah orang berobat ke penang ditambah lagi administrasi ribet,biaya,,
susah banget nyari dokter terpercaya sih di indo papa dikasih obat macem pa diliat sama dokter yang udah terpercaya disuruh buang obat karena gaboleh digabung minumnya wajar lah orang berobat ke penang ditambah lagi administrasi ribet,pelayanan,,
susah banget nyari dokter terpercaya sih di indo papa dikasih obat macem pa diliat sama dokter yang udah terpercaya disuruh buang obat karena gaboleh digabung minumnya wajar lah orang berobat ke penang ditambah lagi administrasi ribet,kualitas_diagnosis,,
jomkitapergi hidden gem di penang ala ala bali gituh lokasi homestay kampung agong penaga penang tiket masuk rm sahaja sumber facebook kaki travel tcootqmivq,aksesibilitas,,
jujur pengen bgt berobat ke penang karena perut w beneran sakit bgt kadang tapi nyokap kasih izinnya disuruh disini sedangkan gw beneran trust issue bgt klo berobat disini,pelayanan,,
no like a a nurse in an exclusive hospital aku paham kenapa banyak orang yang pengen berobat ke penang respect banget sama dokter dokter yang bekerja sesuai passion verbal order singkat padat tepat sasaran i m tired of all these dokter pedagang,fasilitas,,
no like a a nurse in an exclusive hospital aku paham kenapa banyak orang yang pengen berobat ke penang respect banget sama dokter dokter yang bekerja sesuai passion verbal order singkat padat tepat sasaran i m tired of all these dokter pedagang,pelayanan,,
no like a a nurse in an exclusive hospital aku paham kenapa banyak orang yang pengen berobat ke penang respect banget sama dokter dokter yang bekerja sesuai passion verbal order singkat padat tepat sasaran i m tired of all these dokter pedagang,kualitas_diagnosis,,
info bagus tentang orang indonesia berobat ke penang tcourjqrzp,fasilitas,,
info bagus tentang orang indonesia berobat ke penang tcourjqrzp,aksesibilitas,,
bestied so hard sampe dimintain tolong nemenin bapaknya ke penang buat berobat berasa punya bapak lagi,general,,
fakta pahit yang harus kita terima pasien di r penang adalah orang indonesia bukan karena kita tak punya dokter hebat tapi karena sistem kita sering bikin rakyat putus asa mahal lambat ribet dan kadang terasa seperti ladang bisnis saat orang merasa lebih dihargai,biaya,,
fakta pahit yang harus kita terima pasien di r penang adalah orang indonesia bukan karena kita tak punya dokter hebat tapi karena sistem kita sering bikin rakyat putus asa mahal lambat ribet dan kadang terasa seperti ladang bisnis saat orang merasa lebih dihargai,pelayanan,,
fakta pahit yang harus kita terima pasien di r penang adalah orang indonesia bukan karena kita tak punya dokter hebat tapi karena sistem kita sering bikin rakyat putus asa mahal lambat ribet dan kadang terasa seperti ladang bisnis saat orang merasa lebih dihargai,aksesibilitas,,
wkwkkww pa om m ke penang kocak dh berobat disini kluar jt diketawain dokterny dblg kg ad sakit ap ke penang cm jt ud termasuk obat x te lgsg ketauan sakit apa ditanya sm om butuh te lg ga ktnya gausah krn ud ketauan wkwkw ya pantes org pd berobat kesana cok,pelayanan,,
wkwkkww pa om m ke penang kocak dh berobat disini kluar jt diketawain dokterny dblg kg ad sakit ap ke penang cm jt ud termasuk obat x te lgsg ketauan sakit apa ditanya sm om butuh te lg ga ktnya gausah krn ud ketauan wkwkw ya pantes org pd berobat kesana cok,kualitas_diagnosis,,
makin mahal berobat ke penang,biaya,,
hari ini om berangkat berobat ke penang semoga ikhtiar ini membawa kabar baik,fasilitas,,
kek on the other side juga keluarga and temen gw yg keluarganya dokter aja memilih berobat ke penang atau luar negeri kalau dipikir ya berarti mereka jg gak percaya sama r di dalem negeri,pelayanan,,
harusnya mikirlah kenapa org indo lebih milih berobat ke penang dibandingkan berobat ke negara sendiri,general,,
kalo gua punya duit sebanyak raffi ahmad yg gua lakuin pertama kali adalah bawa nenek berobat ke penang,biaya,,
mending berobat ke penang,general,,
banyak pasien habis berobat penang berobat lagi ke indo pake bpjs wkwk di penang diperiksa semua lab karena bayar tunai di indo lu pake bpjs mau harap apa,biaya,,
banyak pasien habis berobat penang berobat lagi ke indo pake bpjs wkwk di penang diperiksa semua lab karena bayar tunai di indo lu pake bpjs mau harap apa,fasilitas,,
banyak pasien habis berobat penang berobat lagi ke indo pake bpjs wkwk di penang diperiksa semua lab karena bayar tunai di indo lu pake bpjs mau harap apa,kualitas_diagnosis,,
warga kabupaten aja sekarang udah pada melek buat berobat mending ke penang wkwk,general,,
kami orang daerah banyak yg berobat ke penang best,general,,
bahkan dari gue tinggal di medan tahun banyak keluarganya temen² gue senengnya berobat ke penang,general,,
dokter ngomong gini oke terima kasih makin semangat nabung buat berobat ke penang,pelayanan,,
kl ditanya knp pd berobat ke penang ya ini jd slh satu alasan,general,,
panteslah pada berobat ke penang,kualitas_diagnosis,,
warga medan aceh pku padang setiap demam berobat ke penang wkwkwkwkwk,general,,
siaran medium ketua polis daerah penampang bertarikh ogos polis buru empat tahanan lelaki melarikan diri dari pusat kuarantin covid sumber fb polis daerah penampang tcosswuilvtdx,general,,
pantes ya pada milih berobat ke penang kualitas doktee indonesia kaya gini,biaya,,
pantes ya pada milih berobat ke penang kualitas doktee indonesia kaya gini,fasilitas,,
pantes ya pada milih berobat ke penang kualitas doktee indonesia kaya gini,aksesibilitas,,
pantes ya pada milih berobat ke penang kualitas doktee indonesia kaya gini,kualitas_diagnosis,,
ya emang bener mamakku aja berobat di rsu ternama di daerah aku disuruh operasi batu ginjal berobat ke penang wahh cuma di laser aja ga sampe seharian bjir trus kedua sakit lagi tahun kemudian operasi gagal meninggoy tengkyu indonesaaaaa,fasilitas,,
ya emang bener mamakku aja berobat di rsu ternama di daerah aku disuruh operasi batu ginjal berobat ke penang wahh cuma di laser aja ga sampe seharian bjir trus kedua sakit lagi tahun kemudian operasi gagal meninggoy tengkyu indonesaaaaa,pelayanan,,
an awal banyak banget mahasiswa malaysia kuliah fk di padang univ andalas keatas banyak banget warga sumatera milih berobat ke penangmalaka wkwk,general,,
tinggal berobat ke penang kaya om lu,biaya,,
saatnya menjadi kaya dan berobat ke penang or sg saja,biaya,,
nanti ada saatnya gw kalo mau berobat ke penang,general,,
well well well inilah saatnya saya untuk segera berobat ke penang,general,,
jauhnya penang,aksesibilitas,,
obi raisa dibawa berobat ke penang malaysia aja biar cepet sembuh bisa liatt ayo,pelayanan,,
otw berobat ke penang wkwkw,general,,
jomkitapergi tempat wajib korang pergi untuk makan amp bergambar dekat penang rt amp ajak geng bawang geng gossip geng sewel geng gedikss and geng travel korang kredit penangfoodie tcoqsoaihevo,aksesibilitas,,
emg kok bpjs jelek makanya pd berobat ke penang ga heran kualitas kesehatan di indon jelek dan pd milih ke penang ato ga singapura lol,biaya,,
emg kok bpjs jelek makanya pd berobat ke penang ga heran kualitas kesehatan di indon jelek dan pd milih ke penang ato ga singapura lol,fasilitas,,
emg kok bpjs jelek makanya pd berobat ke penang ga heran kualitas kesehatan di indon jelek dan pd milih ke penang ato ga singapura lol,kualitas_diagnosis,,
liat video vidi aldiano yg berobat ke penang dan bbrapa kenalan juga yg berobat kesana dan dapet treatment yg cocok pengen banget ngajak ibuk kesana pengen ibuk dapet pengobatan maksimal biar sehat kaya dulu lagi bismillah bisa ya,biaya,,
liat video vidi aldiano yg berobat ke penang dan bbrapa kenalan juga yg berobat kesana dan dapet treatment yg cocok pengen banget ngajak ibuk kesana pengen ibuk dapet pengobatan maksimal biar sehat kaya dulu lagi bismillah bisa ya,pelayanan,,
juli ku jadwalnya padat juga ya awal bulan berobat ke penang pertengahan bulan ngunjungi biasku d thailand,general,,
oh iya saran utk yg mau berobat ke penang kalo beli obat bisa kok gak mestik beli di r dokternya pun ntar kasih pilihan mau beli di apotik ato r kalo dokter lupa nawarin lgsg aja bilang beli di luar beli di wellings aja lebih murah dan harganya jauh berbeza dgn di r,biaya,,
oh iya saran utk yg mau berobat ke penang kalo beli obat bisa kok gak mestik beli di r dokternya pun ntar kasih pilihan mau beli di apotik ato r kalo dokter lupa nawarin lgsg aja bilang beli di luar beli di wellings aja lebih murah dan harganya jauh berbeza dgn di r,pelayanan,,
oh iya saran utk yg mau berobat ke penang kalo beli obat bisa kok gak mestik beli di r dokternya pun ntar kasih pilihan mau beli di apotik ato r kalo dokter lupa nawarin lgsg aja bilang beli di luar beli di wellings aja lebih murah dan harganya jauh berbeza dgn di r,aksesibilitas,,
lah kata gue ortu di indo buat pengobatan kanker habis sekitar m dan gak tertolong sekarang kalo gak urgent bokap langsung suruh berobat ke penang kalo urgent langsung ke r indo dan tunggu baikan dikit baru bawa ke penang,fasilitas,,
wkwkwkw mak gw berobat ke penang dan pa ke penang pasien kebanyakan ai sby berobat kesono kocaq,general,,
maaf tapi ga akan heran kalo makin banyak orang indonesia berobat ke penang karena takut ketemu dokter yang gini ukom tuh bare minimum bangettt karena apa dokter itu ngadepinnya manusia belum lagi kalo terjun lapangan tuh banyak case berbedabeda dari pasien,pelayanan,,
maaf tapi ga akan heran kalo makin banyak orang indonesia berobat ke penang karena takut ketemu dokter yang gini ukom tuh bare minimum bangettt karena apa dokter itu ngadepinnya manusia belum lagi kalo terjun lapangan tuh banyak case berbedabeda dari pasien,aksesibilitas,,
dan ini juga salah satu alasan bbrp customer ku yg reguler prefer berobat ke penang atau singapore,kualitas_diagnosis,,
dari dulu juga orang sumatera berobat ke penang akomodasi murah pelayanan bagus,biaya,,
dari dulu juga orang sumatera berobat ke penang akomodasi murah pelayanan bagus,fasilitas,,
dari dulu juga orang sumatera berobat ke penang akomodasi murah pelayanan bagus,pelayanan,,
wah iniiiiiii super bangsat ya kuharap juga org punya duit berobat ke penang saja semuanya lah bpjs juga rugi kok bayarnya ke kami,biaya,,
ngebaca ini jd inget momen pa sebelum wisuda kmrn aku sempet mau bawa ayahku berobat ke penang jg,general,,
masyarakat dokter indonesia goblok mending berobat ke penang ga ribet pulangpulang sembuh meanwhile masyarakatnya,pelayanan,,
masyarakat dokter indonesia goblok mending berobat ke penang ga ribet pulangpulang sembuh meanwhile masyarakatnya,aksesibilitas,,
nanti setelah pulang umrah aku pergi lagi sama mamaku berobat ke penang mudah an semuanya lancar amin,pelayanan,,
nanti setelah pulang umrah aku pergi lagi sama mamaku berobat ke penang mudah an semuanya lancar amin,aksesibilitas,,
with all due respect kalo you ada rezeki berlebih mending klo berobat ke penang daripada mutermuterin r terkenal tercihuy tapi di indo,general,,
gak heran kalau kebanyakan orang aceh sumatera utara dan surabaya seneng berobat ke penang last time cek ke dokter saraf di loh guan lye penang dikasih opsi penanganan tentu saja ku pilih yang paling mudah dan murah hotel gak mahal makanan enak halal pun banyak,biaya,,
gak heran kalau kebanyakan orang aceh sumatera utara dan surabaya seneng berobat ke penang last time cek ke dokter saraf di loh guan lye penang dikasih opsi penanganan tentu saja ku pilih yang paling mudah dan murah hotel gak mahal makanan enak halal pun banyak,pelayanan,,
gak heran kalau kebanyakan orang aceh sumatera utara dan surabaya seneng berobat ke penang last time cek ke dokter saraf di loh guan lye penang dikasih opsi penanganan tentu saja ku pilih yang paling mudah dan murah hotel gak mahal makanan enak halal pun banyak,aksesibilitas,,
gak heran kalau kebanyakan orang aceh sumatera utara dan surabaya seneng berobat ke penang last time cek ke dokter saraf di loh guan lye penang dikasih opsi penanganan tentu saja ku pilih yang paling mudah dan murah hotel gak mahal makanan enak halal pun banyak,kualitas_diagnosis,,
just such a sumatera thing mending berobat ke penang,general,,
buat lu yg punya banyak duit mending berobat ke penang daripada dimari dokternya mental pembully sama pemerkosa,biaya,,
buat lu yg punya banyak duit mending berobat ke penang daripada dimari dokternya mental pembully sama pemerkosa,pelayanan,,
brainrot aku skrg nonton video org thai liburan ke penang,general,,
bener kokk ini org greja ada yg kena padahal baru mid s skrg kudu berobat ke penang,general,,
pantesan banyak yang milih berobat ke penang kasus bullying ppds semakin diikutin semakim merinding gue mana pada kompak bgt menutup²i yang parah malah sejawatnya menormalisasi dahlah emg kudu sehat semua jangan sampe pada sakit in this economy,pelayanan,,
pantesan banyak yang milih berobat ke penang kasus bullying ppds semakin diikutin semakim merinding gue mana pada kompak bgt menutup²i yang parah malah sejawatnya menormalisasi dahlah emg kudu sehat semua jangan sampe pada sakit in this economy,kualitas_diagnosis,,
yang mau berobat ke penangkl dm aja ya saya bisa bantu urus,general,,
ish dulu nakes dihina hina gara gara berobat ke penang eh sekarang ginian,general,,
yok kita yg udah gede kerja lebih kera biar ada tabungan buat berobat ke penang dokter indo generasi berikutnya nanti yang ngobatin kita pake what is this,pelayanan,,
diskursusnya makin kemana malah balik lagi ke diskursus jadul pantes kalo orang sini punya duit pilih berobat ke penang,biaya,,
diskursusnya makin kemana malah balik lagi ke diskursus jadul pantes kalo orang sini punya duit pilih berobat ke penang,fasilitas,,
diskursusnya makin kemana malah balik lagi ke diskursus jadul pantes kalo orang sini punya duit pilih berobat ke penang,kualitas_diagnosis,,
broke orang timorleste berobat ke penang karena lebih murah daripada bali woke ayo pemrenta indon jangan biarkan ini bespoke timorleste membangun kawasan ekonomi khusus wisata kesehatan menyasar pasar indonesia dan malaysia,biaya,,
broke orang timorleste berobat ke penang karena lebih murah daripada bali woke ayo pemrenta indon jangan biarkan ini bespoke timorleste membangun kawasan ekonomi khusus wisata kesehatan menyasar pasar indonesia dan malaysia,aksesibilitas,,
jalani pengobatan kanker di penang vidi aldiano bismillah tcomvnnumxbv,general,,
pelayanan keimigrasian amp kekonsuleran ke tengah komunitas wni di sungai petani kedah kjri penang sukses menyelenggarakan pelayanan dan sosialisasi kekonsulerankeimigrasian di sungai petani kedah berkolaborasi dengan paguyuban anak nusantara pantura tcoacebwav,fasilitas,,
pelayanan keimigrasian amp kekonsuleran ke tengah komunitas wni di sungai petani kedah kjri penang sukses menyelenggarakan pelayanan dan sosialisasi kekonsulerankeimigrasian di sungai petani kedah berkolaborasi dengan paguyuban anak nusantara pantura tcoacebwav,pelayanan,,
setelah sempat nyicip salah satu r di penang baru relate knp banyak org indonesia belain berobat ke penangkuching biaya kayak r mitra keluarga pelayanan kayak rspi bukan yg murah banget tp all the staff were hospitable and you get the assurance that the service is good,biaya,,
setelah sempat nyicip salah satu r di penang baru relate knp banyak org indonesia belain berobat ke penangkuching biaya kayak r mitra keluarga pelayanan kayak rspi bukan yg murah banget tp all the staff were hospitable and you get the assurance that the service is good,fasilitas,,
setelah sempat nyicip salah satu r di penang baru relate knp banyak org indonesia belain berobat ke penangkuching biaya kayak r mitra keluarga pelayanan kayak rspi bukan yg murah banget tp all the staff were hospitable and you get the assurance that the service is good,pelayanan,,
setelah sempat nyicip salah satu r di penang baru relate knp banyak org indonesia belain berobat ke penangkuching biaya kayak r mitra keluarga pelayanan kayak rspi bukan yg murah banget tp all the staff were hospitable and you get the assurance that the service is good,aksesibilitas,,
setelah sempat nyicip salah satu r di penang baru relate knp banyak org indonesia belain berobat ke penangkuching biaya kayak r mitra keluarga pelayanan kayak rspi bukan yg murah banget tp all the staff were hospitable and you get the assurance that the service is good,kualitas_diagnosis,,
udh bener berobat ke penang bangsat emg takut bener cara berfikir dokter spesialis bedah kaya gini bisa tinggaleun gunting dina beteung,biaya,,
udh bener berobat ke penang bangsat emg takut bener cara berfikir dokter spesialis bedah kaya gini bisa tinggaleun gunting dina beteung,pelayanan,,
giliran berobat ke penang takjub banget dokternya nanyain semua hal care banget dokternya,pelayanan,,
weh yang kemaren bilang mau berobat ke penang kalo ada duit udah ke penang aja kalian dah mereka ini memang oknum tapi kelakuan oknum nih gak kasat mata ya gak bisa tau mana manusia yang waras mana yang gak waras masyarakat jadi korbannya mnyettt tindak bro,biaya,,
gabungin perth pond ohm gemini dalam satu foto itu namanya pengen bikin gue pingsan langsung sehat gue sehat total terimakasih ya allah ternyata ini hasil kesabaran gue sakit hari sangat worth it hidup gue worth it,pelayanan,,
gabungin perth pond ohm gemini dalam satu foto itu namanya pengen bikin gue pingsan langsung sehat gue sehat total terimakasih ya allah ternyata ini hasil kesabaran gue sakit hari sangat worth it hidup gue worth it,kualitas_diagnosis,,
aku jg ngeluh tiket mahal krna rencana berobat ke penang jd ketunda yatapi gak gini jugaaa yg kau posting itu tiket bisnis garuda dan transit ya jelas sangat mahal,biaya,,
oot tp aku mendukung org berduit berobat ke penang drpd mrk pake bpjs yg sebenernya diperuntukan utk rakyat menengah menengah ke bawah asuransi swasta ada jg yg cover ke penang,biaya,,
nder mending ke penang kalo mampu dlu kakak ipar ak pa hamil besar ada masalah pencernaan dibilang usus buntu dan kemungkinan bayi ga selamat kalau operasi pa dialihin ke penang taunya cuman bab ga lancar tergantung r indo ya klo terpercaya alhamdulillah,biaya,,
nder mending ke penang kalo mampu dlu kakak ipar ak pa hamil besar ada masalah pencernaan dibilang usus buntu dan kemungkinan bayi ga selamat kalau operasi pa dialihin ke penang taunya cuman bab ga lancar tergantung r indo ya klo terpercaya alhamdulillah,pelayanan,,
nder mending ke penang kalo mampu dlu kakak ipar ak pa hamil besar ada masalah pencernaan dibilang usus buntu dan kemungkinan bayi ga selamat kalau operasi pa dialihin ke penang taunya cuman bab ga lancar tergantung r indo ya klo terpercaya alhamdulillah,kualitas_diagnosis,,
bapaknya temen gua nyoba berobat ke penang ga ada tindakan apaapa akhirnya balik lagi karena kata dia malah lebih teliti dokter di indo tiap r sama aja kok ge emang balik lagi tergantung dokternya dan tergantung rsnya di indo juga masih banyak kok dokter yang berkompeten,biaya,,
bapaknya temen gua nyoba berobat ke penang ga ada tindakan apaapa akhirnya balik lagi karena kata dia malah lebih teliti dokter di indo tiap r sama aja kok ge emang balik lagi tergantung dokternya dan tergantung rsnya di indo juga masih banyak kok dokter yang berkompeten,fasilitas,,
bapaknya temen gua nyoba berobat ke penang ga ada tindakan apaapa akhirnya balik lagi karena kata dia malah lebih teliti dokter di indo tiap r sama aja kok ge emang balik lagi tergantung dokternya dan tergantung rsnya di indo juga masih banyak kok dokter yang berkompeten,pelayanan,,
sadly gw salah yg memilih ke penang kl ada apa gw segitu ga percayanya sama dokter or r lokal karena keluarga pernah x kena sama dokter lokal padahal udah prof dan spesialis tapi malah memeras pasien dan sampai tua pun gw scr pribadi jg akan terus ke penang,fasilitas,,
sadly gw salah yg memilih ke penang kl ada apa gw segitu ga percayanya sama dokter or r lokal karena keluarga pernah x kena sama dokter lokal padahal udah prof dan spesialis tapi malah memeras pasien dan sampai tua pun gw scr pribadi jg akan terus ke penang,pelayanan,,
sadly gw salah yg memilih ke penang kl ada apa gw segitu ga percayanya sama dokter or r lokal karena keluarga pernah x kena sama dokter lokal padahal udah prof dan spesialis tapi malah memeras pasien dan sampai tua pun gw scr pribadi jg akan terus ke penang,kualitas_diagnosis,,
ahahahahah bang dah ga sekedar berobat aja ke penang a,general,,
hye just nak share satu tempat percutian yang korang bole pergi dekat pulau pinang yang aku rase cantik dan unik lokasi homestay kampung agong bakar kapur penaga seberang perai utara pulau pinang tcoujufschz,aksesibilitas,,
coba berobat ke penang murah itu,biaya,,
coba dulu punya uang banyak bisa bawa mama berobat ke penang dulu udah niat tapi uangnya ga cukup terus berobat pake bpjs ya gitu deh no comment intinya bikin berdoa ya allah semoga aku sehat kalau bisa meninggal tanpa melalui sakit,biaya,,
coba dulu punya uang banyak bisa bawa mama berobat ke penang dulu udah niat tapi uangnya ga cukup terus berobat pake bpjs ya gitu deh no comment intinya bikin berdoa ya allah semoga aku sehat kalau bisa meninggal tanpa melalui sakit,pelayanan,,
calon dokter kok pake joki gitu heran pada lari berobat ke penang,pelayanan,,
mengapa bnyk org indonesia yg berobat ke penang tcovvvoucgxfy,aksesibilitas,,
enakbbgt mau berobat ke penang cmn bayar tiga rebu gope,biaya,,
we listen we dont judge walaupun mama udh meninggal thn aku ga pernah menganggap mama udah meninggal tapi lagi pergi mencari boneka yg dia janjikan sama aku sebelum dia meninggal karna dulu pa mau berangkat berobat ke penang mama bilang dia mau cari boneka,pelayanan,,
we listen we dont judge walaupun mama udh meninggal thn aku ga pernah menganggap mama udah meninggal tapi lagi pergi mencari boneka yg dia janjikan sama aku sebelum dia meninggal karna dulu pa mau berangkat berobat ke penang mama bilang dia mau cari boneka,aksesibilitas,,
harga mcu di indo harga tiket pp penang dr jktbiaya mcu di penang biayanya lebih murah dr indo teknologi medisnya jg lebih maju makanya sekarang jg udah banyak asuransi swasta yg cover asia krn orang orang jg sekarang prefer berobat ke penang,biaya,,
harga mcu di indo harga tiket pp penang dr jktbiaya mcu di penang biayanya lebih murah dr indo teknologi medisnya jg lebih maju makanya sekarang jg udah banyak asuransi swasta yg cover asia krn orang orang jg sekarang prefer berobat ke penang,fasilitas,,
harga mcu di indo harga tiket pp penang dr jktbiaya mcu di penang biayanya lebih murah dr indo teknologi medisnya jg lebih maju makanya sekarang jg udah banyak asuransi swasta yg cover asia krn orang orang jg sekarang prefer berobat ke penang,pelayanan,,
harga mcu di indo harga tiket pp penang dr jktbiaya mcu di penang biayanya lebih murah dr indo teknologi medisnya jg lebih maju makanya sekarang jg udah banyak asuransi swasta yg cover asia krn orang orang jg sekarang prefer berobat ke penang,kualitas_diagnosis,,
nggak usah heran kalau warga indonesia lbh suka berobat ke penang krn ekosistem kesehatan sendiri tidak mengakui ada problem,aksesibilitas,,
tartowi yahya ungkapkan kenapa di penang malaysia menjadi tempat favorite berobat bagi wni bahkan rumah sakit disana isinya orang indonesia tcokqitvyiq tag nyesel senin presiden jokowi dingin part tcoaiehbgqyl,fasilitas,,
tartowi yahya ungkapkan kenapa di penang malaysia menjadi tempat favorite berobat bagi wni bahkan rumah sakit disana isinya orang indonesia tcokqitvyiq tag nyesel senin presiden jokowi dingin part tcoaiehbgqyl,pelayanan,,
tartowi yahya ungkapkan kenapa di penang malaysia menjadi tempat favorite berobat bagi wni bahkan rumah sakit disana isinya orang indonesia tcokqitvyiq tag nyesel senin presiden jokowi dingin part tcoaiehbgqyl,aksesibilitas,,
sehari ni udh org telpon nanyain berobat ke penang totally different circle sebanyak itu yg penasaran dan pingin sembuh what can i say than go,pelayanan,,
satusatunya alasan kenapa orang sumatera utara memilih berobat ke penang atau pineng adalah karena di sana mereka didengar sebagai pasien apakah mendengar bagian dari struktur gaji,general,,
jgn kuatir pak mayoritas bnyk yg berobat ke penang malaysia krn sdh bnyk yg tdk yakin dgn bpjs dll,biaya,,
jgn kuatir pak mayoritas bnyk yg berobat ke penang malaysia krn sdh bnyk yg tdk yakin dgn bpjs dll,pelayanan,,
di hospital serdang lebih seribu menunggu nak operate di penang around tahniah mpp uitm tahniah akmal salleh kerana kalian mempolitikkan guna isu kaum ada yang mati sebelum sempat operate kalo terjadi kat keluarga korang nanti lihatlah cermin puas puas tcozqosur,fasilitas,,
di hospital serdang lebih seribu menunggu nak operate di penang around tahniah mpp uitm tahniah akmal salleh kerana kalian mempolitikkan guna isu kaum ada yang mati sebelum sempat operate kalo terjadi kat keluarga korang nanti lihatlah cermin puas puas tcozqosur,pelayanan,,
ga heran banyak wni berobat ke penang atau sg,general,,
ternyata ini penyebab banyak masyarakat indonesia berobat ke penang malaysia tcouvekhe,aksesibilitas,,
heavy on ga peras pasien keluarga ada yg berobat ke penang sama dokter sana tetep dikasih tau pasiennya ada opsi mahal maupun murah dg tujuan akhir yang sama pasien tinggal milih mau yg mana,biaya,,
heavy on ga peras pasien keluarga ada yg berobat ke penang sama dokter sana tetep dikasih tau pasiennya ada opsi mahal maupun murah dg tujuan akhir yang sama pasien tinggal milih mau yg mana,pelayanan,,
harusnya bisa berobat ke penang,general,,
itu mengapa orang indonesia berobat ke penang dokter spesialis banyak harga murah sat set balik indonesia sehat,biaya,,
itu mengapa orang indonesia berobat ke penang dokter spesialis banyak harga murah sat set balik indonesia sehat,pelayanan,,
itu mengapa orang indonesia berobat ke penang dokter spesialis banyak harga murah sat set balik indonesia sehat,aksesibilitas,,
fakta yg lain di malaysia biaya kesehatan dgn rumah sakit kelas dokter fasilitas yg sama lebih murah drpd di indonesia shg iuran bpjs pun juga jadi relatif tinggi dan itupun bpjs masih tekor shg banyak org indonesia memilih berobat ke penang atau kuala lumpur kenapa,biaya,,
fakta yg lain di malaysia biaya kesehatan dgn rumah sakit kelas dokter fasilitas yg sama lebih murah drpd di indonesia shg iuran bpjs pun juga jadi relatif tinggi dan itupun bpjs masih tekor shg banyak org indonesia memilih berobat ke penang atau kuala lumpur kenapa,fasilitas,,
fakta yg lain di malaysia biaya kesehatan dgn rumah sakit kelas dokter fasilitas yg sama lebih murah drpd di indonesia shg iuran bpjs pun juga jadi relatif tinggi dan itupun bpjs masih tekor shg banyak org indonesia memilih berobat ke penang atau kuala lumpur kenapa,pelayanan,,
fakta yg lain di malaysia biaya kesehatan dgn rumah sakit kelas dokter fasilitas yg sama lebih murah drpd di indonesia shg iuran bpjs pun juga jadi relatif tinggi dan itupun bpjs masih tekor shg banyak org indonesia memilih berobat ke penang atau kuala lumpur kenapa,aksesibilitas,,
starbucks batu feringgi ni antara outlet yang cantik dekat penang beli hot coffee layan healing dan sunset tepi pantai sempurna,aksesibilitas,,
tapi ini bnr ya papaku opname minggu di salah satu r swasta ternama di medan udh habis ratusan juta jg tapi tindakan yg dilakukan dokter itu spt nebak jadi mereka spt mencoba semua jenis tindakan ke papaku akhirnya bulan depannya papaku lbh memilih berobat ke penang aja,pelayanan,,
tapi ini bnr ya papaku opname minggu di salah satu r swasta ternama di medan udh habis ratusan juta jg tapi tindakan yg dilakukan dokter itu spt nebak jadi mereka spt mencoba semua jenis tindakan ke papaku akhirnya bulan depannya papaku lbh memilih berobat ke penang aja,kualitas_diagnosis,,
barusan lewat clip random ada orang ide bikin usaha nasi lemak di jakarta mau tau idenya darimana katanya gegara keseringan bolak balik nemeninnya ortunya berobat ke penang,general,,
ada sebagian orang yang sudah sangat lelah dan hampir menyerah karena merasa seperti kehabisan jalan keluar tapi nyatanya mereka mampu terus berjalan sebab masih meyakini kekuatankekuatan doa,biaya,,
ada sebagian orang yang sudah sangat lelah dan hampir menyerah karena merasa seperti kehabisan jalan keluar tapi nyatanya mereka mampu terus berjalan sebab masih meyakini kekuatankekuatan doa,pelayanan,,
ditemani sheila dara vidi aldiano kembali jalani kemoterapi di penang tcoswzbssdd,pelayanan,,
sampai kapan ku asam lambung gini kayaknya berobat ke penang ni bagusnya,biaya,,
sampai kapan ku asam lambung gini kayaknya berobat ke penang ni bagusnya,fasilitas,,
tartowi yahya ungkapkan kenapa di penang malaysia menjadi tempat favorite berobat bagi wni bahkan rumah sakit disana isinya orang indonesia tcokqitvyiq tag nyesel senin presiden jokowi dingin part tcoyaozwfsf,fasilitas,,
tartowi yahya ungkapkan kenapa di penang malaysia menjadi tempat favorite berobat bagi wni bahkan rumah sakit disana isinya orang indonesia tcokqitvyiq tag nyesel senin presiden jokowi dingin part tcoyaozwfsf,pelayanan,,
tartowi yahya ungkapkan kenapa di penang malaysia menjadi tempat favorite berobat bagi wni bahkan rumah sakit disana isinya orang indonesia tcokqitvyiq tag nyesel senin presiden jokowi dingin part tcoyaozwfsf,aksesibilitas,,
malaysia deserve that kmren gw ada dinas ke kl emg malaysia better bgt dr indo sdm professional nya emg bagus pinter juga pinter bahasa inggris so they look more educated amp berobat ke penang ga mahal n ribet kayak di indo sini and deserve call it malaysia trully asia,biaya,,
malaysia deserve that kmren gw ada dinas ke kl emg malaysia better bgt dr indo sdm professional nya emg bagus pinter juga pinter bahasa inggris so they look more educated amp berobat ke penang ga mahal n ribet kayak di indo sini and deserve call it malaysia trully asia,fasilitas,,
malaysia deserve that kmren gw ada dinas ke kl emg malaysia better bgt dr indo sdm professional nya emg bagus pinter juga pinter bahasa inggris so they look more educated amp berobat ke penang ga mahal n ribet kayak di indo sini and deserve call it malaysia trully asia,pelayanan,,
malaysia deserve that kmren gw ada dinas ke kl emg malaysia better bgt dr indo sdm professional nya emg bagus pinter juga pinter bahasa inggris so they look more educated amp berobat ke penang ga mahal n ribet kayak di indo sini and deserve call it malaysia trully asia,aksesibilitas,,
alami komplikasi hotma sitompul sudah rutin cuci darah sebelum meninggal sempat berobat ke penang tcoklxwbnt via,pelayanan,,
di penang street food wajib dijual dan dimasak oleh orang lokal untuk melestarikan resep mereka semua peralatan dapur wajib bersih ada air mengalir pembuangan yang proper pengelolaan sampah yang baik meja dapur dari stainless steel,biaya,,
di penang street food wajib dijual dan dimasak oleh orang lokal untuk melestarikan resep mereka semua peralatan dapur wajib bersih ada air mengalir pembuangan yang proper pengelolaan sampah yang baik meja dapur dari stainless steel,fasilitas,,
biar lebih gampang berobat ke penang dan kuliah ke sg jadinya ppn ga kena ke kelas atas yg udah mampu berobat dan sekolah di luar beli barang mewahnya juga di luar ga nyampe nalarnya ekonom imf ke situ,biaya,,
ppe tempahan paling utama bengkel jahitan penjara penor tcohtdnjeh tcomgbpaemze,general,,
ruang utama pusat kebudayaan penampang mula dipersiapkan dengan kemudahan kelengkapan katil sebagai tambahan pusat kuarantin bagi menempatkan pesakit dalam siasatan pui yang sedia ada di daerah kota kinabalu tcolfkugpcfex,biaya,,
ruang utama pusat kebudayaan penampang mula dipersiapkan dengan kemudahan kelengkapan katil sebagai tambahan pusat kuarantin bagi menempatkan pesakit dalam siasatan pui yang sedia ada di daerah kota kinabalu tcolfkugpcfex,fasilitas,,
ruang utama pusat kebudayaan penampang mula dipersiapkan dengan kemudahan kelengkapan katil sebagai tambahan pusat kuarantin bagi menempatkan pesakit dalam siasatan pui yang sedia ada di daerah kota kinabalu tcolfkugpcfex,pelayanan,,
ruang utama pusat kebudayaan penampang mula dipersiapkan dengan kemudahan kelengkapan katil sebagai tambahan pusat kuarantin bagi menempatkan pesakit dalam siasatan pui yang sedia ada di daerah kota kinabalu tcolfkugpcfex,aksesibilitas,,
pantesan pada berobat ke penang dokter disana ga male nulis jurnal sepertinya,pelayanan,,
pantesan pada berobat ke penang dokter disana ga male nulis jurnal sepertinya,kualitas_diagnosis,,
bbrp teman bilang bhw berobat ke penang malaysia lbh hemat cepat efektif,pelayanan,,
maaf maaf maaf aku bsk berobat ke penang deh biar penyakit nimbun mention cepet sembuh,pelayanan,,
kembali lagi di pulau pinang untuk kemoterapi vivi aldiano tcoliewpkng tconsahqom,pelayanan,,
vidi aldiano jalani spa day di penang bakal tinggal cukup lama jalani beberapa prosedur tcocrjmwwz,pelayanan,,
minta doanya nggih dulur dulur sedoyo untuk kesembuhan pak peng sore tadi pak peng kembali masuk ruang icu di r pku gamping,biaya,,
minta doanya nggih dulur dulur sedoyo untuk kesembuhan pak peng sore tadi pak peng kembali masuk ruang icu di r pku gamping,pelayanan,,
alhamdulillah pak peng sudah di pindah di bangsal dan besok pagi operasi di bagian kaki minta doanya yaa lurr semoga besok pagi operasinya lancar amiin,pelayanan,,
alhamdulillah untuk hari ini pak peng sudah boleh pulang dari r matur nuwun dulur yang sudah mendoakan kesembuhan untuk pak peng,pelayanan,,
alhamdulillah untuk hari ini pak peng sudah boleh pulang dari r matur nuwun dulur yang sudah mendoakan kesembuhan untuk pak peng,aksesibilitas,,
emang paling bener berobat ke penang,general,,
tapi aku tahu ini bukan hal kecil orangtuaku bukan dari keluarga kaya tapi mereka nggak mikir dua kali mereka usaha cari uang dari mana aja pokoknya supaya aku bisa dapat pengobatan tanggal aku sampai di penang dan ternyata aku udah pendarahan otak,biaya,,
harini hari yg panjang ya hiking n bfast loqstaq penang hospital visit keta rosak tepi highway dinner finally smpai rumah ending my busy day with tnp bye nak tido,fasilitas,,
situasi seperti pengakuan bung tantowi ini diluar sana tetangga kita malaysia disini kau koar indonesia menghadapi masa baik kau pake data siapa kah saran kau berobat ke penang dululah biar bisa melihat jernih situasi indonesia saat ini tcoiimgwegde,fasilitas,,
situasi seperti pengakuan bung tantowi ini diluar sana tetangga kita malaysia disini kau koar indonesia menghadapi masa baik kau pake data siapa kah saran kau berobat ke penang dululah biar bisa melihat jernih situasi indonesia saat ini tcoiimgwegde,pelayanan,,
situasi seperti pengakuan bung tantowi ini diluar sana tetangga kita malaysia disini kau koar indonesia menghadapi masa baik kau pake data siapa kah saran kau berobat ke penang dululah biar bisa melihat jernih situasi indonesia saat ini tcoiimgwegde,aksesibilitas,,
pulau pinang bakal diisytihar zon hijau tcoxjvcltpiey tcovrtzdrjg,general,,
prose pendidikan yg feodal kejam dan tidak berorientasi pada pelayanan pasien tetapi lebih melayani senior akibatnya setelah jadi akan memperlakukan pasien seperti sampah wajar banyak warga indonesia yg lebih memilih berobat di penang tcoddrzldbol,pelayanan,,
prose pendidikan yg feodal kejam dan tidak berorientasi pada pelayanan pasien tetapi lebih melayani senior akibatnya setelah jadi akan memperlakukan pasien seperti sampah wajar banyak warga indonesia yg lebih memilih berobat di penang tcoddrzldbol,aksesibilitas,,
nah list aktiviti korang boleh buat kat penang parasailing batu feringgi kayak batu feringgi hiking taman negara penang atv pantai esen penang hiking gertak sanggul sunset cun hiking bukit jambulbukit kukus air terjun sg rusa balik pulau art street penang,biaya,,
nah list aktiviti korang boleh buat kat penang parasailing batu feringgi kayak batu feringgi hiking taman negara penang atv pantai esen penang hiking gertak sanggul sunset cun hiking bukit jambulbukit kukus air terjun sg rusa balik pulau art street penang,pelayanan,,
diskon k di penang bistro dgn kartu kredit amp debit bri setiap hari senin kami min transaksi k hingga feb tcomduciw,general,,
highlight kegiatan imbauan repatriasi melalui jalur resmi denda maksimal rm v risiko denda rmpenjara pentingnya dokumen perjalanan splp dan administrasi kelahiranpernikahan di luar negeri zona integritas kjri dukung percepatan wbk wilayah bebas korupsi tcobctrbghd,pelayanan,,
the habitat penang pecinta alam semulajadi wajib ke sini nikmati pemandangan darjah dari viewing point tertinggi di penang boleh berjalan di canopy walk dan juga melihat haiwan² yang tinggal di hitan hujan yang berusia juta tahun tcozsyfxe tcojznqcdh,pelayanan,,
salah untuk pasien mandiri biaya pengobatan jauh lebih murah di penang drpd di indonesia sebab disana tidak boleh over treatment spt di indonesia dan dan dokterrs tidak boleh bekerja sama dgn mafia farmasialkes,biaya,,
salah untuk pasien mandiri biaya pengobatan jauh lebih murah di penang drpd di indonesia sebab disana tidak boleh over treatment spt di indonesia dan dan dokterrs tidak boleh bekerja sama dgn mafia farmasialkes,fasilitas,,
salah untuk pasien mandiri biaya pengobatan jauh lebih murah di penang drpd di indonesia sebab disana tidak boleh over treatment spt di indonesia dan dan dokterrs tidak boleh bekerja sama dgn mafia farmasialkes,pelayanan,,
salah untuk pasien mandiri biaya pengobatan jauh lebih murah di penang drpd di indonesia sebab disana tidak boleh over treatment spt di indonesia dan dan dokterrs tidak boleh bekerja sama dgn mafia farmasialkes,aksesibilitas,,
salah untuk pasien mandiri biaya pengobatan jauh lebih murah di penang drpd di indonesia sebab disana tidak boleh over treatment spt di indonesia dan dan dokterrs tidak boleh bekerja sama dgn mafia farmasialkes,kualitas_diagnosis,,
kenapa org indonesia ramai berobat ke penang karena layanan yg profesionalobatnya murahpadahal obat bikinan indonesiatapi harganya obat yg sama lebih murah di penang edan ngga,biaya,,
kenapa org indonesia ramai berobat ke penang karena layanan yg profesionalobatnya murahpadahal obat bikinan indonesiatapi harganya obat yg sama lebih murah di penang edan ngga,pelayanan,,
kenapa org indonesia ramai berobat ke penang karena layanan yg profesionalobatnya murahpadahal obat bikinan indonesiatapi harganya obat yg sama lebih murah di penang edan ngga,aksesibilitas,,
kenapa org indonesia ramai berobat ke penang karena layanan yg profesionalobatnya murahpadahal obat bikinan indonesiatapi harganya obat yg sama lebih murah di penang edan ngga,kualitas_diagnosis,,
bernama penang allows religious speaker who comply with guideline tcoujumwbibxk,general,,
ruas tol pejagan pemalang akan memiliki rest area km b sekaligus destinasi wisata di bangunan bekas pabrik gula banjaratma semoga dengan keberadaan rest area ini dapat memajukan potensi pariwisata brebes dan membantu umkm lokal tcoznxwyxsx,fasilitas,,
ruas tol pejagan pemalang akan memiliki rest area km b sekaligus destinasi wisata di bangunan bekas pabrik gula banjaratma semoga dengan keberadaan rest area ini dapat memajukan potensi pariwisata brebes dan membantu umkm lokal tcoznxwyxsx,kualitas_diagnosis,,
pemerintah aceh akan membuka jalur pelayaran langsung lhokseumawe penang mulai akhir juli atau awal agustus gubernur aceh muzakir manaf menyampaikan bahwa jalur ini akan dilayani kapal penumpang jenis ferry roro dari pelabuhan krueng geukueh lhokseumawe sebagai langkah,fasilitas,,
pm ucap takziah kepada keluarga enam anggota bomba yang lemas dalam misi menyelamat di sebuah lombong di puchong tcoolihvjx,general,,
infografik kejadian tanah runtuh paya terubong pulau pinang setakat pukul malam jumaat tcojumcbppq,general,,
pulau pinang benar solat fardu berjemaah di masjid dan surau terhad tiga jemaah jheaipp tcowdnecspw tcowhcikgdic,kualitas_diagnosis,,
ㅤㅤㅤㅤㅤ namun para member tetap menyiratkan keinginan untuk melanjutkan pentagon bersama ㅤㅤㅤㅤㅤ,fasilitas,,
kjri berkoordinasi dengan bpmi jakarta dan instansi terkait untuk memastikan penjemputan di bandara soekarnohatta pemeriksaan kesehatan pendampingan pemulangan ke daerah asal,kualitas_diagnosis,,
insya allah sebelum diterbangkan ke indonesia jenazah sudah disalatkan di masjid lingkungan rumah sakit kata sekretaris umum masjid az zikra diyantono tcodmvlquiia,fasilitas,,
insya allah sebelum diterbangkan ke indonesia jenazah sudah disalatkan di masjid lingkungan rumah sakit kata sekretaris umum masjid az zikra diyantono tcodmvlquiia,pelayanan,,
insya allah sebelum diterbangkan ke indonesia jenazah sudah disalatkan di masjid lingkungan rumah sakit kata sekretaris umum masjid az zikra diyantono tcodmvlquiia,aksesibilitas,,
video penang seiring sehati tampil kisah rakyat hayati visi negeri tcowvefhnmfh tcofnutn,biaya,,
aku dok penang tapi bukan la penang sangat dia macam kalau aku pi kiri sikit masuk kedah belok kanan sikit dah masuk perak kalau unduq belakang sikit dia masuk penang ha macam tu so dalam hari aku boleh pi negeri uwu,general,,
kadrun jangan kesini ya apa loe bagi yg mau berobat langsung ke pelabuhan tj priok jam jadi kita sekaligus di periksa oleh dokter di masing ruangan spesialis obatnya juga gratis keren si kafir tcouftarbnw,biaya,,
kadrun jangan kesini ya apa loe bagi yg mau berobat langsung ke pelabuhan tj priok jam jadi kita sekaligus di periksa oleh dokter di masing ruangan spesialis obatnya juga gratis keren si kafir tcouftarbnw,fasilitas,,
kadrun jangan kesini ya apa loe bagi yg mau berobat langsung ke pelabuhan tj priok jam jadi kita sekaligus di periksa oleh dokter di masing ruangan spesialis obatnya juga gratis keren si kafir tcouftarbnw,pelayanan,,
kadrun jangan kesini ya apa loe bagi yg mau berobat langsung ke pelabuhan tj priok jam jadi kita sekaligus di periksa oleh dokter di masing ruangan spesialis obatnya juga gratis keren si kafir tcouftarbnw,kualitas_diagnosis,,
besoknya di halaman pendopo terdapat banyak kerbau diikat di pepohonan sekitaran halaman pendopo talinya terbuat dari tumbuhan merambat kerbaukerbau itu sumbangan dari lelembut rawa onom untuk pangaulaan bupati si yang punya hajat,pelayanan,,
prose vaksinasi untuk remaja di pulau pinang akan bermula hujung bulan ini kkm akan hantar tambahan pertugas hadapan bantu pulau pinang kkm pertimbang dirikan hospital lapangan berhampiran hospital pulau pinang tcofcdjnwqob,fasilitas,,
pep bunyu field dan phenc cegah stunting melalui program ketinting dan buset tcozlboroumd,general,,
lainlain obat pun sangat dicukupkan di berastagi di parapat dan sekarang di muntok dan pangkalpinang pelayanpelayan selalu sangat ikhlas dan setia kepada kami lahir dan batin di berastagi misalnya mereka dilayani oleh karno dan moesiah yang baik hati,fasilitas,,
honouring guan gong at penang temple for health safety and prosperity tconjqzaf,pelayanan,,
juli perjalanan pagi ini kami menyeberang dengan doa dan mimpi ombak utara menyambut kami angin membawa dingin tapi hati tetap hangat karena tahu di ujung sana ada senyumsenyum kecil yang menunggu untuk bercerita kami membuka program tcontccfkovvc,general,,
wartawan rasmi laman reformasi majlis perpaduan di penang tcoiyiupqiim,pelayanan,,
giat hari ini korluh dan ppl rawa pitu melakukan pelatihan bregade pangan bp angkatan xvi hari ke dengan materi kewirausahaan sosial bregade pangan menyiapkan tenaga kompeten menjadi pengusaha yang berjiwa sosial demi kesejahteraan petani tcovgygzp,general,,
tour highlight astaka taman tun saardon roti bakar telur goyang lunch nasi kandar bukit bendera kampung agung penang art street masjid negeri pulau pinang berminat tcojsereaxdhl atau folllow social medium kami tcoyttfmtxxl,pelayanan,,
tujuh ba perantara rapid penang percuma untuk orang awam hadiri sambutan minggu perpaduan tcojddqwjgjd tcoynhevdmb,general,,
bupati pringsewu h riyanto pamungkas melaksanakan kegiatan go sepeda sekaligus melakukan kunjungan ke sentra pengrajin gerabah di dusun pekon podomoro jumat tcomcgmcrcfs,general,,
pejabat aja berobat ke luar negeri wkwk,biaya,,
lah istri sby aja ke singapura bukan rakyatnya tapi jajaran pemerintah juga berobat ke luar negeri,biaya,,
kalau bpjs bisa dipakai berobat ke singapura mk klo sakit gw akan berobat kesana,biaya,,
kalau bpjs bisa dipakai berobat ke singapura mk klo sakit gw akan berobat kesana,pelayanan,,
sy pernah juga putuskan berobat ke penang obat dr indonesia sy bw ke penang sampe disana dibuang dokter penang,biaya,,
sy pernah juga putuskan berobat ke penang obat dr indonesia sy bw ke penang sampe disana dibuang dokter penang,pelayanan,,
sy pernah juga putuskan berobat ke penang obat dr indonesia sy bw ke penang sampe disana dibuang dokter penang,aksesibilitas,,
harusnya evaluasi pak apa penyebabnya mereka berobat ke luar negeri salah satu alasannya sih kwalitas,kualitas_diagnosis,,
berobat ke penang anti pening,general,,
dari dulu klrg emg lbh percaya berobat ke penang ketimbang disini,pelayanan,,
pesawat ke penang ga mahal amat benerran cb cek berobat ke penang banyak bgt wni percaya kesana,biaya,,
pesawat ke penang ga mahal amat benerran cb cek berobat ke penang banyak bgt wni percaya kesana,pelayanan,,
pesawat ke penang ga mahal amat benerran cb cek berobat ke penang banyak bgt wni percaya kesana,kualitas_diagnosis,,
haloo kak untuk info lengkap berobat ke penang boleh dm kami terlebih dahulu yaa karena akun kakak close dm,general,,
spill biaya berobat ke penang kak org tua saya di diagnosis tumor kandung kemih,biaya,,
spill biaya berobat ke penang kak org tua saya di diagnosis tumor kandung kemih,kualitas_diagnosis,,
aku mau berobat ke penang karna udh th hipokalemia ku gak tau penyebab nya apa udh cape mnm obat,general,,
bahkan ada istri dokter temanku berobat ke singapura tanya kenapa,pelayanan,,
orang kaya rata banyak yg berobat ke luar negeri,biaya,,
berobat ke penang dokternya pemeriksaan teliti dan gak main obat,biaya,,
berobat ke penang dokternya pemeriksaan teliti dan gak main obat,pelayanan,,
berobat ke penang dokternya pemeriksaan teliti dan gak main obat,kualitas_diagnosis,,
berobat ke penang tdk ribet langsung di tangani dn tdk perlu ini itu penanganya tnpa perlu pakai bpjs,biaya,,
berobat ke penang tdk ribet langsung di tangani dn tdk perlu ini itu penanganya tnpa perlu pakai bpjs,pelayanan,,
x gue berobat ke penang ga pernah ngecewain sekali lagi ga pernah ngecewain semuamuanya beda sama di negara kita tercinta mulai dari pelayanan penanganan pokoknya semuanya beda sekali lagi semuanya beda banget dari indonesia,pelayanan,,
x gue berobat ke penang ga pernah ngecewain sekali lagi ga pernah ngecewain semuamuanya beda sama di negara kita tercinta mulai dari pelayanan penanganan pokoknya semuanya beda sekali lagi semuanya beda banget dari indonesia,aksesibilitas,,
kalau pegang uang lebih yah lebih baik berobat ke luar negeri tapi kalau paspasan semoga dengan pertolongan allah swt tidak salah diagnosa dimudahkan ketemu dokter baik yakin allah swt pasti bantu,biaya,,
kalau pegang uang lebih yah lebih baik berobat ke luar negeri tapi kalau paspasan semoga dengan pertolongan allah swt tidak salah diagnosa dimudahkan ketemu dokter baik yakin allah swt pasti bantu,fasilitas,,
kalau pegang uang lebih yah lebih baik berobat ke luar negeri tapi kalau paspasan semoga dengan pertolongan allah swt tidak salah diagnosa dimudahkan ketemu dokter baik yakin allah swt pasti bantu,pelayanan,,
kalau pegang uang lebih yah lebih baik berobat ke luar negeri tapi kalau paspasan semoga dengan pertolongan allah swt tidak salah diagnosa dimudahkan ketemu dokter baik yakin allah swt pasti bantu,aksesibilitas,,
kalau pegang uang lebih yah lebih baik berobat ke luar negeri tapi kalau paspasan semoga dengan pertolongan allah swt tidak salah diagnosa dimudahkan ketemu dokter baik yakin allah swt pasti bantu,kualitas_diagnosis,,
takutnya sbentar lg penerintah kasi pajak buat yg berobat ke penang,pelayanan,,
semua org indonesia kalo punya duit gue yakin lebih milih berobat ke penang,biaya,,
semua org indonesia kalo punya duit gue yakin lebih milih berobat ke penang,pelayanan,,
semua org indonesia kalo punya duit gue yakin lebih milih berobat ke penang,aksesibilitas,,
klu berobat ke penang itu minuman kita punya uang berapa,biaya,,
orang riau sama sumut kalau udh dibilang dokter harus operasi langsung berobat ke penang atau singapore biar gak dioperasi wkkwkwkwk,pelayanan,,
papa saya ke jakarta berobat lambung katanya ada katup lambung yang tidak benar dan harus di operasipas ke penang papa saya di endoskopi ternyata hanya luka kecil saja diresepkan obat bulan dan sembuh dari cerita saya bisa disimpulkan mengapa lebih senang berobat ke penang kan,pelayanan,,
papa saya ke jakarta berobat lambung katanya ada katup lambung yang tidak benar dan harus di operasipas ke penang papa saya di endoskopi ternyata hanya luka kecil saja diresepkan obat bulan dan sembuh dari cerita saya bisa disimpulkan mengapa lebih senang berobat ke penang kan,kualitas_diagnosis,,
pengen bgt berobat ke penang,general,,
saudara saya berobat ke penang dan alhamdulillah sembuh cuma sekali di indonesia bertahun tahun gak sembuh,pelayanan,,
saudara saya berobat ke penang dan alhamdulillah sembuh cuma sekali di indonesia bertahun tahun gak sembuh,aksesibilitas,,
pengalaman berobat ke penang tetap the best emg penang harga kurang lebih sama tapi hasil lebih baik,biaya,,
pengalaman berobat ke penang tetap the best emg penang harga kurang lebih sama tapi hasil lebih baik,fasilitas,,
pengalaman berobat ke penang tetap the best emg penang harga kurang lebih sama tapi hasil lebih baik,pelayanan,,
pengalaman berobat ke penang tetap the best emg penang harga kurang lebih sama tapi hasil lebih baik,kualitas_diagnosis,,
org batam riau aja pada berobat ke penang drpd indo,general,,
info cara pergi berobat ke penang kak,aksesibilitas,,
samaa aku jg pernah berobat ke penang,general,,
brp biaya berobat ke penang mbak,biaya,,
yg diceritakan ke kamu ya pasti yg bagus aja yg jelek ngapain di up yg ada mereka malu sendiri klo kamu main ke r indo gk sdkiti loh pasien yg dulunya berobat ke penang trs balik lgi ke indo kebanyakan krn saktnya kambuh dan gaada uang lagi buat kesana,biaya,,
yg diceritakan ke kamu ya pasti yg bagus aja yg jelek ngapain di up yg ada mereka malu sendiri klo kamu main ke r indo gk sdkiti loh pasien yg dulunya berobat ke penang trs balik lgi ke indo kebanyakan krn saktnya kambuh dan gaada uang lagi buat kesana,fasilitas,,
mamk aku pakai asuransi prodiensiel apa bisa berobat ke penang,biaya,,
ngerti asuransi gak sih anda sm halnya bpjsmau trdftr jd pengguna asuransi itu gak harus dlm keadaan sakitfungsinya untk antisipasi keadaan daruratsemua org ya berharapnya sehatlantas salahnya dmn kalo sy berantisipasitoh bukan anda yg membayar preminyalagian dia jg komen diluar kontekssy mau pake asuransi yg bisa digunakan berobat ke penang bukan brati sy berharap sakitdalam keadaan sehat pun bisa digunakan untk medical check uppaham gak anda pake sokan menertawakan komen sayaklo daya tangkap anda yg kurang lebih baik diam,biaya,,
ngerti asuransi gak sih anda sm halnya bpjsmau trdftr jd pengguna asuransi itu gak harus dlm keadaan sakitfungsinya untk antisipasi keadaan daruratsemua org ya berharapnya sehatlantas salahnya dmn kalo sy berantisipasitoh bukan anda yg membayar preminyalagian dia jg komen diluar kontekssy mau pake asuransi yg bisa digunakan berobat ke penang bukan brati sy berharap sakitdalam keadaan sehat pun bisa digunakan untk medical check uppaham gak anda pake sokan menertawakan komen sayaklo daya tangkap anda yg kurang lebih baik diam,fasilitas,,
ngerti asuransi gak sih anda sm halnya bpjsmau trdftr jd pengguna asuransi itu gak harus dlm keadaan sakitfungsinya untk antisipasi keadaan daruratsemua org ya berharapnya sehatlantas salahnya dmn kalo sy berantisipasitoh bukan anda yg membayar preminyalagian dia jg komen diluar kontekssy mau pake asuransi yg bisa digunakan berobat ke penang bukan brati sy berharap sakitdalam keadaan sehat pun bisa digunakan untk medical check uppaham gak anda pake sokan menertawakan komen sayaklo daya tangkap anda yg kurang lebih baik diam,pelayanan,,
ngerti asuransi gak sih anda sm halnya bpjsmau trdftr jd pengguna asuransi itu gak harus dlm keadaan sakitfungsinya untk antisipasi keadaan daruratsemua org ya berharapnya sehatlantas salahnya dmn kalo sy berantisipasitoh bukan anda yg membayar preminyalagian dia jg komen diluar kontekssy mau pake asuransi yg bisa digunakan berobat ke penang bukan brati sy berharap sakitdalam keadaan sehat pun bisa digunakan untk medical check uppaham gak anda pake sokan menertawakan komen sayaklo daya tangkap anda yg kurang lebih baik diam,kualitas_diagnosis,,
adakah asuransi yang bisa kaper berobat ke luar negeri,biaya,,
hallo kak boleh spill biaya berobat ke penang,biaya,,
bisa ka untuk info lengkap berobat ke penang boleh dm kami terlebih dahulu yaa karena akun kakak close dm,general,,
spill biaya berobat ke penang itu kak,biaya,,
spill biaya berobat ke penang kak,biaya,,
halo ka cek dm ya untuk info berobat ke penang,kualitas_diagnosis,,
betul liat berobat ke penang ga di kasih obat karena kata nya obat itu kimia dan berbahaya,pelayanan,,
pernah berobat ke penang satset sat set gak ribettttt,pelayanan,,
biayanya relatif murah dn pasti nggk menyesal berobat ke penang,biaya,,
kk sdh pernah kah berobat ke penang,general,,
ya allah kak turut berduka cita innailaihi wainailaihi rojiun katanya kalo seorang anak meninggal kelak bisa jemput orang tua nya biar gak masuk neraka ayok kerja kera biar berobat ke luar negeri murah terjamin gk salah diagnosis,biaya,,
ya allah kak turut berduka cita innailaihi wainailaihi rojiun katanya kalo seorang anak meninggal kelak bisa jemput orang tua nya biar gak masuk neraka ayok kerja kera biar berobat ke luar negeri murah terjamin gk salah diagnosis,pelayanan,,
ya allah kak turut berduka cita innailaihi wainailaihi rojiun katanya kalo seorang anak meninggal kelak bisa jemput orang tua nya biar gak masuk neraka ayok kerja kera biar berobat ke luar negeri murah terjamin gk salah diagnosis,kualitas_diagnosis,,
paling para pejabat yg korupsi yg berobat ke penang karena tau di rumah sini juga obat abal,biaya,,
murah dokternya gk pernah salah diagnosa untung nya aq tinggal di batam jadi deket klo maw berobat ke penang,biaya,,
murah dokternya gk pernah salah diagnosa untung nya aq tinggal di batam jadi deket klo maw berobat ke penang,pelayanan,,
murah dokternya gk pernah salah diagnosa untung nya aq tinggal di batam jadi deket klo maw berobat ke penang,kualitas_diagnosis,,
taun bapake jg berobat ke penang kita ambil yg paket tiket pesawatpp medanpenang hotel diperkirakan abis jt eh taunya cm abis jtsisanya dikembalikan n detil bngt dokter dsn ramah no jutek,pelayanan,,
klo berobat ke luar negeri sakit nya obat nya klo di konoha sakit nya obat nya,pelayanan,,
jadi inget bos agen sembako berobat ke penang kalo disini mesti operasi pasang ring dia diabetes terus takut akhirnya berobat ke penang taunya penumpukan lemak di leher,pelayanan,,
jadi inget bos agen sembako berobat ke penang kalo disini mesti operasi pasang ring dia diabetes terus takut akhirnya berobat ke penang taunya penumpukan lemak di leher,kualitas_diagnosis,,
upss ada lgi banyk jg yg berobat ke penang ehh balek lg ke bpjs habis dana,biaya,,
pdhl kebanyakan dokter di singapura jg asli indo,pelayanan,,
salah satu nya emak ku yg berobat ke penang di indonesia dokternya dtang lama dan cuek bgt ke penang ramah bgt staf dan paramedis nya edukasi rama,pelayanan,,
salah satu nya emak ku yg berobat ke penang di indonesia dokternya dtang lama dan cuek bgt ke penang ramah bgt staf dan paramedis nya edukasi rama,aksesibilitas,,
salah satu nya emak ku yg berobat ke penang di indonesia dokternya dtang lama dan cuek bgt ke penang ramah bgt staf dan paramedis nya edukasi rama,kualitas_diagnosis,,
ka kluarga mu pengalaman berobat ke penang ini serius vt ny bilang hotel gratis n biaya antar jemput gratis waktu kluarga mu gimana ka harus urus pasport n visa kah,biaya,,
ka kluarga mu pengalaman berobat ke penang ini serius vt ny bilang hotel gratis n biaya antar jemput gratis waktu kluarga mu gimana ka harus urus pasport n visa kah,pelayanan,,
orang padang lebih percaya berobat ke penang dan malacadari pada r di indonesia terutama di jkt dokternya ramah dan alhamdulillah cepat sembuhnya kalian para dokter indonesia tirulah cara dokter malaysia bekerja dgn hati bukan dgn duit,biaya,,
orang padang lebih percaya berobat ke penang dan malacadari pada r di indonesia terutama di jkt dokternya ramah dan alhamdulillah cepat sembuhnya kalian para dokter indonesia tirulah cara dokter malaysia bekerja dgn hati bukan dgn duit,pelayanan,,
orang padang lebih percaya berobat ke penang dan malacadari pada r di indonesia terutama di jkt dokternya ramah dan alhamdulillah cepat sembuhnya kalian para dokter indonesia tirulah cara dokter malaysia bekerja dgn hati bukan dgn duit,aksesibilitas,,
kami sekeluarga juga berobat ke penang karena jauh lebih murah tiketnya dan juga pelayanan r nya patenn,biaya,,
kami sekeluarga juga berobat ke penang karena jauh lebih murah tiketnya dan juga pelayanan r nya patenn,pelayanan,,
kami sekeluarga juga berobat ke penang karena jauh lebih murah tiketnya dan juga pelayanan r nya patenn,aksesibilitas,,
apa orang kecil seperti kami mampu berobat ke penang orang berduit ya bebas mau berobat kemana aja,biaya,,
mmg benar rata orng sumatra berobat ke penang,kualitas_diagnosis,,
ponakan punya anak thn an sdh sempat masuk obt x artinya bln di suntik antibiotiksebagai tante kagetgila masa di suntikin antibiotik gimana ceritanya kelak tuh anak dewasajd sy yg anjurin berobat ke penangbukan ngarang cerita data sampai skrg jg masih komplit di pegang ponakan sy,general,,
ya allah sy akan bawa ortu saya berobat ke penang segerakan ya allah,general,,
cara ngurus berobat ke penang gimana apa aja caranya,general,,
klo boleh tau berapa total biaya berobat ke penang kak transportasimakan dll,biaya,,
klo boleh tau berapa total biaya berobat ke penang kak transportasimakan dll,aksesibilitas,,
benar ka suami ku kena stroke berobat ke penang alhmdllh sekarang sehatdisana obat murah gak mahal untuk bln jtdi indonesia jta lebih obat untuk bln,biaya,,
benar ka suami ku kena stroke berobat ke penang alhmdllh sekarang sehatdisana obat murah gak mahal untuk bln jtdi indonesia jta lebih obat untuk bln,pelayanan,,
benar ka suami ku kena stroke berobat ke penang alhmdllh sekarang sehatdisana obat murah gak mahal untuk bln jtdi indonesia jta lebih obat untuk bln,aksesibilitas,,
benar ka suami ku kena stroke berobat ke penang alhmdllh sekarang sehatdisana obat murah gak mahal untuk bln jtdi indonesia jta lebih obat untuk bln,kualitas_diagnosis,,
seperti suamiku di diagnosa asam lambungbegitu berobat ke penang ternyata kanker usus besar stadium akhir,pelayanan,,
seperti suamiku di diagnosa asam lambungbegitu berobat ke penang ternyata kanker usus besar stadium akhir,kualitas_diagnosis,,
apa orang miskin mampu berobat ke penang kalau bukan orang berduit aja,biaya,,
sebenarnya biaya berobat ke penang lebih murah dibanding di indonesia dan diagnosa jelas,biaya,,
sebenarnya biaya berobat ke penang lebih murah dibanding di indonesia dan diagnosa jelas,pelayanan,,
sebenarnya biaya berobat ke penang lebih murah dibanding di indonesia dan diagnosa jelas,aksesibilitas,,
sebenarnya biaya berobat ke penang lebih murah dibanding di indonesia dan diagnosa jelas,kualitas_diagnosis,,
salam kenal cisy belum pernah berobat ke penangcici pake agen gt gk,general,,
sumpah banyak bgt nasabahku yg pada berobat ke penang katanya emang sebagus itu,fasilitas,,
kira klo berobat ke penang siap buged brp y kak,general,,
memang biaya kesana ga mahal jgn di pandang rumah sakitnya aja conto aja kalau kamu demam kamu pilih berobat ke penang atau di indo,biaya,,
memang biaya kesana ga mahal jgn di pandang rumah sakitnya aja conto aja kalau kamu demam kamu pilih berobat ke penang atau di indo,fasilitas,,
memang biaya kesana ga mahal jgn di pandang rumah sakitnya aja conto aja kalau kamu demam kamu pilih berobat ke penang atau di indo,pelayanan,,
berobat ke penang kuching malaysia itu justru jauh lebih murah dibandingkan berobat di indonesia,biaya,,
berobat ke penang kuching malaysia itu justru jauh lebih murah dibandingkan berobat di indonesia,aksesibilitas,,
woi berobat ke penang jauh lebih murah dan efektif,biaya,,
woi berobat ke penang jauh lebih murah dan efektif,aksesibilitas,,
biaya berobat ke luar negeri walaupun mahal hasil nya terbaikdaripada di indo bayar mahal yg vvip eh banyak macamnya,biaya,,
biaya berobat ke luar negeri walaupun mahal hasil nya terbaikdaripada di indo bayar mahal yg vvip eh banyak macamnya,fasilitas,,
biaya berobat ke luar negeri walaupun mahal hasil nya terbaikdaripada di indo bayar mahal yg vvip eh banyak macamnya,kualitas_diagnosis,,
sy smntr nabung n berush utk b berobat ke penangsmg b tercapai,general,,
dokter indo aja berobat ke penang,pelayanan,,
ce apa nama rumah sakit nya ce dan nama dokter nya ce aku mau ce aku sakit lambung ce udah bolak balik masuk rumah sakit ce mau banget ce berobat ke penang apa nama rumah sakit nya dan dokter nya,fasilitas,,
ce apa nama rumah sakit nya ce dan nama dokter nya ce aku mau ce aku sakit lambung ce udah bolak balik masuk rumah sakit ce mau banget ce berobat ke penang apa nama rumah sakit nya dan dokter nya,pelayanan,,
klo ane punya uang lebih baik berobat ke luar negeri dari pada pelayanan di negara sendiri apa lgi klo dgr dokternya langsung jgn kasik dia obat mahal,biaya,,
klo ane punya uang lebih baik berobat ke luar negeri dari pada pelayanan di negara sendiri apa lgi klo dgr dokternya langsung jgn kasik dia obat mahal,fasilitas,,
klo ane punya uang lebih baik berobat ke luar negeri dari pada pelayanan di negara sendiri apa lgi klo dgr dokternya langsung jgn kasik dia obat mahal,pelayanan,,
maaf tanya kira berapa biaya klu berobat ke penang,biaya,,
serius saya mau cek lab dan berobat ke penang,fasilitas,,
serius saya mau cek lab dan berobat ke penang,kualitas_diagnosis,,
blh sharring yg pernah keluarganya terkena gejala stroke lalu dtambah pengapuran trs berobat ke penangkah sy mau berbakti kpd orng tua klo blh sharring mau bawa mama sy ksana,fasilitas,,
blh sharring yg pernah keluarganya terkena gejala stroke lalu dtambah pengapuran trs berobat ke penangkah sy mau berbakti kpd orng tua klo blh sharring mau bawa mama sy ksana,pelayanan,,
kita sbg konsumen taulah kualitas dokter indonesia kek apa coba kl kekuarga sakit berobat ke penang psti tau,fasilitas,,
kita sbg konsumen taulah kualitas dokter indonesia kek apa coba kl kekuarga sakit berobat ke penang psti tau,pelayanan,,
kita sbg konsumen taulah kualitas dokter indonesia kek apa coba kl kekuarga sakit berobat ke penang psti tau,aksesibilitas,,
kita sbg konsumen taulah kualitas dokter indonesia kek apa coba kl kekuarga sakit berobat ke penang psti tau,kualitas_diagnosis,,
pengalaman sy nganter anak berobat ke penang utk program bayi tabung disana hampir bln pelayanannya mmg optimal dokternya profesional banget gak pelit ilmu selalu datang ontime dan familiar banget dgn pasien bila di wa atau email selalu dijawab langsung sm dokternya utk nginap di apart yg deket dgn r shg cukup jalan kaki sj transportasi disana jg gampang dan murah koq,biaya,,
pengalaman sy nganter anak berobat ke penang utk program bayi tabung disana hampir bln pelayanannya mmg optimal dokternya profesional banget gak pelit ilmu selalu datang ontime dan familiar banget dgn pasien bila di wa atau email selalu dijawab langsung sm dokternya utk nginap di apart yg deket dgn r shg cukup jalan kaki sj transportasi disana jg gampang dan murah koq,pelayanan,,
pengalaman sy nganter anak berobat ke penang utk program bayi tabung disana hampir bln pelayanannya mmg optimal dokternya profesional banget gak pelit ilmu selalu datang ontime dan familiar banget dgn pasien bila di wa atau email selalu dijawab langsung sm dokternya utk nginap di apart yg deket dgn r shg cukup jalan kaki sj transportasi disana jg gampang dan murah koq,aksesibilitas,,
pengalaman sy nganter anak berobat ke penang utk program bayi tabung disana hampir bln pelayanannya mmg optimal dokternya profesional banget gak pelit ilmu selalu datang ontime dan familiar banget dgn pasien bila di wa atau email selalu dijawab langsung sm dokternya utk nginap di apart yg deket dgn r shg cukup jalan kaki sj transportasi disana jg gampang dan murah koq,kualitas_diagnosis,,
cranya gimana ya berobat ke penang,general,,
semoga saya segera dimampukan untuk berobat ke penang saya sdh lama menderita asam lambung perut sering begkak dan tiap hari harus minum obat maag sdh berobat ke r sdh di cek semua hasilnya bagus semua tapi kok perut sering begkak,biaya,,
semoga saya segera dimampukan untuk berobat ke penang saya sdh lama menderita asam lambung perut sering begkak dan tiap hari harus minum obat maag sdh berobat ke r sdh di cek semua hasilnya bagus semua tapi kok perut sering begkak,fasilitas,,
semoga saya segera dimampukan untuk berobat ke penang saya sdh lama menderita asam lambung perut sering begkak dan tiap hari harus minum obat maag sdh berobat ke r sdh di cek semua hasilnya bagus semua tapi kok perut sering begkak,kualitas_diagnosis,,
biaya bpjs sama biaya berobat ke penang selisih berapa,biaya,,
bagaimana gak otw berobat ke luar negeri dalam negeri berobat aja administrasi lama,pelayanan,,
kak bisa minta tolong ga buat kan tutorial nya gmn cara berobat ke penangplease kak,general,,
salah satu alasan org aceh byk yg berobat ke penang,kualitas_diagnosis,,
semoga aku bisa ke berobat ke penang sakit lambung dn hipertensi aamiin,pelayanan,,
ini sm kyak tetanggaku kkdia dikasih obat jantung tp ngak sembuh sembuhe berobat ke penang katanya ngak jantung kali sembuhjd gimna tu kk jd ngak percaya dia sekarang sm dokter konoha,pelayanan,,
semoga bisa ajak mama berobat ke penang,general,,
orang aceh yg plg bnyk berobat ke penang,general,,
orang lbh memilih berobat ke luar negeri krn pelayanannya lbh baik berarti yg harus diperbaiki kualitas di dlm negeri itu tugas siapa salah rakyat,biaya,,
orang lbh memilih berobat ke luar negeri krn pelayanannya lbh baik berarti yg harus diperbaiki kualitas di dlm negeri itu tugas siapa salah rakyat,fasilitas,,
orang lbh memilih berobat ke luar negeri krn pelayanannya lbh baik berarti yg harus diperbaiki kualitas di dlm negeri itu tugas siapa salah rakyat,pelayanan,,
orang lbh memilih berobat ke luar negeri krn pelayanannya lbh baik berarti yg harus diperbaiki kualitas di dlm negeri itu tugas siapa salah rakyat,kualitas_diagnosis,,
gw dukung orang yang berobat ke luar negeri,general,,
kita semua kl punya duit ya lebih baik berobat ke luar negeri disini kebanyakan lawak,biaya,,
kita semua kl punya duit ya lebih baik berobat ke luar negeri disini kebanyakan lawak,fasilitas,,
kak berobat ke dokter siapa rncana kmi mau berobat ke penang bulan depan sakitnya sama kayak kk plis jawab kak clouwny,biaya,,
kak berobat ke dokter siapa rncana kmi mau berobat ke penang bulan depan sakitnya sama kayak kk plis jawab kak clouwny,pelayanan,,
pagi cici boleh tau gejala maag nya apa saya juga sakit maag dan pingin berobat ke penang mohon jawab ya ci,pelayanan,,
di indonesia saya demam sembuh sebulan pa berobat ke penang hari tu minum obatnya esoknya langsung sembuh,pelayanan,,
di indonesia saya demam sembuh sebulan pa berobat ke penang hari tu minum obatnya esoknya langsung sembuh,aksesibilitas,,
aku berobat ke penang dapet pengalaman yang gak menyenangkan dr nya terburu karna rame dan di kasih obatnya juga sama kaya yang di indo,biaya,,
aku berobat ke penang dapet pengalaman yang gak menyenangkan dr nya terburu karna rame dan di kasih obatnya juga sama kaya yang di indo,pelayanan,,
aku beli asuransi cuma beli yg bisa berobat ke luar negeri punya,biaya,,
fakta rata² orang berobat ke penang lebih di manusiakan pasiennya,general,,
rumah sakit di luar negeri mengutamakan kesembuhanbeda di konoha,fasilitas,,
rumah sakit di luar negeri mengutamakan kesembuhanbeda di konoha,pelayanan,,
mgkin klo org indo mampu pasti semua akan milih berobat ke luar negeri,biaya,,
spil biaya berobat ke penang kak,biaya,,
perlu biaya berapa berobat ke penang,biaya,,
karena dokter di indinesia juga banyak berobat ke penang klu sakit,pelayanan,,
