text,span,label,ordinal
jika orang yg memilih berobat ke luar negeri mungkin orang itu bodoh atau sombong atau kurang pengetahuan tapi kalau juta orang per tahun artinya bisa puluhan juta dalam kurun waktu thn yg memilih lebih baik berobat ke luar negeri maka tidak mungkin puluhan juta orang per tahun tsb bodoh semua apalagi orang tsb pasti orang mampu yg sanggup berobat ke luar negeri jangan berpatokan dengan alasan krn jutaan orang tsb pasti punya banyak sekali alasan kuat tidak mau berobat di dalam negeri idi perbaiki diri anda,biaya,negatif,0
jika orang yg memilih berobat ke luar negeri mungkin orang itu bodoh atau sombong atau kurang pengetahuan tapi kalau juta orang per tahun artinya bisa puluhan juta dalam kurun waktu thn yg memilih lebih baik berobat ke luar negeri maka tidak mungkin puluhan juta orang per tahun tsb bodoh semua apalagi orang tsb pasti orang mampu yg sanggup berobat ke luar negeri jangan berpatokan dengan alasan krn jutaan orang tsb pasti punya banyak sekali alasan kuat tidak mau berobat di dalam negeri idi perbaiki diri anda,fasilitas,negatif,0
tahun yang lalu adik kandung saya pernah di diagnosa kanker stadium di salah satu r swasta di kota medan kami sekeluarga tentunya sangat terpukul mendengar diagnosa dokter tsb kemudian kami ambil keputusan coba berobat ke penang tau hasilnya apa sinositis dan sehat serta masih sehat hingga saat ini dan mungkin banyak yang mengalami seperti kami diagnosa yang asal sebut dari dokter indonesia,pelayanan,negatif,0
tahun yang lalu adik kandung saya pernah di diagnosa kanker stadium di salah satu r swasta di kota medan kami sekeluarga tentunya sangat terpukul mendengar diagnosa dokter tsb kemudian kami ambil keputusan coba berobat ke penang tau hasilnya apa sinositis dan sehat serta masih sehat hingga saat ini dan mungkin banyak yang mengalami seperti kami diagnosa yang asal sebut dari dokter indonesia,aksesibilitas,negatif,0
tahun yang lalu adik kandung saya pernah di diagnosa kanker stadium di salah satu r swasta di kota medan kami sekeluarga tentunya sangat terpukul mendengar diagnosa dokter tsb kemudian kami ambil keputusan coba berobat ke penang tau hasilnya apa sinositis dan sehat serta masih sehat hingga saat ini dan mungkin banyak yang mengalami seperti kami diagnosa yang asal sebut dari dokter indonesia,kualitas_diagnosis,negatif,0
jangan salahkan masyarakat indonesia berobat ke luar negeri lihat dulu permasalahan dari dokternya apa dokternya melayani masayarakat dgn baik walaupun dokter² itu mengatakan melayani dgn sangat baik tp masyarakat tdk mendapatkan pelayanan yg baik dirumah sakit maupun di dokter² praktek mereka hanya mementingkan duit dr pasien dr pd kesembuhan pasiennyaitu kenyataan dokter² indonesia sejak jaman dahulu,biaya,positif,0
jangan salahkan masyarakat indonesia berobat ke luar negeri lihat dulu permasalahan dari dokternya apa dokternya melayani masayarakat dgn baik walaupun dokter² itu mengatakan melayani dgn sangat baik tp masyarakat tdk mendapatkan pelayanan yg baik dirumah sakit maupun di dokter² praktek mereka hanya mementingkan duit dr pasien dr pd kesembuhan pasiennyaitu kenyataan dokter² indonesia sejak jaman dahulu,fasilitas,negatif,0
jangan salahkan masyarakat indonesia berobat ke luar negeri lihat dulu permasalahan dari dokternya apa dokternya melayani masayarakat dgn baik walaupun dokter² itu mengatakan melayani dgn sangat baik tp masyarakat tdk mendapatkan pelayanan yg baik dirumah sakit maupun di dokter² praktek mereka hanya mementingkan duit dr pasien dr pd kesembuhan pasiennyaitu kenyataan dokter² indonesia sejak jaman dahulu,pelayanan,negatif,0
jangan salahkan masyarakat indonesia berobat ke luar negeri lihat dulu permasalahan dari dokternya apa dokternya melayani masayarakat dgn baik walaupun dokter² itu mengatakan melayani dgn sangat baik tp masyarakat tdk mendapatkan pelayanan yg baik dirumah sakit maupun di dokter² praktek mereka hanya mementingkan duit dr pasien dr pd kesembuhan pasiennyaitu kenyataan dokter² indonesia sejak jaman dahulu,aksesibilitas,negatif,0
jangan salahkan masyarakat indonesia berobat ke luar negeri lihat dulu permasalahan dari dokternya apa dokternya melayani masayarakat dgn baik walaupun dokter² itu mengatakan melayani dgn sangat baik tp masyarakat tdk mendapatkan pelayanan yg baik dirumah sakit maupun di dokter² praktek mereka hanya mementingkan duit dr pasien dr pd kesembuhan pasiennyaitu kenyataan dokter² indonesia sejak jaman dahulu,kualitas_diagnosis,negatif,0
yg perlu dibenahi ada hal system pendidikan dokter komersialisasi pendidikan makin banyak fakultas kedokteran mahasiswa berlatar belakang bukan sma ipa bebas masuk yg penting ada duit dan berani bayar bagaimana kualitas lulusannya kalo mau spesialis bayar sendiri mahal lama th tidak ada waktu cari penghasilan lain kecuali ortu nya tajir sistem gaji dokter di malaysia dan singapura gk mikir lagi urusan dapur gajinya cukup dari pemerintah apa pun jenis spesialisnya gajinya sama cukup kerja di rumah sakit ngapain kerja di tempat dokter di ri gajinya sama dengan pns lain bisa jadi di bawah gaji dan tunjangan guru maka cari lagi tempat praktek lain karena fee for service berlomba sebanyaknya pasen bpjs mungkin banyak menolong masyarakat tapi bikin pusing tenaga kesehatan pekerjaan dokter ditambah lagi dgn urusan administrasi parah pokoknyabrkalo gaji dari pemerintah cukup pasti mau kerja fokus di tempat gk sikutan pemerintah juga punya power mengatur penempatan dokter pendidikan dokter kalo bisa ditanggung saja oleh pemerintah gratis ntar seleksi lebih ketat spy kualitas outputnya oke,biaya,negatif,0
yg perlu dibenahi ada hal system pendidikan dokter komersialisasi pendidikan makin banyak fakultas kedokteran mahasiswa berlatar belakang bukan sma ipa bebas masuk yg penting ada duit dan berani bayar bagaimana kualitas lulusannya kalo mau spesialis bayar sendiri mahal lama th tidak ada waktu cari penghasilan lain kecuali ortu nya tajir sistem gaji dokter di malaysia dan singapura gk mikir lagi urusan dapur gajinya cukup dari pemerintah apa pun jenis spesialisnya gajinya sama cukup kerja di rumah sakit ngapain kerja di tempat dokter di ri gajinya sama dengan pns lain bisa jadi di bawah gaji dan tunjangan guru maka cari lagi tempat praktek lain karena fee for service berlomba sebanyaknya pasen bpjs mungkin banyak menolong masyarakat tapi bikin pusing tenaga kesehatan pekerjaan dokter ditambah lagi dgn urusan administrasi parah pokoknyabrkalo gaji dari pemerintah cukup pasti mau kerja fokus di tempat gk sikutan pemerintah juga punya power mengatur penempatan dokter pendidikan dokter kalo bisa ditanggung saja oleh pemerintah gratis ntar seleksi lebih ketat spy kualitas outputnya oke,fasilitas,negatif,0
yg perlu dibenahi ada hal system pendidikan dokter komersialisasi pendidikan makin banyak fakultas kedokteran mahasiswa berlatar belakang bukan sma ipa bebas masuk yg penting ada duit dan berani bayar bagaimana kualitas lulusannya kalo mau spesialis bayar sendiri mahal lama th tidak ada waktu cari penghasilan lain kecuali ortu nya tajir sistem gaji dokter di malaysia dan singapura gk mikir lagi urusan dapur gajinya cukup dari pemerintah apa pun jenis spesialisnya gajinya sama cukup kerja di rumah sakit ngapain kerja di tempat dokter di ri gajinya sama dengan pns lain bisa jadi di bawah gaji dan tunjangan guru maka cari lagi tempat praktek lain karena fee for service berlomba sebanyaknya pasen bpjs mungkin banyak menolong masyarakat tapi bikin pusing tenaga kesehatan pekerjaan dokter ditambah lagi dgn urusan administrasi parah pokoknyabrkalo gaji dari pemerintah cukup pasti mau kerja fokus di tempat gk sikutan pemerintah juga punya power mengatur penempatan dokter pendidikan dokter kalo bisa ditanggung saja oleh pemerintah gratis ntar seleksi lebih ketat spy kualitas outputnya oke,pelayanan,negatif,0
yg perlu dibenahi ada hal system pendidikan dokter komersialisasi pendidikan makin banyak fakultas kedokteran mahasiswa berlatar belakang bukan sma ipa bebas masuk yg penting ada duit dan berani bayar bagaimana kualitas lulusannya kalo mau spesialis bayar sendiri mahal lama th tidak ada waktu cari penghasilan lain kecuali ortu nya tajir sistem gaji dokter di malaysia dan singapura gk mikir lagi urusan dapur gajinya cukup dari pemerintah apa pun jenis spesialisnya gajinya sama cukup kerja di rumah sakit ngapain kerja di tempat dokter di ri gajinya sama dengan pns lain bisa jadi di bawah gaji dan tunjangan guru maka cari lagi tempat praktek lain karena fee for service berlomba sebanyaknya pasen bpjs mungkin banyak menolong masyarakat tapi bikin pusing tenaga kesehatan pekerjaan dokter ditambah lagi dgn urusan administrasi parah pokoknyabrkalo gaji dari pemerintah cukup pasti mau kerja fokus di tempat gk sikutan pemerintah juga punya power mengatur penempatan dokter pendidikan dokter kalo bisa ditanggung saja oleh pemerintah gratis ntar seleksi lebih ketat spy kualitas outputnya oke,kualitas_diagnosis,positif,0
kalo sdm kedokteran lebih baik pasti kita ga berobat ke luar negeritau sendiri dokter disinikalo saya ada duit saya jg lebih memilih berobat ke luar negeriini masalah nyawa,biaya,negatif,0
kalo sdm kedokteran lebih baik pasti kita ga berobat ke luar negeritau sendiri dokter disinikalo saya ada duit saya jg lebih memilih berobat ke luar negeriini masalah nyawa,fasilitas,positif,0
kalo sdm kedokteran lebih baik pasti kita ga berobat ke luar negeritau sendiri dokter disinikalo saya ada duit saya jg lebih memilih berobat ke luar negeriini masalah nyawa,pelayanan,positif,0
kalo sdm kedokteran lebih baik pasti kita ga berobat ke luar negeritau sendiri dokter disinikalo saya ada duit saya jg lebih memilih berobat ke luar negeriini masalah nyawa,kualitas_diagnosis,positif,0
tidak semua dokter di indonesia buruk banyak juga yang bagus amp profesionalbrsaya berulang kali bertemu dokter dokter indonesia yang hebat meskipun ada sj diantaranya yang ngawur asal asalan brsebaiknya pilih pilihlah dokter seblum berobat untuk minimalisir komplain dllbrbrsingapuramalay pun tidak sempurna sy malah punya pengalaman buruk berobat di singapura amp ayah sy malah berakhir tragis akibat berobat di singapura brbrsebaiknya kita jg harus seimbang mencari berita amp medium harusnya berimbang pula menyuguhkan berita brbrjt masy indonesia yang berobat ke singapuramalay secara nominal memang jumlahnya besar tapi jumlah itu tidak sampai jumlah rakyat indonesia brbrapapun itu pelayanan kesehatan di indonesia tetap harus ditingkatkan lagi amp lagi sebab rakyat indonesia semakin banyak semakin pintar amp pastinya tuntutan juga semakin tinggi,biaya,positif,0
tidak semua dokter di indonesia buruk banyak juga yang bagus amp profesionalbrsaya berulang kali bertemu dokter dokter indonesia yang hebat meskipun ada sj diantaranya yang ngawur asal asalan brsebaiknya pilih pilihlah dokter seblum berobat untuk minimalisir komplain dllbrbrsingapuramalay pun tidak sempurna sy malah punya pengalaman buruk berobat di singapura amp ayah sy malah berakhir tragis akibat berobat di singapura brbrsebaiknya kita jg harus seimbang mencari berita amp medium harusnya berimbang pula menyuguhkan berita brbrjt masy indonesia yang berobat ke singapuramalay secara nominal memang jumlahnya besar tapi jumlah itu tidak sampai jumlah rakyat indonesia brbrapapun itu pelayanan kesehatan di indonesia tetap harus ditingkatkan lagi amp lagi sebab rakyat indonesia semakin banyak semakin pintar amp pastinya tuntutan juga semakin tinggi,fasilitas,positif,0
tidak semua dokter di indonesia buruk banyak juga yang bagus amp profesionalbrsaya berulang kali bertemu dokter dokter indonesia yang hebat meskipun ada sj diantaranya yang ngawur asal asalan brsebaiknya pilih pilihlah dokter seblum berobat untuk minimalisir komplain dllbrbrsingapuramalay pun tidak sempurna sy malah punya pengalaman buruk berobat di singapura amp ayah sy malah berakhir tragis akibat berobat di singapura brbrsebaiknya kita jg harus seimbang mencari berita amp medium harusnya berimbang pula menyuguhkan berita brbrjt masy indonesia yang berobat ke singapuramalay secara nominal memang jumlahnya besar tapi jumlah itu tidak sampai jumlah rakyat indonesia brbrapapun itu pelayanan kesehatan di indonesia tetap harus ditingkatkan lagi amp lagi sebab rakyat indonesia semakin banyak semakin pintar amp pastinya tuntutan juga semakin tinggi,pelayanan,negatif,0
tidak semua dokter di indonesia buruk banyak juga yang bagus amp profesionalbrsaya berulang kali bertemu dokter dokter indonesia yang hebat meskipun ada sj diantaranya yang ngawur asal asalan brsebaiknya pilih pilihlah dokter seblum berobat untuk minimalisir komplain dllbrbrsingapuramalay pun tidak sempurna sy malah punya pengalaman buruk berobat di singapura amp ayah sy malah berakhir tragis akibat berobat di singapura brbrsebaiknya kita jg harus seimbang mencari berita amp medium harusnya berimbang pula menyuguhkan berita brbrjt masy indonesia yang berobat ke singapuramalay secara nominal memang jumlahnya besar tapi jumlah itu tidak sampai jumlah rakyat indonesia brbrapapun itu pelayanan kesehatan di indonesia tetap harus ditingkatkan lagi amp lagi sebab rakyat indonesia semakin banyak semakin pintar amp pastinya tuntutan juga semakin tinggi,aksesibilitas,positif,0
tidak semua dokter di indonesia buruk banyak juga yang bagus amp profesionalbrsaya berulang kali bertemu dokter dokter indonesia yang hebat meskipun ada sj diantaranya yang ngawur asal asalan brsebaiknya pilih pilihlah dokter seblum berobat untuk minimalisir komplain dllbrbrsingapuramalay pun tidak sempurna sy malah punya pengalaman buruk berobat di singapura amp ayah sy malah berakhir tragis akibat berobat di singapura brbrsebaiknya kita jg harus seimbang mencari berita amp medium harusnya berimbang pula menyuguhkan berita brbrjt masy indonesia yang berobat ke singapuramalay secara nominal memang jumlahnya besar tapi jumlah itu tidak sampai jumlah rakyat indonesia brbrapapun itu pelayanan kesehatan di indonesia tetap harus ditingkatkan lagi amp lagi sebab rakyat indonesia semakin banyak semakin pintar amp pastinya tuntutan juga semakin tinggi,kualitas_diagnosis,positif,0
menurut saya berobat ke luar negeri pertimbangannya bukan soal nasionalis atau tidak nasionalis tapi lebih mempertimbangkan masalah kualitas pelayanan kesehatan itu sendiri kalau di indonesia kualitas pelayanan kesehatannya lebih bagus dari yang ada di luar negeri seperti singapura atau malaysia maka pasien akan memilih berobat di indonesia apalagi jika biaya pengobatannya lebih murah dan terjangkau oleh masyarakat indonesia pada umumnya itulah pertimbangan pasien kenapa berobat ke luar negeri utamanya untuk orang yang mampu sedangkan yang tidak mampu ya mau tidak mau berobat di indonesiabrsalam dari papua,biaya,positif,0
menurut saya berobat ke luar negeri pertimbangannya bukan soal nasionalis atau tidak nasionalis tapi lebih mempertimbangkan masalah kualitas pelayanan kesehatan itu sendiri kalau di indonesia kualitas pelayanan kesehatannya lebih bagus dari yang ada di luar negeri seperti singapura atau malaysia maka pasien akan memilih berobat di indonesia apalagi jika biaya pengobatannya lebih murah dan terjangkau oleh masyarakat indonesia pada umumnya itulah pertimbangan pasien kenapa berobat ke luar negeri utamanya untuk orang yang mampu sedangkan yang tidak mampu ya mau tidak mau berobat di indonesiabrsalam dari papua,fasilitas,negatif,0
menurut saya berobat ke luar negeri pertimbangannya bukan soal nasionalis atau tidak nasionalis tapi lebih mempertimbangkan masalah kualitas pelayanan kesehatan itu sendiri kalau di indonesia kualitas pelayanan kesehatannya lebih bagus dari yang ada di luar negeri seperti singapura atau malaysia maka pasien akan memilih berobat di indonesia apalagi jika biaya pengobatannya lebih murah dan terjangkau oleh masyarakat indonesia pada umumnya itulah pertimbangan pasien kenapa berobat ke luar negeri utamanya untuk orang yang mampu sedangkan yang tidak mampu ya mau tidak mau berobat di indonesiabrsalam dari papua,pelayanan,negatif,0
menurut saya berobat ke luar negeri pertimbangannya bukan soal nasionalis atau tidak nasionalis tapi lebih mempertimbangkan masalah kualitas pelayanan kesehatan itu sendiri kalau di indonesia kualitas pelayanan kesehatannya lebih bagus dari yang ada di luar negeri seperti singapura atau malaysia maka pasien akan memilih berobat di indonesia apalagi jika biaya pengobatannya lebih murah dan terjangkau oleh masyarakat indonesia pada umumnya itulah pertimbangan pasien kenapa berobat ke luar negeri utamanya untuk orang yang mampu sedangkan yang tidak mampu ya mau tidak mau berobat di indonesiabrsalam dari papua,aksesibilitas,negatif,0
menurut saya berobat ke luar negeri pertimbangannya bukan soal nasionalis atau tidak nasionalis tapi lebih mempertimbangkan masalah kualitas pelayanan kesehatan itu sendiri kalau di indonesia kualitas pelayanan kesehatannya lebih bagus dari yang ada di luar negeri seperti singapura atau malaysia maka pasien akan memilih berobat di indonesia apalagi jika biaya pengobatannya lebih murah dan terjangkau oleh masyarakat indonesia pada umumnya itulah pertimbangan pasien kenapa berobat ke luar negeri utamanya untuk orang yang mampu sedangkan yang tidak mampu ya mau tidak mau berobat di indonesiabrsalam dari papua,kualitas_diagnosis,positif,0
saya juga berobat ke singapura efektif dan efisien biaya itu relatif tapi tetap lebih murah diluar,biaya,negatif,0
ngapain berobat ke luar negeri klo di indonesia dokternya berkualitas top masalahnya dokter di indonesia berkualitas top gak,fasilitas,negatif,0
ngapain berobat ke luar negeri klo di indonesia dokternya berkualitas top masalahnya dokter di indonesia berkualitas top gak,pelayanan,negatif,0
ngapain berobat ke luar negeri klo di indonesia dokternya berkualitas top masalahnya dokter di indonesia berkualitas top gak,aksesibilitas,negatif,0
ngapain berobat ke luar negeri klo di indonesia dokternya berkualitas top masalahnya dokter di indonesia berkualitas top gak,kualitas_diagnosis,negatif,0
kenapa nggak pilih berobat ke penang,general,positif,0
biasanya yang punya duit dan yang punya kedudukkan yang berobat ke luar negeridan kalau yang ga punya keduanya ini jangan harap bisa ke luar negeri,biaya,negatif,0
gue dukung klienklienku berobat ke luar negeri alasannya di luar negeri maka pasien akan mendapatkan penjelasan yang lebih valid sedangkan di indonesia beda dokter maka omongannya beda walhasil pasien jadi stress karena kebingunganbrkesimpulan dokter di indonesia nggak kalah pinter tapi nggak ada standarisasi edukasi kepada pasien yang terorganisir walhasil omongan satu dokter akan beda dengan dokter lain lebih mengedepankan unsur duit jualan alat jasa pakai alat skill terapi perawatannya kadang malah lebih pinter perawatnya ketimbang dokternya masa gue pernah dengar ada dokter yang gak bisa nyuntik,biaya,positif,0
gue dukung klienklienku berobat ke luar negeri alasannya di luar negeri maka pasien akan mendapatkan penjelasan yang lebih valid sedangkan di indonesia beda dokter maka omongannya beda walhasil pasien jadi stress karena kebingunganbrkesimpulan dokter di indonesia nggak kalah pinter tapi nggak ada standarisasi edukasi kepada pasien yang terorganisir walhasil omongan satu dokter akan beda dengan dokter lain lebih mengedepankan unsur duit jualan alat jasa pakai alat skill terapi perawatannya kadang malah lebih pinter perawatnya ketimbang dokternya masa gue pernah dengar ada dokter yang gak bisa nyuntik,fasilitas,negatif,0
gue dukung klienklienku berobat ke luar negeri alasannya di luar negeri maka pasien akan mendapatkan penjelasan yang lebih valid sedangkan di indonesia beda dokter maka omongannya beda walhasil pasien jadi stress karena kebingunganbrkesimpulan dokter di indonesia nggak kalah pinter tapi nggak ada standarisasi edukasi kepada pasien yang terorganisir walhasil omongan satu dokter akan beda dengan dokter lain lebih mengedepankan unsur duit jualan alat jasa pakai alat skill terapi perawatannya kadang malah lebih pinter perawatnya ketimbang dokternya masa gue pernah dengar ada dokter yang gak bisa nyuntik,pelayanan,negatif,0
gue dukung klienklienku berobat ke luar negeri alasannya di luar negeri maka pasien akan mendapatkan penjelasan yang lebih valid sedangkan di indonesia beda dokter maka omongannya beda walhasil pasien jadi stress karena kebingunganbrkesimpulan dokter di indonesia nggak kalah pinter tapi nggak ada standarisasi edukasi kepada pasien yang terorganisir walhasil omongan satu dokter akan beda dengan dokter lain lebih mengedepankan unsur duit jualan alat jasa pakai alat skill terapi perawatannya kadang malah lebih pinter perawatnya ketimbang dokternya masa gue pernah dengar ada dokter yang gak bisa nyuntik,aksesibilitas,negatif,0
gue dukung klienklienku berobat ke luar negeri alasannya di luar negeri maka pasien akan mendapatkan penjelasan yang lebih valid sedangkan di indonesia beda dokter maka omongannya beda walhasil pasien jadi stress karena kebingunganbrkesimpulan dokter di indonesia nggak kalah pinter tapi nggak ada standarisasi edukasi kepada pasien yang terorganisir walhasil omongan satu dokter akan beda dengan dokter lain lebih mengedepankan unsur duit jualan alat jasa pakai alat skill terapi perawatannya kadang malah lebih pinter perawatnya ketimbang dokternya masa gue pernah dengar ada dokter yang gak bisa nyuntik,kualitas_diagnosis,negatif,0
teman saya berobat ke singapura menurut dia pelayanan puas krn dokternya dg telaten merawatnya bahkan pihak r menyediakan info ttg penginapan keluarga pasien dg tarif terjangkau dan sdh jelas total semua biaya smp sembuh bahkan lebih murah biayanya dibandingkan dg di ind,biaya,negatif,0
teman saya berobat ke singapura menurut dia pelayanan puas krn dokternya dg telaten merawatnya bahkan pihak r menyediakan info ttg penginapan keluarga pasien dg tarif terjangkau dan sdh jelas total semua biaya smp sembuh bahkan lebih murah biayanya dibandingkan dg di ind,pelayanan,negatif,0
saya seumpama punya duit lebih juga lebih senang berobat ke luar negeribrapalagi pke bpjs banyak rsud yg jelek dokter kompetensinya dan perawat nya juga jude walaupun alkes sdh canggih tapi klo dokter nya pekok ga tau jenis penyakit pasien sampe bingung sebenarnya ini dokter apa pengusaha kok mentalnya cari duit dr pasien,biaya,negatif,0
saya seumpama punya duit lebih juga lebih senang berobat ke luar negeribrapalagi pke bpjs banyak rsud yg jelek dokter kompetensinya dan perawat nya juga jude walaupun alkes sdh canggih tapi klo dokter nya pekok ga tau jenis penyakit pasien sampe bingung sebenarnya ini dokter apa pengusaha kok mentalnya cari duit dr pasien,fasilitas,negatif,0
saya seumpama punya duit lebih juga lebih senang berobat ke luar negeribrapalagi pke bpjs banyak rsud yg jelek dokter kompetensinya dan perawat nya juga jude walaupun alkes sdh canggih tapi klo dokter nya pekok ga tau jenis penyakit pasien sampe bingung sebenarnya ini dokter apa pengusaha kok mentalnya cari duit dr pasien,pelayanan,negatif,0
saya seumpama punya duit lebih juga lebih senang berobat ke luar negeribrapalagi pke bpjs banyak rsud yg jelek dokter kompetensinya dan perawat nya juga jude walaupun alkes sdh canggih tapi klo dokter nya pekok ga tau jenis penyakit pasien sampe bingung sebenarnya ini dokter apa pengusaha kok mentalnya cari duit dr pasien,kualitas_diagnosis,negatif,0
ya saya dan keluarga juga mengalami bbrp pengalaman buruk di rumah sakit di indonesia sehingga bbrp kali harus berobat ke luar negeri kakak saya divonis sudah tidak ada harapan di rumah sakit terkenal di jakarta kemudian kami bawa ke singapura ditangani dengan cepat dan sampai sekarang sehat walafiat saya sendiri pernah beradu pendapat dengan dokter gigi di rumah sakit elit di jakarta karena dokter tidak berdiskusi tapi langsung ngebar ngebor gigi saya tanpa persetujuan terlebih dahulu orang tua saya perlu berobat tembak batu ginjal di rscm harus bayar tunai tidak boleh transfer gila banget ke rumah sakit gembolan uang tunai puluhan juta,biaya,negatif,0
ya saya dan keluarga juga mengalami bbrp pengalaman buruk di rumah sakit di indonesia sehingga bbrp kali harus berobat ke luar negeri kakak saya divonis sudah tidak ada harapan di rumah sakit terkenal di jakarta kemudian kami bawa ke singapura ditangani dengan cepat dan sampai sekarang sehat walafiat saya sendiri pernah beradu pendapat dengan dokter gigi di rumah sakit elit di jakarta karena dokter tidak berdiskusi tapi langsung ngebar ngebor gigi saya tanpa persetujuan terlebih dahulu orang tua saya perlu berobat tembak batu ginjal di rscm harus bayar tunai tidak boleh transfer gila banget ke rumah sakit gembolan uang tunai puluhan juta,fasilitas,negatif,0
ya saya dan keluarga juga mengalami bbrp pengalaman buruk di rumah sakit di indonesia sehingga bbrp kali harus berobat ke luar negeri kakak saya divonis sudah tidak ada harapan di rumah sakit terkenal di jakarta kemudian kami bawa ke singapura ditangani dengan cepat dan sampai sekarang sehat walafiat saya sendiri pernah beradu pendapat dengan dokter gigi di rumah sakit elit di jakarta karena dokter tidak berdiskusi tapi langsung ngebar ngebor gigi saya tanpa persetujuan terlebih dahulu orang tua saya perlu berobat tembak batu ginjal di rscm harus bayar tunai tidak boleh transfer gila banget ke rumah sakit gembolan uang tunai puluhan juta,pelayanan,negatif,0
ya saya dan keluarga juga mengalami bbrp pengalaman buruk di rumah sakit di indonesia sehingga bbrp kali harus berobat ke luar negeri kakak saya divonis sudah tidak ada harapan di rumah sakit terkenal di jakarta kemudian kami bawa ke singapura ditangani dengan cepat dan sampai sekarang sehat walafiat saya sendiri pernah beradu pendapat dengan dokter gigi di rumah sakit elit di jakarta karena dokter tidak berdiskusi tapi langsung ngebar ngebor gigi saya tanpa persetujuan terlebih dahulu orang tua saya perlu berobat tembak batu ginjal di rscm harus bayar tunai tidak boleh transfer gila banget ke rumah sakit gembolan uang tunai puluhan juta,aksesibilitas,negatif,0
dokter di indonesia pernah memvonis kakak saya untuk amputasi karena sakit kelenjar getah bening di daerah kaki kami menolak kemudian dibawa berobat ke malaysia disana beliau diberi terapi chemo beberapa bulan kemudian dinyatakan sembuh dokter di malaysia ternyata kebanyakan orang indonesia sendir nah lho mau quotbijimanaquot nih,pelayanan,negatif,0
dokter di indonesia pernah memvonis kakak saya untuk amputasi karena sakit kelenjar getah bening di daerah kaki kami menolak kemudian dibawa berobat ke malaysia disana beliau diberi terapi chemo beberapa bulan kemudian dinyatakan sembuh dokter di malaysia ternyata kebanyakan orang indonesia sendir nah lho mau quotbijimanaquot nih,aksesibilitas,negatif,0
tidak bisa dibilang berobat ke luar negeri lalu mengatakan tidak nasionalisbrbr kita harus sadar mengapa orang indonesia berobat ke luar negeri karena pasien lebih percaya dengan dokter luar negeri jadi daripada mengatakan kalau mereka tidak nasionalis mengapa bukan dokter di indonesia yang harus menambah ilmu dan membuktikan bahwa mereka patut dipercayabrbr masalah berobat ke luar negeri itu hak selama pasien tersebut menggunakan uangnya sendiri dan mau mampu mengeluarkan uang ya tidak masalah kan mengapa tiba menjadi tidak nasionalisbrbr sebenarnya berobat ke luar negeri tidak selalu bagus karena pada kenyataan nya mertua saya sendiri berobat ke malay tapi sembuhnya toh dengan dokter indonesia jadi ini sebenarnya case by case ya tapi ada juga saudara yang diobok di dokter indonesia tapi sembuhnya di luar negeri sekali lagi ini case by casebrbr berobat ke luar negeri itu demi kesembuhan pasien dan salah satu hak pasien itu memilih dokter jadi masalah berobat ke luar negeri tidak perlu dipolitisasi atau dikritik mau pasien berobat di indonesia br a tambah ilmu dokterbr b upgrade peralatan kedokteranbr c tambah ilmu dokterbr d kurangi biaya pengobatan jadi tolong biaya obatobat an ditekan kalau daftar obat dari luar negeri biaya nya jangan mahal akrena itu nanti akan dibebankan ke masyarakat masa obat a misalnya di singapore dan di indo bisa lebih murah di singaporebr e tambah ilmu dokterbr f biaya jadi dokter jangan mahalmahal supaya dokter tidak fokus balek modalbr g tambah ilmu dokterbr h idem idem idem idem mendem,biaya,negatif,0
tidak bisa dibilang berobat ke luar negeri lalu mengatakan tidak nasionalisbrbr kita harus sadar mengapa orang indonesia berobat ke luar negeri karena pasien lebih percaya dengan dokter luar negeri jadi daripada mengatakan kalau mereka tidak nasionalis mengapa bukan dokter di indonesia yang harus menambah ilmu dan membuktikan bahwa mereka patut dipercayabrbr masalah berobat ke luar negeri itu hak selama pasien tersebut menggunakan uangnya sendiri dan mau mampu mengeluarkan uang ya tidak masalah kan mengapa tiba menjadi tidak nasionalisbrbr sebenarnya berobat ke luar negeri tidak selalu bagus karena pada kenyataan nya mertua saya sendiri berobat ke malay tapi sembuhnya toh dengan dokter indonesia jadi ini sebenarnya case by case ya tapi ada juga saudara yang diobok di dokter indonesia tapi sembuhnya di luar negeri sekali lagi ini case by casebrbr berobat ke luar negeri itu demi kesembuhan pasien dan salah satu hak pasien itu memilih dokter jadi masalah berobat ke luar negeri tidak perlu dipolitisasi atau dikritik mau pasien berobat di indonesia br a tambah ilmu dokterbr b upgrade peralatan kedokteranbr c tambah ilmu dokterbr d kurangi biaya pengobatan jadi tolong biaya obatobat an ditekan kalau daftar obat dari luar negeri biaya nya jangan mahal akrena itu nanti akan dibebankan ke masyarakat masa obat a misalnya di singapore dan di indo bisa lebih murah di singaporebr e tambah ilmu dokterbr f biaya jadi dokter jangan mahalmahal supaya dokter tidak fokus balek modalbr g tambah ilmu dokterbr h idem idem idem idem mendem,fasilitas,negatif,0
tidak bisa dibilang berobat ke luar negeri lalu mengatakan tidak nasionalisbrbr kita harus sadar mengapa orang indonesia berobat ke luar negeri karena pasien lebih percaya dengan dokter luar negeri jadi daripada mengatakan kalau mereka tidak nasionalis mengapa bukan dokter di indonesia yang harus menambah ilmu dan membuktikan bahwa mereka patut dipercayabrbr masalah berobat ke luar negeri itu hak selama pasien tersebut menggunakan uangnya sendiri dan mau mampu mengeluarkan uang ya tidak masalah kan mengapa tiba menjadi tidak nasionalisbrbr sebenarnya berobat ke luar negeri tidak selalu bagus karena pada kenyataan nya mertua saya sendiri berobat ke malay tapi sembuhnya toh dengan dokter indonesia jadi ini sebenarnya case by case ya tapi ada juga saudara yang diobok di dokter indonesia tapi sembuhnya di luar negeri sekali lagi ini case by casebrbr berobat ke luar negeri itu demi kesembuhan pasien dan salah satu hak pasien itu memilih dokter jadi masalah berobat ke luar negeri tidak perlu dipolitisasi atau dikritik mau pasien berobat di indonesia br a tambah ilmu dokterbr b upgrade peralatan kedokteranbr c tambah ilmu dokterbr d kurangi biaya pengobatan jadi tolong biaya obatobat an ditekan kalau daftar obat dari luar negeri biaya nya jangan mahal akrena itu nanti akan dibebankan ke masyarakat masa obat a misalnya di singapore dan di indo bisa lebih murah di singaporebr e tambah ilmu dokterbr f biaya jadi dokter jangan mahalmahal supaya dokter tidak fokus balek modalbr g tambah ilmu dokterbr h idem idem idem idem mendem,pelayanan,negatif,0
tidak bisa dibilang berobat ke luar negeri lalu mengatakan tidak nasionalisbrbr kita harus sadar mengapa orang indonesia berobat ke luar negeri karena pasien lebih percaya dengan dokter luar negeri jadi daripada mengatakan kalau mereka tidak nasionalis mengapa bukan dokter di indonesia yang harus menambah ilmu dan membuktikan bahwa mereka patut dipercayabrbr masalah berobat ke luar negeri itu hak selama pasien tersebut menggunakan uangnya sendiri dan mau mampu mengeluarkan uang ya tidak masalah kan mengapa tiba menjadi tidak nasionalisbrbr sebenarnya berobat ke luar negeri tidak selalu bagus karena pada kenyataan nya mertua saya sendiri berobat ke malay tapi sembuhnya toh dengan dokter indonesia jadi ini sebenarnya case by case ya tapi ada juga saudara yang diobok di dokter indonesia tapi sembuhnya di luar negeri sekali lagi ini case by casebrbr berobat ke luar negeri itu demi kesembuhan pasien dan salah satu hak pasien itu memilih dokter jadi masalah berobat ke luar negeri tidak perlu dipolitisasi atau dikritik mau pasien berobat di indonesia br a tambah ilmu dokterbr b upgrade peralatan kedokteranbr c tambah ilmu dokterbr d kurangi biaya pengobatan jadi tolong biaya obatobat an ditekan kalau daftar obat dari luar negeri biaya nya jangan mahal akrena itu nanti akan dibebankan ke masyarakat masa obat a misalnya di singapore dan di indo bisa lebih murah di singaporebr e tambah ilmu dokterbr f biaya jadi dokter jangan mahalmahal supaya dokter tidak fokus balek modalbr g tambah ilmu dokterbr h idem idem idem idem mendem,aksesibilitas,negatif,0
tidak bisa dibilang berobat ke luar negeri lalu mengatakan tidak nasionalisbrbr kita harus sadar mengapa orang indonesia berobat ke luar negeri karena pasien lebih percaya dengan dokter luar negeri jadi daripada mengatakan kalau mereka tidak nasionalis mengapa bukan dokter di indonesia yang harus menambah ilmu dan membuktikan bahwa mereka patut dipercayabrbr masalah berobat ke luar negeri itu hak selama pasien tersebut menggunakan uangnya sendiri dan mau mampu mengeluarkan uang ya tidak masalah kan mengapa tiba menjadi tidak nasionalisbrbr sebenarnya berobat ke luar negeri tidak selalu bagus karena pada kenyataan nya mertua saya sendiri berobat ke malay tapi sembuhnya toh dengan dokter indonesia jadi ini sebenarnya case by case ya tapi ada juga saudara yang diobok di dokter indonesia tapi sembuhnya di luar negeri sekali lagi ini case by casebrbr berobat ke luar negeri itu demi kesembuhan pasien dan salah satu hak pasien itu memilih dokter jadi masalah berobat ke luar negeri tidak perlu dipolitisasi atau dikritik mau pasien berobat di indonesia br a tambah ilmu dokterbr b upgrade peralatan kedokteranbr c tambah ilmu dokterbr d kurangi biaya pengobatan jadi tolong biaya obatobat an ditekan kalau daftar obat dari luar negeri biaya nya jangan mahal akrena itu nanti akan dibebankan ke masyarakat masa obat a misalnya di singapore dan di indo bisa lebih murah di singaporebr e tambah ilmu dokterbr f biaya jadi dokter jangan mahalmahal supaya dokter tidak fokus balek modalbr g tambah ilmu dokterbr h idem idem idem idem mendem,kualitas_diagnosis,negatif,0
lha kedokteran kita culturnya jelekbrpelayananya tdk seperti berobat ke luar negeridokter kita khan juaji sok ningratbrdan tdk dijamin qualitas sembuh jg pelayananbrkita jadi pasien suster bukan pasienya dokterbrsbb semuannya yg kita terima dari sustersang dokter di balik layar,fasilitas,negatif,0
lha kedokteran kita culturnya jelekbrpelayananya tdk seperti berobat ke luar negeridokter kita khan juaji sok ningratbrdan tdk dijamin qualitas sembuh jg pelayananbrkita jadi pasien suster bukan pasienya dokterbrsbb semuannya yg kita terima dari sustersang dokter di balik layar,pelayanan,negatif,0
kalau pakai bpjs operasi menunggu antri tapi kalau berbayar akan segera ditanganibr obatan pun bisa di tawarkan mau yg canggih mahal atau mau yg biasa harganya jauh berbedabr bagi yg berduit berobat berarti berwisata ke luar negeri berobat tapi berwisata juga atau simpanannya memang di bank luar negeri dan pakai asuransi internasionalbr umumnya rumah sakit di luar negeri adalah rumah sakit kristen yg jadi tujuan karena tujuan utama adalah pelayanan melayani manusia yg menderita adalah melayani tuhan rumah sakit kristen di luar negeri memang canggih,biaya,negatif,0
kalau pakai bpjs operasi menunggu antri tapi kalau berbayar akan segera ditanganibr obatan pun bisa di tawarkan mau yg canggih mahal atau mau yg biasa harganya jauh berbedabr bagi yg berduit berobat berarti berwisata ke luar negeri berobat tapi berwisata juga atau simpanannya memang di bank luar negeri dan pakai asuransi internasionalbr umumnya rumah sakit di luar negeri adalah rumah sakit kristen yg jadi tujuan karena tujuan utama adalah pelayanan melayani manusia yg menderita adalah melayani tuhan rumah sakit kristen di luar negeri memang canggih,fasilitas,negatif,0
kalau pakai bpjs operasi menunggu antri tapi kalau berbayar akan segera ditanganibr obatan pun bisa di tawarkan mau yg canggih mahal atau mau yg biasa harganya jauh berbedabr bagi yg berduit berobat berarti berwisata ke luar negeri berobat tapi berwisata juga atau simpanannya memang di bank luar negeri dan pakai asuransi internasionalbr umumnya rumah sakit di luar negeri adalah rumah sakit kristen yg jadi tujuan karena tujuan utama adalah pelayanan melayani manusia yg menderita adalah melayani tuhan rumah sakit kristen di luar negeri memang canggih,pelayanan,negatif,0
kalau pakai bpjs operasi menunggu antri tapi kalau berbayar akan segera ditanganibr obatan pun bisa di tawarkan mau yg canggih mahal atau mau yg biasa harganya jauh berbedabr bagi yg berduit berobat berarti berwisata ke luar negeri berobat tapi berwisata juga atau simpanannya memang di bank luar negeri dan pakai asuransi internasionalbr umumnya rumah sakit di luar negeri adalah rumah sakit kristen yg jadi tujuan karena tujuan utama adalah pelayanan melayani manusia yg menderita adalah melayani tuhan rumah sakit kristen di luar negeri memang canggih,aksesibilitas,negatif,0
kalau pakai bpjs operasi menunggu antri tapi kalau berbayar akan segera ditanganibr obatan pun bisa di tawarkan mau yg canggih mahal atau mau yg biasa harganya jauh berbedabr bagi yg berduit berobat berarti berwisata ke luar negeri berobat tapi berwisata juga atau simpanannya memang di bank luar negeri dan pakai asuransi internasionalbr umumnya rumah sakit di luar negeri adalah rumah sakit kristen yg jadi tujuan karena tujuan utama adalah pelayanan melayani manusia yg menderita adalah melayani tuhan rumah sakit kristen di luar negeri memang canggih,kualitas_diagnosis,positif,0
masalahnya berobat ke penang itu kabarnya lebih murah dan pelayanan lebih baikbrtarip dokter di indonesia lebih mahal dibanding malaysiabrsaya setuju disebut a nasionalis kalau biaya rumah sakitdokter kwalitas maupun pelayanan sudah kompetitif tapi masih pilih ke ln,biaya,negatif,0
masalahnya berobat ke penang itu kabarnya lebih murah dan pelayanan lebih baikbrtarip dokter di indonesia lebih mahal dibanding malaysiabrsaya setuju disebut a nasionalis kalau biaya rumah sakitdokter kwalitas maupun pelayanan sudah kompetitif tapi masih pilih ke ln,fasilitas,negatif,0
masalahnya berobat ke penang itu kabarnya lebih murah dan pelayanan lebih baikbrtarip dokter di indonesia lebih mahal dibanding malaysiabrsaya setuju disebut a nasionalis kalau biaya rumah sakitdokter kwalitas maupun pelayanan sudah kompetitif tapi masih pilih ke ln,pelayanan,negatif,0
masalahnya berobat ke penang itu kabarnya lebih murah dan pelayanan lebih baikbrtarip dokter di indonesia lebih mahal dibanding malaysiabrsaya setuju disebut a nasionalis kalau biaya rumah sakitdokter kwalitas maupun pelayanan sudah kompetitif tapi masih pilih ke ln,aksesibilitas,positif,0
masalahnya berobat ke penang itu kabarnya lebih murah dan pelayanan lebih baikbrtarip dokter di indonesia lebih mahal dibanding malaysiabrsaya setuju disebut a nasionalis kalau biaya rumah sakitdokter kwalitas maupun pelayanan sudah kompetitif tapi masih pilih ke ln,kualitas_diagnosis,negatif,0
cerita kakak ni santai tapi betul semua lagi sungai siput tu di bengkalis riau ya kak salam kenal ya bremg kualitas dokter di indonesia jauh banget dgn dokter di malaysia saya pernah ikut milis kesehatan yg isinya tidak hanya tinggal di indonesia tapi juga banyak yg tinggal di luar negri jadi ada salah satu member cerita bhw dia pernah bawa anaknya sakit batuk yg tidak kunjung sembuh dokter diluar tidak lgsg memberikan obat apalg antibiotik spt kebanyakan doktet di indonesia krn batukflu itu penyebabnya adalah virus bukan bakteri sdgkan antibiotik hanya efektif melawan bakteri penggunaan antibiotik yg tek tepat dpt menyebabkan resistensi antibiotik jadi flubatuk penangannya cukup istirahat yg cukup dan konsumsi vit c jadi intinya emg dokter disini suka asal diagnosa kdg gw berfikir mereka dulu kuliahnya gimana ya apa sering bolo atua gimana kok bisanya asal mgasi obat aja,fasilitas,positif,0
cerita kakak ni santai tapi betul semua lagi sungai siput tu di bengkalis riau ya kak salam kenal ya bremg kualitas dokter di indonesia jauh banget dgn dokter di malaysia saya pernah ikut milis kesehatan yg isinya tidak hanya tinggal di indonesia tapi juga banyak yg tinggal di luar negri jadi ada salah satu member cerita bhw dia pernah bawa anaknya sakit batuk yg tidak kunjung sembuh dokter diluar tidak lgsg memberikan obat apalg antibiotik spt kebanyakan doktet di indonesia krn batukflu itu penyebabnya adalah virus bukan bakteri sdgkan antibiotik hanya efektif melawan bakteri penggunaan antibiotik yg tek tepat dpt menyebabkan resistensi antibiotik jadi flubatuk penangannya cukup istirahat yg cukup dan konsumsi vit c jadi intinya emg dokter disini suka asal diagnosa kdg gw berfikir mereka dulu kuliahnya gimana ya apa sering bolo atua gimana kok bisanya asal mgasi obat aja,pelayanan,positif,0
cerita kakak ni santai tapi betul semua lagi sungai siput tu di bengkalis riau ya kak salam kenal ya bremg kualitas dokter di indonesia jauh banget dgn dokter di malaysia saya pernah ikut milis kesehatan yg isinya tidak hanya tinggal di indonesia tapi juga banyak yg tinggal di luar negri jadi ada salah satu member cerita bhw dia pernah bawa anaknya sakit batuk yg tidak kunjung sembuh dokter diluar tidak lgsg memberikan obat apalg antibiotik spt kebanyakan doktet di indonesia krn batukflu itu penyebabnya adalah virus bukan bakteri sdgkan antibiotik hanya efektif melawan bakteri penggunaan antibiotik yg tek tepat dpt menyebabkan resistensi antibiotik jadi flubatuk penangannya cukup istirahat yg cukup dan konsumsi vit c jadi intinya emg dokter disini suka asal diagnosa kdg gw berfikir mereka dulu kuliahnya gimana ya apa sering bolo atua gimana kok bisanya asal mgasi obat aja,aksesibilitas,positif,0
cerita kakak ni santai tapi betul semua lagi sungai siput tu di bengkalis riau ya kak salam kenal ya bremg kualitas dokter di indonesia jauh banget dgn dokter di malaysia saya pernah ikut milis kesehatan yg isinya tidak hanya tinggal di indonesia tapi juga banyak yg tinggal di luar negri jadi ada salah satu member cerita bhw dia pernah bawa anaknya sakit batuk yg tidak kunjung sembuh dokter diluar tidak lgsg memberikan obat apalg antibiotik spt kebanyakan doktet di indonesia krn batukflu itu penyebabnya adalah virus bukan bakteri sdgkan antibiotik hanya efektif melawan bakteri penggunaan antibiotik yg tek tepat dpt menyebabkan resistensi antibiotik jadi flubatuk penangannya cukup istirahat yg cukup dan konsumsi vit c jadi intinya emg dokter disini suka asal diagnosa kdg gw berfikir mereka dulu kuliahnya gimana ya apa sering bolo atua gimana kok bisanya asal mgasi obat aja,kualitas_diagnosis,negatif,0
kk penduduk yg sering berobat ke penang malaysia adalah orang tionghwa jakarta surabaya semarang medanlalu sisanya orang batak di medan pekanbaru dan dari kampung,aksesibilitas,positif,0
saya orang malaysia baru pulang dari acheh medan brastagibrbrada teman saya orang karo abangnya telah didiagnos kanker maka doktor dia juga orang karo jarang merekomendasi ke malaysia tapi kasus abang dia ini kerana mereka bersaudara dekat dia rekomendasi berobat ke penang malaysia,fasilitas,positif,0
saya orang malaysia baru pulang dari acheh medan brastagibrbrada teman saya orang karo abangnya telah didiagnos kanker maka doktor dia juga orang karo jarang merekomendasi ke malaysia tapi kasus abang dia ini kerana mereka bersaudara dekat dia rekomendasi berobat ke penang malaysia,pelayanan,positif,0
saya orang malaysia baru pulang dari acheh medan brastagibrbrada teman saya orang karo abangnya telah didiagnos kanker maka doktor dia juga orang karo jarang merekomendasi ke malaysia tapi kasus abang dia ini kerana mereka bersaudara dekat dia rekomendasi berobat ke penang malaysia,aksesibilitas,positif,0
warga indonesia kenapa berobat ke luar negeri itu bagi yang punya uang kalau di indonesia bagi pasien yang punya uang itu kesempatan di kura sampai kering bagi yang punya uang pa passan tetap berobat di indonesia bagi yang tidak punya uang siap saja maaf saya komen disini kenapa rm sakit di malaysia lebih mengutamakan nyawa manusia dari pada uang setiap pasien berobat di sana mereka tidak menanyakan uang nyawa lebih penting uang itu nomor sekian tidak punya uang pun mereka menanganinya dengan manusiawi saya liat di youtube orang indonesia yang pernah berobat di malaysia dan dokternya pun proposional mereka sangat puas pelayanannya dan tidak pandang siapa dia dan berasal dari negara manaini contoh negara yang mementingkan keselamatan nyawa manusia dari pada uangobat obatnya pun mantap bayar bisa di cicil sesuai kemampuan dan tidak di paksa dan lebih murah pembiayaannya dari pada di negeri sendiri,biaya,negatif,0
warga indonesia kenapa berobat ke luar negeri itu bagi yang punya uang kalau di indonesia bagi pasien yang punya uang itu kesempatan di kura sampai kering bagi yang punya uang pa passan tetap berobat di indonesia bagi yang tidak punya uang siap saja maaf saya komen disini kenapa rm sakit di malaysia lebih mengutamakan nyawa manusia dari pada uang setiap pasien berobat di sana mereka tidak menanyakan uang nyawa lebih penting uang itu nomor sekian tidak punya uang pun mereka menanganinya dengan manusiawi saya liat di youtube orang indonesia yang pernah berobat di malaysia dan dokternya pun proposional mereka sangat puas pelayanannya dan tidak pandang siapa dia dan berasal dari negara manaini contoh negara yang mementingkan keselamatan nyawa manusia dari pada uangobat obatnya pun mantap bayar bisa di cicil sesuai kemampuan dan tidak di paksa dan lebih murah pembiayaannya dari pada di negeri sendiri,pelayanan,negatif,0
warga indonesia kenapa berobat ke luar negeri itu bagi yang punya uang kalau di indonesia bagi pasien yang punya uang itu kesempatan di kura sampai kering bagi yang punya uang pa passan tetap berobat di indonesia bagi yang tidak punya uang siap saja maaf saya komen disini kenapa rm sakit di malaysia lebih mengutamakan nyawa manusia dari pada uang setiap pasien berobat di sana mereka tidak menanyakan uang nyawa lebih penting uang itu nomor sekian tidak punya uang pun mereka menanganinya dengan manusiawi saya liat di youtube orang indonesia yang pernah berobat di malaysia dan dokternya pun proposional mereka sangat puas pelayanannya dan tidak pandang siapa dia dan berasal dari negara manaini contoh negara yang mementingkan keselamatan nyawa manusia dari pada uangobat obatnya pun mantap bayar bisa di cicil sesuai kemampuan dan tidak di paksa dan lebih murah pembiayaannya dari pada di negeri sendiri,aksesibilitas,negatif,0
selama sistem pelayanan kesehatan amp kepastian perlindungan hukum di indonesia masih buruk kasar tidak prodesional maka jangan harap wni akan berhenti berobat ke luar negeri,fasilitas,negatif,0
selama sistem pelayanan kesehatan amp kepastian perlindungan hukum di indonesia masih buruk kasar tidak prodesional maka jangan harap wni akan berhenti berobat ke luar negeri,pelayanan,negatif,0
selama sistem pelayanan kesehatan amp kepastian perlindungan hukum di indonesia masih buruk kasar tidak prodesional maka jangan harap wni akan berhenti berobat ke luar negeri,aksesibilitas,positif,0
jangan disalahkan dong pakbrkan ini hukum pasar kalo pelayanan di luar negeri lebih baik dan biayanya tidak beda jauh pastilah orang akan tertarik berobat ke luar negeri,biaya,negatif,0
jangan disalahkan dong pakbrkan ini hukum pasar kalo pelayanan di luar negeri lebih baik dan biayanya tidak beda jauh pastilah orang akan tertarik berobat ke luar negeri,fasilitas,negatif,0
jangan disalahkan dong pakbrkan ini hukum pasar kalo pelayanan di luar negeri lebih baik dan biayanya tidak beda jauh pastilah orang akan tertarik berobat ke luar negeri,pelayanan,negatif,0
jangan disalahkan dong pakbrkan ini hukum pasar kalo pelayanan di luar negeri lebih baik dan biayanya tidak beda jauh pastilah orang akan tertarik berobat ke luar negeri,aksesibilitas,positif,0
jangan disalahkan dong pakbrkan ini hukum pasar kalo pelayanan di luar negeri lebih baik dan biayanya tidak beda jauh pastilah orang akan tertarik berobat ke luar negeri,kualitas_diagnosis,positif,0
jangan asal kesal pak presiden wajar banyak wni berobat ke luar negeri lebih murah lebih tepat diagnosanya diperlakukan lebih manusiawi,biaya,negatif,0
jangan asal kesal pak presiden wajar banyak wni berobat ke luar negeri lebih murah lebih tepat diagnosanya diperlakukan lebih manusiawi,pelayanan,negatif,0
jangan asal kesal pak presiden wajar banyak wni berobat ke luar negeri lebih murah lebih tepat diagnosanya diperlakukan lebih manusiawi,kualitas_diagnosis,negatif,0
bayangkan klo bayi baru lahir dengan kelainan jantung dibilang saya gak mau mengoperasi anak saudara krn terlalu kecil kecuali sdh membiru pertanyaannya knp hr menunggu itu anak jd biru aka sekarat baru tindakan saat konsul by email dgn dokter di malaysia mereka sangat responsif dan bilang segera bawa ke sini anak saudara butuh penanganan segera sebelum terlambat,pelayanan,negatif,0
banyak kawan saya yg berobat ke penang,general,negatif,0
kokori disarankan berobat ke penang malaysia kerana mentalnya sudah semakin teroksemakin rosak jiwa nya juga sudah parah,pelayanan,negatif,0
ada alasan kenapa sebagian orang indonesia lebih memilih berobat ke penang br bagi orang kaya atau mampu secara finansial dari sumatra mereka lebih memilih terbang ke penang daripada ke jakarta karena jarak lebih dekat waktu tempuh lebih dekat dan ongkos pesawat lebih murah jika terbang dari medan ke penang daripada terbang dari medan ke jakarta br menghindari antrian berobat yang lama jika orang sumatra berobat ke rumah sakit di jakarta karena antrian r di jakarta sungguh merisaukan br biaya berobat dan biaya operasi dari r di penang bisa lebih murah daripada atau ketimbang biaya berobat di jakarta br alasan berobat sekalian wisata melancong ke luar negeri yaitu ke penang alasan melancong adalah bonus,biaya,negatif,0
ada alasan kenapa sebagian orang indonesia lebih memilih berobat ke penang br bagi orang kaya atau mampu secara finansial dari sumatra mereka lebih memilih terbang ke penang daripada ke jakarta karena jarak lebih dekat waktu tempuh lebih dekat dan ongkos pesawat lebih murah jika terbang dari medan ke penang daripada terbang dari medan ke jakarta br menghindari antrian berobat yang lama jika orang sumatra berobat ke rumah sakit di jakarta karena antrian r di jakarta sungguh merisaukan br biaya berobat dan biaya operasi dari r di penang bisa lebih murah daripada atau ketimbang biaya berobat di jakarta br alasan berobat sekalian wisata melancong ke luar negeri yaitu ke penang alasan melancong adalah bonus,fasilitas,negatif,0
ada alasan kenapa sebagian orang indonesia lebih memilih berobat ke penang br bagi orang kaya atau mampu secara finansial dari sumatra mereka lebih memilih terbang ke penang daripada ke jakarta karena jarak lebih dekat waktu tempuh lebih dekat dan ongkos pesawat lebih murah jika terbang dari medan ke penang daripada terbang dari medan ke jakarta br menghindari antrian berobat yang lama jika orang sumatra berobat ke rumah sakit di jakarta karena antrian r di jakarta sungguh merisaukan br biaya berobat dan biaya operasi dari r di penang bisa lebih murah daripada atau ketimbang biaya berobat di jakarta br alasan berobat sekalian wisata melancong ke luar negeri yaitu ke penang alasan melancong adalah bonus,pelayanan,negatif,0
ada alasan kenapa sebagian orang indonesia lebih memilih berobat ke penang br bagi orang kaya atau mampu secara finansial dari sumatra mereka lebih memilih terbang ke penang daripada ke jakarta karena jarak lebih dekat waktu tempuh lebih dekat dan ongkos pesawat lebih murah jika terbang dari medan ke penang daripada terbang dari medan ke jakarta br menghindari antrian berobat yang lama jika orang sumatra berobat ke rumah sakit di jakarta karena antrian r di jakarta sungguh merisaukan br biaya berobat dan biaya operasi dari r di penang bisa lebih murah daripada atau ketimbang biaya berobat di jakarta br alasan berobat sekalian wisata melancong ke luar negeri yaitu ke penang alasan melancong adalah bonus,aksesibilitas,negatif,0
kenapa jokowo bilang ada juta warga info berobat krluar negeri brbrkarena jokowi ingin menghentikan warga indo berobat ke luar negeri brbrpernyataan jokowi digoreng oleh netizen malaydesh brbrhaiya gak punya malu,general,negatif,0
juta warga indo berobat ke malaydesh brbrhoax brbrjokowi bilangbr juta warga indo berobat ke luar negeri brbrbukan ke malaydesh,general,positif,0
mau mbak kiky dibilang menggiring opini faktabrtetap aja misal hasil pengobatan dan treatment yang ampuh yang akan dirasakan sebagai solusi dari pasien kalo realitanya sekarang bagaimana apa masyarakat lebih banyak pro berobat ke luar negeribrbrbeberapa ex president kita juga ada toh berobat ke luar negeri,pelayanan,negatif,0
mau mbak kiky dibilang menggiring opini faktabrtetap aja misal hasil pengobatan dan treatment yang ampuh yang akan dirasakan sebagai solusi dari pasien kalo realitanya sekarang bagaimana apa masyarakat lebih banyak pro berobat ke luar negeribrbrbeberapa ex president kita juga ada toh berobat ke luar negeri,kualitas_diagnosis,negatif,0
oknum perawatdokter kita mutunya kurang sering terjadi malpraktekbr cuek tidak ramah apalagi yg gratis pelayanan ditolak minimal ditunda ini terjadi bupati lampung marahquot kpd perawat yg menolak pasien alasan udah tutup jam kerja br fasilitas yg kurang mau cabut gigi mesinnya rusaklah pengalaman kami jugabr sistem yg amburadul sembuh gak sembuh hari harus keluar ini kami alami sendiribrkesimpulan br ini akibat korupsi yg merajalela karena oknum pejabat tidak lagi memikirkan nasib rakyat mau bangun rumah sakit mau beli alatquot modern meningkatkan honor perawatdr agar tidak ada kong x kong dg apotek khususnya masalah akhlaqpelayanan harus dibenahibrjadi bagi yg punya duit ya lebih nyaman berobat ke singapura apalagi pejabat negara hampir semua keluar negeri ramah dan yakin sembuh brmaka mari kita pilih pemimpin yg amanah dan mikirkan nasib rakyat agar negara ini gak amburadul oleh janji janji palsu mulu ok wassalam dan maaf,biaya,negatif,0
oknum perawatdokter kita mutunya kurang sering terjadi malpraktekbr cuek tidak ramah apalagi yg gratis pelayanan ditolak minimal ditunda ini terjadi bupati lampung marahquot kpd perawat yg menolak pasien alasan udah tutup jam kerja br fasilitas yg kurang mau cabut gigi mesinnya rusaklah pengalaman kami jugabr sistem yg amburadul sembuh gak sembuh hari harus keluar ini kami alami sendiribrkesimpulan br ini akibat korupsi yg merajalela karena oknum pejabat tidak lagi memikirkan nasib rakyat mau bangun rumah sakit mau beli alatquot modern meningkatkan honor perawatdr agar tidak ada kong x kong dg apotek khususnya masalah akhlaqpelayanan harus dibenahibrjadi bagi yg punya duit ya lebih nyaman berobat ke singapura apalagi pejabat negara hampir semua keluar negeri ramah dan yakin sembuh brmaka mari kita pilih pemimpin yg amanah dan mikirkan nasib rakyat agar negara ini gak amburadul oleh janji janji palsu mulu ok wassalam dan maaf,fasilitas,negatif,0
oknum perawatdokter kita mutunya kurang sering terjadi malpraktekbr cuek tidak ramah apalagi yg gratis pelayanan ditolak minimal ditunda ini terjadi bupati lampung marahquot kpd perawat yg menolak pasien alasan udah tutup jam kerja br fasilitas yg kurang mau cabut gigi mesinnya rusaklah pengalaman kami jugabr sistem yg amburadul sembuh gak sembuh hari harus keluar ini kami alami sendiribrkesimpulan br ini akibat korupsi yg merajalela karena oknum pejabat tidak lagi memikirkan nasib rakyat mau bangun rumah sakit mau beli alatquot modern meningkatkan honor perawatdr agar tidak ada kong x kong dg apotek khususnya masalah akhlaqpelayanan harus dibenahibrjadi bagi yg punya duit ya lebih nyaman berobat ke singapura apalagi pejabat negara hampir semua keluar negeri ramah dan yakin sembuh brmaka mari kita pilih pemimpin yg amanah dan mikirkan nasib rakyat agar negara ini gak amburadul oleh janji janji palsu mulu ok wassalam dan maaf,pelayanan,negatif,0
oknum perawatdokter kita mutunya kurang sering terjadi malpraktekbr cuek tidak ramah apalagi yg gratis pelayanan ditolak minimal ditunda ini terjadi bupati lampung marahquot kpd perawat yg menolak pasien alasan udah tutup jam kerja br fasilitas yg kurang mau cabut gigi mesinnya rusaklah pengalaman kami jugabr sistem yg amburadul sembuh gak sembuh hari harus keluar ini kami alami sendiribrkesimpulan br ini akibat korupsi yg merajalela karena oknum pejabat tidak lagi memikirkan nasib rakyat mau bangun rumah sakit mau beli alatquot modern meningkatkan honor perawatdr agar tidak ada kong x kong dg apotek khususnya masalah akhlaqpelayanan harus dibenahibrjadi bagi yg punya duit ya lebih nyaman berobat ke singapura apalagi pejabat negara hampir semua keluar negeri ramah dan yakin sembuh brmaka mari kita pilih pemimpin yg amanah dan mikirkan nasib rakyat agar negara ini gak amburadul oleh janji janji palsu mulu ok wassalam dan maaf,kualitas_diagnosis,negatif,0
pak jokowi sudah bersuara berkenaan isu warga indonesia lebih suka berobat ke malaysiadari juta yg berobat ke luar negeri juta memilih berobat ke malaysia,fasilitas,negatif,0
pak jokowi sudah bersuara berkenaan isu warga indonesia lebih suka berobat ke malaysiadari juta yg berobat ke luar negeri juta memilih berobat ke malaysia,aksesibilitas,negatif,0
kata siapa itu di penang banyak saudara kita yg di medan yg berobat ke penang karena lebih murah dibanding berobat di jakarta dan juga lebih dekat,biaya,negatif,0
kata siapa itu di penang banyak saudara kita yg di medan yg berobat ke penang karena lebih murah dibanding berobat di jakarta dan juga lebih dekat,aksesibilitas,negatif,0
belajar dulu kasus orang indonesia dulu banyak berobat ke singapura tapi sekarang lebih memilih malaysia apa sebabnya,aksesibilitas,positif,0
halomaaf br balassy googling kalau khusus lam wah ee adanya d medancoba kak ke jlpilar ma kebon jerukitu ada perwakilan berobat ke penang kalau sy googling,general,positif,0
kak maaf sy br ingetdr andrea ad d jakarta kakbs coba hubungi dr andrea ajaada d video sy yang berobat ke penang tanpa antria hrefwwwyoutubecomwatchvnkguqzbwayoutubenkguqzbwaa,pelayanan,positif,0
kak maaf sy br ingetdr andrea ad d jakarta kakbs coba hubungi dr andrea ajaada d video sy yang berobat ke penang tanpa antria hrefwwwyoutubecomwatchvnkguqzbwayoutubenkguqzbwaa,aksesibilitas,negatif,0
bila berkenan saya ingin urun saran sebaiknya untuk mama yg pengidap kecemasan mulai sekarang coba cari rumah sakit swasta di bekasi atau jkt dengan akreditasi yg sangat baik dan pastikan layanan dan dokternya profesional serta friendly saya pikir banyak kok layanan rumah sakit di indonesia yg baik jadi tidak perlu berobat jauh ke luar negeri apalagi bila sakitnya sudah parah betapa repotnya perlu diingat juga banyak dokter di malaysia yg kuliah di fak kedokteran di indonesia sejak puluhan tahun lalu hingga sekarang,fasilitas,positif,0
bila berkenan saya ingin urun saran sebaiknya untuk mama yg pengidap kecemasan mulai sekarang coba cari rumah sakit swasta di bekasi atau jkt dengan akreditasi yg sangat baik dan pastikan layanan dan dokternya profesional serta friendly saya pikir banyak kok layanan rumah sakit di indonesia yg baik jadi tidak perlu berobat jauh ke luar negeri apalagi bila sakitnya sudah parah betapa repotnya perlu diingat juga banyak dokter di malaysia yg kuliah di fak kedokteran di indonesia sejak puluhan tahun lalu hingga sekarang,pelayanan,positif,0
bila berkenan saya ingin urun saran sebaiknya untuk mama yg pengidap kecemasan mulai sekarang coba cari rumah sakit swasta di bekasi atau jkt dengan akreditasi yg sangat baik dan pastikan layanan dan dokternya profesional serta friendly saya pikir banyak kok layanan rumah sakit di indonesia yg baik jadi tidak perlu berobat jauh ke luar negeri apalagi bila sakitnya sudah parah betapa repotnya perlu diingat juga banyak dokter di malaysia yg kuliah di fak kedokteran di indonesia sejak puluhan tahun lalu hingga sekarang,aksesibilitas,positif,0
bila berkenan saya ingin urun saran sebaiknya untuk mama yg pengidap kecemasan mulai sekarang coba cari rumah sakit swasta di bekasi atau jkt dengan akreditasi yg sangat baik dan pastikan layanan dan dokternya profesional serta friendly saya pikir banyak kok layanan rumah sakit di indonesia yg baik jadi tidak perlu berobat jauh ke luar negeri apalagi bila sakitnya sudah parah betapa repotnya perlu diingat juga banyak dokter di malaysia yg kuliah di fak kedokteran di indonesia sejak puluhan tahun lalu hingga sekarang,kualitas_diagnosis,positif,0
tapi menurutku ga semua r di indonesia begitu yaemang harus sabar klo bpjs ngikutin aturansaya udah pake dari sampe sekarang dan saya kena sakit ca mamay sudah diangkat akhir lanjud kemo sampe sekarangmasih tiap hari minum obat dan tiap blnpun ke r ambil obat tiap bln se x evaluasi yg meliputimammo grafitoraxusg abudamendan bonescan th se xya semua itu saya jalaninngikutin alur bpsjalhamdulillah saya sehat hasil setiap evaluasi slalu baikklo saya berobat ke luar negeri ga ada biayauni klo ct scan belum bisa keliatan beneryg mau keliatan pasti itu pat ctscandi indonesia baru ada beberapa rsklo saya waktu itu di rskelapa gadingini ga bisa pake bpjs klo ct scan masih ke kaver bpjssemoga aja mamsky sehat slalu,biaya,positif,0
tapi menurutku ga semua r di indonesia begitu yaemang harus sabar klo bpjs ngikutin aturansaya udah pake dari sampe sekarang dan saya kena sakit ca mamay sudah diangkat akhir lanjud kemo sampe sekarangmasih tiap hari minum obat dan tiap blnpun ke r ambil obat tiap bln se x evaluasi yg meliputimammo grafitoraxusg abudamendan bonescan th se xya semua itu saya jalaninngikutin alur bpsjalhamdulillah saya sehat hasil setiap evaluasi slalu baikklo saya berobat ke luar negeri ga ada biayauni klo ct scan belum bisa keliatan beneryg mau keliatan pasti itu pat ctscandi indonesia baru ada beberapa rsklo saya waktu itu di rskelapa gadingini ga bisa pake bpjs klo ct scan masih ke kaver bpjssemoga aja mamsky sehat slalu,fasilitas,positif,0
tapi menurutku ga semua r di indonesia begitu yaemang harus sabar klo bpjs ngikutin aturansaya udah pake dari sampe sekarang dan saya kena sakit ca mamay sudah diangkat akhir lanjud kemo sampe sekarangmasih tiap hari minum obat dan tiap blnpun ke r ambil obat tiap bln se x evaluasi yg meliputimammo grafitoraxusg abudamendan bonescan th se xya semua itu saya jalaninngikutin alur bpsjalhamdulillah saya sehat hasil setiap evaluasi slalu baikklo saya berobat ke luar negeri ga ada biayauni klo ct scan belum bisa keliatan beneryg mau keliatan pasti itu pat ctscandi indonesia baru ada beberapa rsklo saya waktu itu di rskelapa gadingini ga bisa pake bpjs klo ct scan masih ke kaver bpjssemoga aja mamsky sehat slalu,pelayanan,positif,0
tapi menurutku ga semua r di indonesia begitu yaemang harus sabar klo bpjs ngikutin aturansaya udah pake dari sampe sekarang dan saya kena sakit ca mamay sudah diangkat akhir lanjud kemo sampe sekarangmasih tiap hari minum obat dan tiap blnpun ke r ambil obat tiap bln se x evaluasi yg meliputimammo grafitoraxusg abudamendan bonescan th se xya semua itu saya jalaninngikutin alur bpsjalhamdulillah saya sehat hasil setiap evaluasi slalu baikklo saya berobat ke luar negeri ga ada biayauni klo ct scan belum bisa keliatan beneryg mau keliatan pasti itu pat ctscandi indonesia baru ada beberapa rsklo saya waktu itu di rskelapa gadingini ga bisa pake bpjs klo ct scan masih ke kaver bpjssemoga aja mamsky sehat slalu,aksesibilitas,positif,0
tapi menurutku ga semua r di indonesia begitu yaemang harus sabar klo bpjs ngikutin aturansaya udah pake dari sampe sekarang dan saya kena sakit ca mamay sudah diangkat akhir lanjud kemo sampe sekarangmasih tiap hari minum obat dan tiap blnpun ke r ambil obat tiap bln se x evaluasi yg meliputimammo grafitoraxusg abudamendan bonescan th se xya semua itu saya jalaninngikutin alur bpsjalhamdulillah saya sehat hasil setiap evaluasi slalu baikklo saya berobat ke luar negeri ga ada biayauni klo ct scan belum bisa keliatan beneryg mau keliatan pasti itu pat ctscandi indonesia baru ada beberapa rsklo saya waktu itu di rskelapa gadingini ga bisa pake bpjs klo ct scan masih ke kaver bpjssemoga aja mamsky sehat slalu,kualitas_diagnosis,positif,0
ya itulh alasannya begitu banyak orang memilih berobat ke luar negeri karna di negeri sendiri cuma diaknosa diaknosa aja separah apapun juga tetep hanya diaknosa sebelum uang berbicara maka belum akan ada tindakan sxpun ada tindakan ya begitu gmgnya bikin panik apa lgi pasien bpjs di daerah tertentu di perlakukan tidak baik di bentak dikasari di kasih makan gk layak tolong lah bpk presiden prabowo tolong perbaiki sistem kesehatan sekarang,biaya,negatif,0
ya itulh alasannya begitu banyak orang memilih berobat ke luar negeri karna di negeri sendiri cuma diaknosa diaknosa aja separah apapun juga tetep hanya diaknosa sebelum uang berbicara maka belum akan ada tindakan sxpun ada tindakan ya begitu gmgnya bikin panik apa lgi pasien bpjs di daerah tertentu di perlakukan tidak baik di bentak dikasari di kasih makan gk layak tolong lah bpk presiden prabowo tolong perbaiki sistem kesehatan sekarang,fasilitas,negatif,0
sedih bgt denger ceritanyaemg bener orang miskin ga boleh sakit dinegeri konoha ini karna berobat didlm negeri bukannya sembuh mlh makin parah mau berobat ke luar negeri ga mampusemoga selalu diberikan kesehatan aamiin,biaya,negatif,0
sedih bgt denger ceritanyaemg bener orang miskin ga boleh sakit dinegeri konoha ini karna berobat didlm negeri bukannya sembuh mlh makin parah mau berobat ke luar negeri ga mampusemoga selalu diberikan kesehatan aamiin,pelayanan,negatif,0
mudah an ya uni dokter ny nonton emang pelayanan kesehatan di indo sangat burukaku pernah liat di berita di tv presiden jokowi heran banyak orang indo yg berobat ke luar negeri ternyata itu alasan ny,fasilitas,negatif,0
mudah an ya uni dokter ny nonton emang pelayanan kesehatan di indo sangat burukaku pernah liat di berita di tv presiden jokowi heran banyak orang indo yg berobat ke luar negeri ternyata itu alasan ny,pelayanan,negatif,0
mudah an ya uni dokter ny nonton emang pelayanan kesehatan di indo sangat burukaku pernah liat di berita di tv presiden jokowi heran banyak orang indo yg berobat ke luar negeri ternyata itu alasan ny,aksesibilitas,negatif,0
sudah tidak bisa di harapkan lah kalau sakitya saya ijinkan berobat ke singapura jangan kabur aja ya,pelayanan,negatif,0
ingin berobat ke singapura sambil ke casino mungkin,general,negatif,0
lagu lama muncul kembali silahkan berobat ke singapura pak publik gak seberapa respon anda kami masih focus kasus sambo dan ibu pc,general,negatif,0
cerdikya kpk di ijinkan berobat ke singapura nanti di jemput paksa ke jakart kalau di jemput paksa di papua di di khawatirkan bentrok dengan pendukung lukashhh,pelayanan,negatif,0
nggak apa minta berobat ke singapura justru hasil pemeriksaan dokter singapura nanti bisa dijadikan dasar untuk tindakan selanjutnya dan tentunya nanti akan didampingi petugas keamanan dari kpk untuk menjaga hal yang tidak diinginkan,pelayanan,positif,0
nggak apa minta berobat ke singapura justru hasil pemeriksaan dokter singapura nanti bisa dijadikan dasar untuk tindakan selanjutnya dan tentunya nanti akan didampingi petugas keamanan dari kpk untuk menjaga hal yang tidak diinginkan,kualitas_diagnosis,positif,0
biarkan lukas e berobat ke singapurananti klo langsung melarikan diriitu sdh terbukti toh fisik lukas sdh gampang dikenalitu tugas interpol,general,positif,0
tanggung berobat ke singapura bos untuk penyakitnya cocok kalau berobat ke pahang malaysia di situ ada tempat yang namanya genting highland sangat cocok buat ngobatin penyakitnya bos,pelayanan,negatif,0
stop langsung sepertinya itu tidak mungkin karena mereka mungkin sudah kecanduan berobat ke luar negeri secara perlahan mereka pasti sadar kok dan rumah sakit indonesia jangan terlalu banyak peraturan,fasilitas,negatif,0
stop langsung sepertinya itu tidak mungkin karena mereka mungkin sudah kecanduan berobat ke luar negeri secara perlahan mereka pasti sadar kok dan rumah sakit indonesia jangan terlalu banyak peraturan,pelayanan,negatif,0
stop langsung sepertinya itu tidak mungkin karena mereka mungkin sudah kecanduan berobat ke luar negeri secara perlahan mereka pasti sadar kok dan rumah sakit indonesia jangan terlalu banyak peraturan,aksesibilitas,negatif,0
pdhl berobat ke luar negeri juga modar kan,general,negatif,0
orang dari duri pekan baru juga banyak yang berobat ke malaysia terutama berobat ke penangbrbrnanti dek elsa bisa datang ke penang untuk medical check up,kualitas_diagnosis,positif,0
heran mengapa status tersangka buat lukas enembe menjadi persyaratan kpk untuk bisa berobat ke singapura bukankah kpk berhak menetapkan tersangka kepada siapapun asalkan sudah menemukan minimal alat bukti sedangkan untuk lukas enembe tentunya sudah layak ditetapkan sebagai tersangka dan kpk sudah menjamin untuk dirawat di rspad sebagai rumah sakit terbaik yang ada di indonesia contoh presiden dan wakil presiden saja juga dirawat di rspad bila rspad tidak mampu baru diijinkan keiinginan berobat ke singapura menurut kami kpk terlalu mengistimewakan dan memanjakan lukas tidak seperti tersangka yang lain yg tunduk pada aturan kpk,biaya,positif,0
heran mengapa status tersangka buat lukas enembe menjadi persyaratan kpk untuk bisa berobat ke singapura bukankah kpk berhak menetapkan tersangka kepada siapapun asalkan sudah menemukan minimal alat bukti sedangkan untuk lukas enembe tentunya sudah layak ditetapkan sebagai tersangka dan kpk sudah menjamin untuk dirawat di rspad sebagai rumah sakit terbaik yang ada di indonesia contoh presiden dan wakil presiden saja juga dirawat di rspad bila rspad tidak mampu baru diijinkan keiinginan berobat ke singapura menurut kami kpk terlalu mengistimewakan dan memanjakan lukas tidak seperti tersangka yang lain yg tunduk pada aturan kpk,fasilitas,positif,0
heran mengapa status tersangka buat lukas enembe menjadi persyaratan kpk untuk bisa berobat ke singapura bukankah kpk berhak menetapkan tersangka kepada siapapun asalkan sudah menemukan minimal alat bukti sedangkan untuk lukas enembe tentunya sudah layak ditetapkan sebagai tersangka dan kpk sudah menjamin untuk dirawat di rspad sebagai rumah sakit terbaik yang ada di indonesia contoh presiden dan wakil presiden saja juga dirawat di rspad bila rspad tidak mampu baru diijinkan keiinginan berobat ke singapura menurut kami kpk terlalu mengistimewakan dan memanjakan lukas tidak seperti tersangka yang lain yg tunduk pada aturan kpk,pelayanan,positif,0
heran mengapa status tersangka buat lukas enembe menjadi persyaratan kpk untuk bisa berobat ke singapura bukankah kpk berhak menetapkan tersangka kepada siapapun asalkan sudah menemukan minimal alat bukti sedangkan untuk lukas enembe tentunya sudah layak ditetapkan sebagai tersangka dan kpk sudah menjamin untuk dirawat di rspad sebagai rumah sakit terbaik yang ada di indonesia contoh presiden dan wakil presiden saja juga dirawat di rspad bila rspad tidak mampu baru diijinkan keiinginan berobat ke singapura menurut kami kpk terlalu mengistimewakan dan memanjakan lukas tidak seperti tersangka yang lain yg tunduk pada aturan kpk,aksesibilitas,positif,0
jokowi gerampak luhut aja berobat ke luar negeri wkwkwk,general,negatif,0
jokowi cuci tangan ttg org indonesia banyak berobat ke luar negeri padahal gak diperhatikan pelayanan yg jauh dr luar negeri jokowi asik ingin berkuasa trs walaupun prabowo yg trrpilih,fasilitas,negatif,0
jokowi cuci tangan ttg org indonesia banyak berobat ke luar negeri padahal gak diperhatikan pelayanan yg jauh dr luar negeri jokowi asik ingin berkuasa trs walaupun prabowo yg trrpilih,pelayanan,negatif,0
jokowi cuci tangan ttg org indonesia banyak berobat ke luar negeri padahal gak diperhatikan pelayanan yg jauh dr luar negeri jokowi asik ingin berkuasa trs walaupun prabowo yg trrpilih,aksesibilitas,negatif,0
dokter indonesia kerap kali membuat kesalahan diagnosisgak ada kanker di bilang ada kankerkualiti dokter indonesia kalah jauh banding kualiti dokter di singapura dan malaysia,pelayanan,negatif,0
dokter indonesia kerap kali membuat kesalahan diagnosisgak ada kanker di bilang ada kankerkualiti dokter indonesia kalah jauh banding kualiti dokter di singapura dan malaysia,aksesibilitas,negatif,0
dokter indonesia kerap kali membuat kesalahan diagnosisgak ada kanker di bilang ada kankerkualiti dokter indonesia kalah jauh banding kualiti dokter di singapura dan malaysia,kualitas_diagnosis,negatif,0
quotpenduduk indonesia itu juta lebih yang berobat ke luar negeri cuma juta tidak ada pengaruh yang signifikan terhadap perkembangan kemajuan rumah sakit di indonesiaquot kata para netizen indonesia nkri harga ikat tepi katanya,biaya,positif,0
quotpenduduk indonesia itu juta lebih yang berobat ke luar negeri cuma juta tidak ada pengaruh yang signifikan terhadap perkembangan kemajuan rumah sakit di indonesiaquot kata para netizen indonesia nkri harga ikat tepi katanya,fasilitas,positif,0
quotpenduduk indonesia itu juta lebih yang berobat ke luar negeri cuma juta tidak ada pengaruh yang signifikan terhadap perkembangan kemajuan rumah sakit di indonesiaquot kata para netizen indonesia nkri harga ikat tepi katanya,pelayanan,positif,0
quotpenduduk indonesia itu juta lebih yang berobat ke luar negeri cuma juta tidak ada pengaruh yang signifikan terhadap perkembangan kemajuan rumah sakit di indonesiaquot kata para netizen indonesia nkri harga ikat tepi katanya,aksesibilitas,positif,0
quotpenduduk indonesia itu juta lebih yang berobat ke luar negeri cuma juta tidak ada pengaruh yang signifikan terhadap perkembangan kemajuan rumah sakit di indonesiaquot kata para netizen indonesia nkri harga ikat tepi katanya,kualitas_diagnosis,positif,0
saya sendiri dapat merasakan layanan baik dan frofesional dokter di malaysiajugak saya pun bayar biayanya di rumah sakit malaysianyicil bukan kecil karna saya orang tidak mampumungkin kalau di indonesia biayanya sekitar jutakalau di indonesia apa bisanyicilkarna malaysia tidak membezakan pasiennya kaya atau miskin dokter malaysia utamakan nyawa pasienmaaf kalau ada para dokter yang tersinggung karna itulah faktanya adik saya meninggal karna dokter indonesia jugak karna kami tidak ada biaya jadi sibuk mengurus surat surat untuk biaya operasijadi nya adik saya tidak tertolong karna dokter di indonesia mengutamakan uangnamun ada jugak dokter yang baik tapi tidak bisa berbuat banyak karna patuh atasannya,biaya,negatif,0
saya sendiri dapat merasakan layanan baik dan frofesional dokter di malaysiajugak saya pun bayar biayanya di rumah sakit malaysianyicil bukan kecil karna saya orang tidak mampumungkin kalau di indonesia biayanya sekitar jutakalau di indonesia apa bisanyicilkarna malaysia tidak membezakan pasiennya kaya atau miskin dokter malaysia utamakan nyawa pasienmaaf kalau ada para dokter yang tersinggung karna itulah faktanya adik saya meninggal karna dokter indonesia jugak karna kami tidak ada biaya jadi sibuk mengurus surat surat untuk biaya operasijadi nya adik saya tidak tertolong karna dokter di indonesia mengutamakan uangnamun ada jugak dokter yang baik tapi tidak bisa berbuat banyak karna patuh atasannya,fasilitas,negatif,0
saya sendiri dapat merasakan layanan baik dan frofesional dokter di malaysiajugak saya pun bayar biayanya di rumah sakit malaysianyicil bukan kecil karna saya orang tidak mampumungkin kalau di indonesia biayanya sekitar jutakalau di indonesia apa bisanyicilkarna malaysia tidak membezakan pasiennya kaya atau miskin dokter malaysia utamakan nyawa pasienmaaf kalau ada para dokter yang tersinggung karna itulah faktanya adik saya meninggal karna dokter indonesia jugak karna kami tidak ada biaya jadi sibuk mengurus surat surat untuk biaya operasijadi nya adik saya tidak tertolong karna dokter di indonesia mengutamakan uangnamun ada jugak dokter yang baik tapi tidak bisa berbuat banyak karna patuh atasannya,pelayanan,negatif,0
saya sendiri dapat merasakan layanan baik dan frofesional dokter di malaysiajugak saya pun bayar biayanya di rumah sakit malaysianyicil bukan kecil karna saya orang tidak mampumungkin kalau di indonesia biayanya sekitar jutakalau di indonesia apa bisanyicilkarna malaysia tidak membezakan pasiennya kaya atau miskin dokter malaysia utamakan nyawa pasienmaaf kalau ada para dokter yang tersinggung karna itulah faktanya adik saya meninggal karna dokter indonesia jugak karna kami tidak ada biaya jadi sibuk mengurus surat surat untuk biaya operasijadi nya adik saya tidak tertolong karna dokter di indonesia mengutamakan uangnamun ada jugak dokter yang baik tapi tidak bisa berbuat banyak karna patuh atasannya,aksesibilitas,negatif,0
kalau pelayanan kesehatan dalam negri nggak bagus ya cari di luar negeri yg bagusbrkalau nggak mau orang berobat ke luar negeri ya perbaiki kualitas pelayanan kesehatannya,fasilitas,negatif,0
kalau pelayanan kesehatan dalam negri nggak bagus ya cari di luar negeri yg bagusbrkalau nggak mau orang berobat ke luar negeri ya perbaiki kualitas pelayanan kesehatannya,pelayanan,negatif,0
kalau pelayanan kesehatan dalam negri nggak bagus ya cari di luar negeri yg bagusbrkalau nggak mau orang berobat ke luar negeri ya perbaiki kualitas pelayanan kesehatannya,kualitas_diagnosis,negatif,0
berobat ke ibu dayak gk dibolehin pemerintahbrberobat ke luar negeri gk bolehbrterus disuruh berobat sama dokter indonesia yg suka malpraktekbrdokter indonesia sakit jantung disuruh operasi otak sakit perut disuruh operasi usus sakit mata dikasi obat batuk,pelayanan,negatif,0
berobat ke ibu dayak gk dibolehin pemerintahbrberobat ke luar negeri gk bolehbrterus disuruh berobat sama dokter indonesia yg suka malpraktekbrdokter indonesia sakit jantung disuruh operasi otak sakit perut disuruh operasi usus sakit mata dikasi obat batuk,aksesibilitas,negatif,0
sayapun klu kaya psti mau jg berobat ke luar negeri,biaya,negatif,0
banyak dokter indonesia yang salah diagnosa di keluarga saya saja ada berapa orang yang berobat ke luar negeri dokter indonesia salah kasi obat ada yang ovver dosis lah ada yang salah obat yang dikasih justru yang berlawanan di rgts swasta rumah sakit mahak banget ada yang sekali datang obat r swasta bisa jutaan tapi tidak sembuh,fasilitas,negatif,0
banyak dokter indonesia yang salah diagnosa di keluarga saya saja ada berapa orang yang berobat ke luar negeri dokter indonesia salah kasi obat ada yang ovver dosis lah ada yang salah obat yang dikasih justru yang berlawanan di rgts swasta rumah sakit mahak banget ada yang sekali datang obat r swasta bisa jutaan tapi tidak sembuh,pelayanan,negatif,0
banyak dokter indonesia yang salah diagnosa di keluarga saya saja ada berapa orang yang berobat ke luar negeri dokter indonesia salah kasi obat ada yang ovver dosis lah ada yang salah obat yang dikasih justru yang berlawanan di rgts swasta rumah sakit mahak banget ada yang sekali datang obat r swasta bisa jutaan tapi tidak sembuh,aksesibilitas,negatif,0
banyak dokter indonesia yang salah diagnosa di keluarga saya saja ada berapa orang yang berobat ke luar negeri dokter indonesia salah kasi obat ada yang ovver dosis lah ada yang salah obat yang dikasih justru yang berlawanan di rgts swasta rumah sakit mahak banget ada yang sekali datang obat r swasta bisa jutaan tapi tidak sembuh,kualitas_diagnosis,negatif,0
di malaysia bukan kaleng dokternyabukan sembarangan kalau jdi dokter di malaysiapelayanannya baguss,fasilitas,negatif,0
di malaysia bukan kaleng dokternyabukan sembarangan kalau jdi dokter di malaysiapelayanannya baguss,pelayanan,negatif,0
cerita faktor yg menyebabkan masyarakat indo berobat ke luar negericerita doktor kita ga kalah pinterudah diomongin tahun yang lalusekarang masih lg omongin tahun kedepan tetep ngomong yg sama,general,positif,0
jangankan warga para pejabat n mantan presiden aja berobat ke singapura berarti pejabatnya kurang percaya ma dokter lokal,biaya,negatif,0
jangankan warga para pejabat n mantan presiden aja berobat ke singapura berarti pejabatnya kurang percaya ma dokter lokal,pelayanan,negatif,0
coba datangkan orang yang berobat ke luar negeri juga sehingga pandangannya lebih adil,general,positif,0
serius talkberobat ke rumah sakit malaysia nyaman banget gaisss lebih murah rapi pantas fasilitas amp teknologi medis canggih tenaga medis spesialis level profesor gaiss aku berobat ke penang hari aja udah sembuh,biaya,negatif,0
serius talkberobat ke rumah sakit malaysia nyaman banget gaisss lebih murah rapi pantas fasilitas amp teknologi medis canggih tenaga medis spesialis level profesor gaiss aku berobat ke penang hari aja udah sembuh,fasilitas,negatif,0
serius talkberobat ke rumah sakit malaysia nyaman banget gaisss lebih murah rapi pantas fasilitas amp teknologi medis canggih tenaga medis spesialis level profesor gaiss aku berobat ke penang hari aja udah sembuh,pelayanan,negatif,0
serius talkberobat ke rumah sakit malaysia nyaman banget gaisss lebih murah rapi pantas fasilitas amp teknologi medis canggih tenaga medis spesialis level profesor gaiss aku berobat ke penang hari aja udah sembuh,kualitas_diagnosis,negatif,0
ada hal hal yg tidak bisa dikerjakan di indonesiamakanya masyarakat indonesia berobat ke luar negeriseperti pencangkokan organ tubuh yg dibutuhkan oleh orang yg sakit parahdi indonesiakita sulit mencari pendonorsedangkan diluar negeri banyak pendonorjadi mau tidak mau ya harus keluar negeriya begitulah yg terjadi,fasilitas,negatif,0
ada hal hal yg tidak bisa dikerjakan di indonesiamakanya masyarakat indonesia berobat ke luar negeriseperti pencangkokan organ tubuh yg dibutuhkan oleh orang yg sakit parahdi indonesiakita sulit mencari pendonorsedangkan diluar negeri banyak pendonorjadi mau tidak mau ya harus keluar negeriya begitulah yg terjadi,pelayanan,negatif,0
ada hal hal yg tidak bisa dikerjakan di indonesiamakanya masyarakat indonesia berobat ke luar negeriseperti pencangkokan organ tubuh yg dibutuhkan oleh orang yg sakit parahdi indonesiakita sulit mencari pendonorsedangkan diluar negeri banyak pendonorjadi mau tidak mau ya harus keluar negeriya begitulah yg terjadi,aksesibilitas,negatif,0
mentri kesehatan tolong pak di benahi rumah sakit kita pelayanan nya tolong ditingkatkan masyarakat puas dengan berobat ke luar negeri banyak yang perlu diperbaiki di rumah sakithal pelayanan nya mau orang kampung maupun orang kaya harus nya pelayanannya,biaya,negatif,0
mentri kesehatan tolong pak di benahi rumah sakit kita pelayanan nya tolong ditingkatkan masyarakat puas dengan berobat ke luar negeri banyak yang perlu diperbaiki di rumah sakithal pelayanan nya mau orang kampung maupun orang kaya harus nya pelayanannya,fasilitas,negatif,0
mentri kesehatan tolong pak di benahi rumah sakit kita pelayanan nya tolong ditingkatkan masyarakat puas dengan berobat ke luar negeri banyak yang perlu diperbaiki di rumah sakithal pelayanan nya mau orang kampung maupun orang kaya harus nya pelayanannya,pelayanan,negatif,0
karna yang nggak punya duit di larang sakit di indonesia ini bpjs nggak laku di indonesia ya jika punya duit lebih baik berobat ke luar negerisory nih rumah sakit di indonsia tidak ada pelayanan yang baik,biaya,negatif,0
karna yang nggak punya duit di larang sakit di indonesia ini bpjs nggak laku di indonesia ya jika punya duit lebih baik berobat ke luar negerisory nih rumah sakit di indonsia tidak ada pelayanan yang baik,fasilitas,negatif,0
karna yang nggak punya duit di larang sakit di indonesia ini bpjs nggak laku di indonesia ya jika punya duit lebih baik berobat ke luar negerisory nih rumah sakit di indonsia tidak ada pelayanan yang baik,pelayanan,negatif,0
karna yang nggak punya duit di larang sakit di indonesia ini bpjs nggak laku di indonesia ya jika punya duit lebih baik berobat ke luar negerisory nih rumah sakit di indonsia tidak ada pelayanan yang baik,aksesibilitas,negatif,0
bagi yang punya kemampuan keuangan dan waktu ayo mari kita quotgalakkan beramai ramai berobat ke luar negerimurahramahmudahnyamandan amanquotbrmemang umur di tangan tuhan tetapikita brmencari kualitas hidup yang lebih baik di sisa umur kita dengan fasilitas yang canggih dan memadai serta pelayanan yang manusiawibruang di negeri tercinta ini tidak menjamin pelayanan yang baikapalagi gak punya uang siapkan saja lobang ukuran x m jadi nilai kesehatan manusia di negeri tercinta ini tidak terlalu diperdulikanbrsemua rumah sakit mewah mikir hanya uanguang dan uangbagaimana jual obat dan mencari uang semaksimal mungkin dari pasiensekian,biaya,negatif,0
bagi yang punya kemampuan keuangan dan waktu ayo mari kita quotgalakkan beramai ramai berobat ke luar negerimurahramahmudahnyamandan amanquotbrmemang umur di tangan tuhan tetapikita brmencari kualitas hidup yang lebih baik di sisa umur kita dengan fasilitas yang canggih dan memadai serta pelayanan yang manusiawibruang di negeri tercinta ini tidak menjamin pelayanan yang baikapalagi gak punya uang siapkan saja lobang ukuran x m jadi nilai kesehatan manusia di negeri tercinta ini tidak terlalu diperdulikanbrsemua rumah sakit mewah mikir hanya uanguang dan uangbagaimana jual obat dan mencari uang semaksimal mungkin dari pasiensekian,fasilitas,negatif,0
bagi yang punya kemampuan keuangan dan waktu ayo mari kita quotgalakkan beramai ramai berobat ke luar negerimurahramahmudahnyamandan amanquotbrmemang umur di tangan tuhan tetapikita brmencari kualitas hidup yang lebih baik di sisa umur kita dengan fasilitas yang canggih dan memadai serta pelayanan yang manusiawibruang di negeri tercinta ini tidak menjamin pelayanan yang baikapalagi gak punya uang siapkan saja lobang ukuran x m jadi nilai kesehatan manusia di negeri tercinta ini tidak terlalu diperdulikanbrsemua rumah sakit mewah mikir hanya uanguang dan uangbagaimana jual obat dan mencari uang semaksimal mungkin dari pasiensekian,pelayanan,negatif,0
bagi yang punya kemampuan keuangan dan waktu ayo mari kita quotgalakkan beramai ramai berobat ke luar negerimurahramahmudahnyamandan amanquotbrmemang umur di tangan tuhan tetapikita brmencari kualitas hidup yang lebih baik di sisa umur kita dengan fasilitas yang canggih dan memadai serta pelayanan yang manusiawibruang di negeri tercinta ini tidak menjamin pelayanan yang baikapalagi gak punya uang siapkan saja lobang ukuran x m jadi nilai kesehatan manusia di negeri tercinta ini tidak terlalu diperdulikanbrsemua rumah sakit mewah mikir hanya uanguang dan uangbagaimana jual obat dan mencari uang semaksimal mungkin dari pasiensekian,aksesibilitas,negatif,0
bagi yang punya kemampuan keuangan dan waktu ayo mari kita quotgalakkan beramai ramai berobat ke luar negerimurahramahmudahnyamandan amanquotbrmemang umur di tangan tuhan tetapikita brmencari kualitas hidup yang lebih baik di sisa umur kita dengan fasilitas yang canggih dan memadai serta pelayanan yang manusiawibruang di negeri tercinta ini tidak menjamin pelayanan yang baikapalagi gak punya uang siapkan saja lobang ukuran x m jadi nilai kesehatan manusia di negeri tercinta ini tidak terlalu diperdulikanbrsemua rumah sakit mewah mikir hanya uanguang dan uangbagaimana jual obat dan mencari uang semaksimal mungkin dari pasiensekian,kualitas_diagnosis,negatif,0
pertanyaan nya cuma satu jokowi kok sampe heran kata nya dia merakyat kalo dia merakyat pasti tau dong keluhan masyarakat alasan kenapa berobat ke luar negeri,biaya,positif,0
saya trauma berobat di rumah sakit indonesiabrpelayanannya tidak bagus kepada pasienbrdokternya tidak ada bisa di percayabrpantes aja banyak warga indonesiabrberobat ke luar negeri,fasilitas,negatif,0
saya trauma berobat di rumah sakit indonesiabrpelayanannya tidak bagus kepada pasienbrdokternya tidak ada bisa di percayabrpantes aja banyak warga indonesiabrberobat ke luar negeri,pelayanan,negatif,0
saya trauma berobat di rumah sakit indonesiabrpelayanannya tidak bagus kepada pasienbrdokternya tidak ada bisa di percayabrpantes aja banyak warga indonesiabrberobat ke luar negeri,aksesibilitas,negatif,0
saya trauma berobat di rumah sakit indonesiabrpelayanannya tidak bagus kepada pasienbrdokternya tidak ada bisa di percayabrpantes aja banyak warga indonesiabrberobat ke luar negeri,kualitas_diagnosis,negatif,0
brunei darussalam negara kecil warganya terjamin mau sekolah maupun berobat ke luar negeri ke tempat terbaikdi kita mau berobat di tanyain bpjs kesehatan selalu kalau ga pake bpjs orang ga mampu susah,biaya,negatif,0
brunei darussalam negara kecil warganya terjamin mau sekolah maupun berobat ke luar negeri ke tempat terbaikdi kita mau berobat di tanyain bpjs kesehatan selalu kalau ga pake bpjs orang ga mampu susah,fasilitas,negatif,0
jangan salahkan warga yg mampu utk berobat ke luar negeri krn adanya faktor dokter dan teknologi itu jdi pilihan krn menyangkut nyawakeahlianpelayananpendapat ke dua second opinion pertanyaan saya berapa ratus trilyun uang rakyat di curi dikorupsi sama pejabat itu dulu di urus secara sungguh jdi jng menyalahkan warga yg mampu berobat ke luar negeri itu hak warga maaf saya tdk setuju dng statement presidenaneh rakyat diminta menghemat utk negara tpi disisi lain para pejabat korupsi uang rakyat yg jumlah nya berlipat lipat di banding biaya berobat ke luar negeri,biaya,negatif,0
jangan salahkan warga yg mampu utk berobat ke luar negeri krn adanya faktor dokter dan teknologi itu jdi pilihan krn menyangkut nyawakeahlianpelayananpendapat ke dua second opinion pertanyaan saya berapa ratus trilyun uang rakyat di curi dikorupsi sama pejabat itu dulu di urus secara sungguh jdi jng menyalahkan warga yg mampu berobat ke luar negeri itu hak warga maaf saya tdk setuju dng statement presidenaneh rakyat diminta menghemat utk negara tpi disisi lain para pejabat korupsi uang rakyat yg jumlah nya berlipat lipat di banding biaya berobat ke luar negeri,fasilitas,negatif,0
jangan salahkan warga yg mampu utk berobat ke luar negeri krn adanya faktor dokter dan teknologi itu jdi pilihan krn menyangkut nyawakeahlianpelayananpendapat ke dua second opinion pertanyaan saya berapa ratus trilyun uang rakyat di curi dikorupsi sama pejabat itu dulu di urus secara sungguh jdi jng menyalahkan warga yg mampu berobat ke luar negeri itu hak warga maaf saya tdk setuju dng statement presidenaneh rakyat diminta menghemat utk negara tpi disisi lain para pejabat korupsi uang rakyat yg jumlah nya berlipat lipat di banding biaya berobat ke luar negeri,pelayanan,negatif,0
jangan salahkan warga yg mampu utk berobat ke luar negeri krn adanya faktor dokter dan teknologi itu jdi pilihan krn menyangkut nyawakeahlianpelayananpendapat ke dua second opinion pertanyaan saya berapa ratus trilyun uang rakyat di curi dikorupsi sama pejabat itu dulu di urus secara sungguh jdi jng menyalahkan warga yg mampu berobat ke luar negeri itu hak warga maaf saya tdk setuju dng statement presidenaneh rakyat diminta menghemat utk negara tpi disisi lain para pejabat korupsi uang rakyat yg jumlah nya berlipat lipat di banding biaya berobat ke luar negeri,kualitas_diagnosis,negatif,0
berobat di rumah sakit dalam negeri tetangga sekampung berduyun duyun silih berganti menjenguk ke r r pun jadi ramai kayak pasar pasien tidak bisa istirahat dengan tenang dan damai berobat ke luar negeri tetangga tidak bisa menjenguk seba jauh dan ongkos mahal pasien bisa intirahat dengan tenang,biaya,negatif,0
berobat di rumah sakit dalam negeri tetangga sekampung berduyun duyun silih berganti menjenguk ke r r pun jadi ramai kayak pasar pasien tidak bisa istirahat dengan tenang dan damai berobat ke luar negeri tetangga tidak bisa menjenguk seba jauh dan ongkos mahal pasien bisa intirahat dengan tenang,fasilitas,negatif,0
berobat di rumah sakit dalam negeri tetangga sekampung berduyun duyun silih berganti menjenguk ke r r pun jadi ramai kayak pasar pasien tidak bisa istirahat dengan tenang dan damai berobat ke luar negeri tetangga tidak bisa menjenguk seba jauh dan ongkos mahal pasien bisa intirahat dengan tenang,pelayanan,negatif,0
berobat di rumah sakit dalam negeri tetangga sekampung berduyun duyun silih berganti menjenguk ke r r pun jadi ramai kayak pasar pasien tidak bisa istirahat dengan tenang dan damai berobat ke luar negeri tetangga tidak bisa menjenguk seba jauh dan ongkos mahal pasien bisa intirahat dengan tenang,aksesibilitas,positif,0
yahharus jujur diakui pelayanan rumah sakit di negara kita ini masih jauh dari harapan rakyat makanya yg punya duit memilih lebih baik berobat ke luar negeri yang masih bagus dipertahankan di negara kita ini yah paling korupsinya gitu loh pak jokowi,biaya,positif,0
yahharus jujur diakui pelayanan rumah sakit di negara kita ini masih jauh dari harapan rakyat makanya yg punya duit memilih lebih baik berobat ke luar negeri yang masih bagus dipertahankan di negara kita ini yah paling korupsinya gitu loh pak jokowi,fasilitas,negatif,0
yahharus jujur diakui pelayanan rumah sakit di negara kita ini masih jauh dari harapan rakyat makanya yg punya duit memilih lebih baik berobat ke luar negeri yang masih bagus dipertahankan di negara kita ini yah paling korupsinya gitu loh pak jokowi,pelayanan,negatif,0
yahharus jujur diakui pelayanan rumah sakit di negara kita ini masih jauh dari harapan rakyat makanya yg punya duit memilih lebih baik berobat ke luar negeri yang masih bagus dipertahankan di negara kita ini yah paling korupsinya gitu loh pak jokowi,aksesibilitas,positif,0
sudah banyak rmh sakit yg bekerjasama atau investasi di kota besar seperti r siloam r premier dll masih saja suka berobat ke luar negeri,fasilitas,positif,0
sudah banyak rmh sakit yg bekerjasama atau investasi di kota besar seperti r siloam r premier dll masih saja suka berobat ke luar negeri,pelayanan,positif,0
memang benar rata rata yg berobat ke luar negeri itu para koroptor ya bukan semua koroptor,kualitas_diagnosis,negatif,0
kenapa tdk berobat di indonesia saja kan rsmayapada berkelas internasional harusnya bapak menjadi contoh loh untuk tdk berobat ke luar negeri rugi loh indonesia karena uang ratusan juta harus terbang ke luar negeri,biaya,negatif,0
kenapa tdk berobat di indonesia saja kan rsmayapada berkelas internasional harusnya bapak menjadi contoh loh untuk tdk berobat ke luar negeri rugi loh indonesia karena uang ratusan juta harus terbang ke luar negeri,fasilitas,positif,0
kenapa tdk berobat di indonesia saja kan rsmayapada berkelas internasional harusnya bapak menjadi contoh loh untuk tdk berobat ke luar negeri rugi loh indonesia karena uang ratusan juta harus terbang ke luar negeri,aksesibilitas,positif,0
berobat ke singapura pake bpjs,biaya,negatif,0
harusx kpk yg bertanggung jawab karena tdk di izinkanberobat ke singapura,general,positif,0
wes wayah e mati ya mati tersangka d kasih berobat ke singapura ya malah kabur nnt,biaya,negatif,0
wes wayah e mati ya mati tersangka d kasih berobat ke singapura ya malah kabur nnt,fasilitas,negatif,0
wes wayah e mati ya mati tersangka d kasih berobat ke singapura ya malah kabur nnt,pelayanan,negatif,0
sudah pasti sembuh tapi knp mafud md dan kpk tdk membolehkan beliau berobat ke singapura,pelayanan,posiitf,0
apa sudah bisa berobat ke penang mbak apa persyaratannya,fasilitas,positif,0
banyak sekali orang sakit yang habis berobat ke penang merasakan puas dari segi kualitas dokternya maupun service rumah sakitnya kenapa di indonesia tidak seperti di penang,fasilitas,negatif,0
banyak sekali orang sakit yang habis berobat ke penang merasakan puas dari segi kualitas dokternya maupun service rumah sakitnya kenapa di indonesia tidak seperti di penang,pelayanan,negatif,0
banyak sekali orang sakit yang habis berobat ke penang merasakan puas dari segi kualitas dokternya maupun service rumah sakitnya kenapa di indonesia tidak seperti di penang,aksesibilitas,positif,0
banyak sekali orang sakit yang habis berobat ke penang merasakan puas dari segi kualitas dokternya maupun service rumah sakitnya kenapa di indonesia tidak seperti di penang,kualitas_diagnosis,negatif,0
orang tua saya juga kebetulan belum bisa berdiri kena stroke binggung mau berobat ke penang,pelayanan,positif,0
monyet sok berobat ke singapura hukum mati aj,pelayanan,negatif,0
klo dokter indonesia pintar ga bakal ada yg berobat ke luar negeri mukidi bpk saya operasi mata gagal hingga harus operasi ulang di singapore di tahun toh duit kita jaminan apa yg pemerintah berikan klo pasien indonesia dirugikan krn salah diagnosa gagal operasi dll yg disebabkan dokter indonesia beranikah bikin uu klo pemerintah bakal kasih jaminan pengganti kali lipat dr nilai perawatan medis include operasi kamar inap jika terjadi kegagalan selama dirawat di indonesia live by choice we made we chose the best choice living just once,biaya,negatif,0
klo dokter indonesia pintar ga bakal ada yg berobat ke luar negeri mukidi bpk saya operasi mata gagal hingga harus operasi ulang di singapore di tahun toh duit kita jaminan apa yg pemerintah berikan klo pasien indonesia dirugikan krn salah diagnosa gagal operasi dll yg disebabkan dokter indonesia beranikah bikin uu klo pemerintah bakal kasih jaminan pengganti kali lipat dr nilai perawatan medis include operasi kamar inap jika terjadi kegagalan selama dirawat di indonesia live by choice we made we chose the best choice living just once,pelayanan,negatif,0
klo dokter indonesia pintar ga bakal ada yg berobat ke luar negeri mukidi bpk saya operasi mata gagal hingga harus operasi ulang di singapore di tahun toh duit kita jaminan apa yg pemerintah berikan klo pasien indonesia dirugikan krn salah diagnosa gagal operasi dll yg disebabkan dokter indonesia beranikah bikin uu klo pemerintah bakal kasih jaminan pengganti kali lipat dr nilai perawatan medis include operasi kamar inap jika terjadi kegagalan selama dirawat di indonesia live by choice we made we chose the best choice living just once,aksesibilitas,positif,0
klo dokter indonesia pintar ga bakal ada yg berobat ke luar negeri mukidi bpk saya operasi mata gagal hingga harus operasi ulang di singapore di tahun toh duit kita jaminan apa yg pemerintah berikan klo pasien indonesia dirugikan krn salah diagnosa gagal operasi dll yg disebabkan dokter indonesia beranikah bikin uu klo pemerintah bakal kasih jaminan pengganti kali lipat dr nilai perawatan medis include operasi kamar inap jika terjadi kegagalan selama dirawat di indonesia live by choice we made we chose the best choice living just once,kualitas_diagnosis,negatif,0
sebelum mengkritik rakyat banyak berobat ke luar negeri lihat dulu kualitas penyedia layanan kesehatannya dan fasilitas yang diberikanbrbrnenek saya sakit ga dipegang ga dicek sama dokternya cuma dibentakin abis itu disuruh beli obat pa mau beli obat ga bisa dicover bpjsbrbryaudahlah di rawat dirumah aja pake ramuan herbal ternyata sembuh,biaya,negatif,0
sebelum mengkritik rakyat banyak berobat ke luar negeri lihat dulu kualitas penyedia layanan kesehatannya dan fasilitas yang diberikanbrbrnenek saya sakit ga dipegang ga dicek sama dokternya cuma dibentakin abis itu disuruh beli obat pa mau beli obat ga bisa dicover bpjsbrbryaudahlah di rawat dirumah aja pake ramuan herbal ternyata sembuh,fasilitas,negatif,0
sebelum mengkritik rakyat banyak berobat ke luar negeri lihat dulu kualitas penyedia layanan kesehatannya dan fasilitas yang diberikanbrbrnenek saya sakit ga dipegang ga dicek sama dokternya cuma dibentakin abis itu disuruh beli obat pa mau beli obat ga bisa dicover bpjsbrbryaudahlah di rawat dirumah aja pake ramuan herbal ternyata sembuh,pelayanan,negatif,0
sebelum mengkritik rakyat banyak berobat ke luar negeri lihat dulu kualitas penyedia layanan kesehatannya dan fasilitas yang diberikanbrbrnenek saya sakit ga dipegang ga dicek sama dokternya cuma dibentakin abis itu disuruh beli obat pa mau beli obat ga bisa dicover bpjsbrbryaudahlah di rawat dirumah aja pake ramuan herbal ternyata sembuh,kualitas_diagnosis,negatif,0
berani ga kritik sby krn berobat ke luar negeri,general,positif,0
kalau memang dokter kita pintar dan berkualitas harus nya malu rata orang yg mampu berobat ke singapura kl masalah peralatan kurang canggih ya idi dan menkes harus cari solusi bukan di biarkan berlarut,biaya,positif,0
kalau memang dokter kita pintar dan berkualitas harus nya malu rata orang yg mampu berobat ke singapura kl masalah peralatan kurang canggih ya idi dan menkes harus cari solusi bukan di biarkan berlarut,fasilitas,negatif,0
kalau memang dokter kita pintar dan berkualitas harus nya malu rata orang yg mampu berobat ke singapura kl masalah peralatan kurang canggih ya idi dan menkes harus cari solusi bukan di biarkan berlarut,pelayanan,negatif,0
kalau memang dokter kita pintar dan berkualitas harus nya malu rata orang yg mampu berobat ke singapura kl masalah peralatan kurang canggih ya idi dan menkes harus cari solusi bukan di biarkan berlarut,kualitas_diagnosis,negatif,0
mereka berobat ke luar negeri mungkin karena takut banyaknya malpraktek di indonesia,pelayanan,negatif,0
mereka berobat ke luar negeri mungkin karena takut banyaknya malpraktek di indonesia,aksesibilitas,positif,0
maaf pak presiden ini pengalaman pribadi saat merawat ortu disini divonis quotsyarat kejepitquotngeriharus operasi ternyata saat dibawa ke penang diperiksa pake alat canggih tidak ditemukan apapun yang kejepit kecuali otak dan mental kami sekeluarga yang quotkejepitquot dengan vonis itu disana dikasih obat suruh istirahat cukup dan sembuh urusan rumah sakit cuma bbr jam sisa waktu yaa cuma jalanjalan karena sudah tenang dan hingga detik ini tidak ada apaapa ya mungkin dokterdokter disini pinterpinter tapi kok bisa gitu yaajadi bingung dan ga tau harus ngomong apa juga ini baru satu contoh ada lagi contoh lain yg kita alami sendiri juga disini dibilang quottidak ada apaapaquot tapi buat kita berasa jelas kalau itu quotada apaapaquot saat kita bawa ke kuching kota kecilbenerbener kecil lohh di malaysia langsung ditemukan ada infeksi didalamdiobati selama bulan dan sembuh brjadi bukan tanpa alasan yaa berobat ke luar negeri ada yg punya pengalaman serupa,fasilitas,negatif,0
maaf pak presiden ini pengalaman pribadi saat merawat ortu disini divonis quotsyarat kejepitquotngeriharus operasi ternyata saat dibawa ke penang diperiksa pake alat canggih tidak ditemukan apapun yang kejepit kecuali otak dan mental kami sekeluarga yang quotkejepitquot dengan vonis itu disana dikasih obat suruh istirahat cukup dan sembuh urusan rumah sakit cuma bbr jam sisa waktu yaa cuma jalanjalan karena sudah tenang dan hingga detik ini tidak ada apaapa ya mungkin dokterdokter disini pinterpinter tapi kok bisa gitu yaajadi bingung dan ga tau harus ngomong apa juga ini baru satu contoh ada lagi contoh lain yg kita alami sendiri juga disini dibilang quottidak ada apaapaquot tapi buat kita berasa jelas kalau itu quotada apaapaquot saat kita bawa ke kuching kota kecilbenerbener kecil lohh di malaysia langsung ditemukan ada infeksi didalamdiobati selama bulan dan sembuh brjadi bukan tanpa alasan yaa berobat ke luar negeri ada yg punya pengalaman serupa,pelayanan,negatif,0
maaf pak presiden ini pengalaman pribadi saat merawat ortu disini divonis quotsyarat kejepitquotngeriharus operasi ternyata saat dibawa ke penang diperiksa pake alat canggih tidak ditemukan apapun yang kejepit kecuali otak dan mental kami sekeluarga yang quotkejepitquot dengan vonis itu disana dikasih obat suruh istirahat cukup dan sembuh urusan rumah sakit cuma bbr jam sisa waktu yaa cuma jalanjalan karena sudah tenang dan hingga detik ini tidak ada apaapa ya mungkin dokterdokter disini pinterpinter tapi kok bisa gitu yaajadi bingung dan ga tau harus ngomong apa juga ini baru satu contoh ada lagi contoh lain yg kita alami sendiri juga disini dibilang quottidak ada apaapaquot tapi buat kita berasa jelas kalau itu quotada apaapaquot saat kita bawa ke kuching kota kecilbenerbener kecil lohh di malaysia langsung ditemukan ada infeksi didalamdiobati selama bulan dan sembuh brjadi bukan tanpa alasan yaa berobat ke luar negeri ada yg punya pengalaman serupa,kualitas_diagnosis,negatif,0
pejabat saja sering berobat ke luar negeri juga kokbrbrtaufik kiemad wafat di singapurabrany yudhoyono wafat di singapurabrainun wafat di jermanbrdan masih banyak lagibrbrini karena mereka berobat diluar negeri,biaya,negatif,0
pejabat saja sering berobat ke luar negeri juga kokbrbrtaufik kiemad wafat di singapurabrany yudhoyono wafat di singapurabrainun wafat di jermanbrdan masih banyak lagibrbrini karena mereka berobat diluar negeri,pelayanan,negatif,0
sok sakit kauuuujangan kasih ijin dia berobat ke singapura tar kabur dia,pelayanan,positif,0
bukan cuci darah tapi cuci uang alasan mau berobat ke singapura itulah alasan semua pelaku kriminal,biaya,negatif,0
bukan cuci darah tapi cuci uang alasan mau berobat ke singapura itulah alasan semua pelaku kriminal,pelayanan,negatif,0
koruptor kalo dah di jadikan tersangka trus alesan sakit alasan klasik mau berobat ke luar negeri apa mau melarikan diri pak,biaya,negatif,0
koruptor kalo dah di jadikan tersangka trus alesan sakit alasan klasik mau berobat ke luar negeri apa mau melarikan diri pak,fasilitas,negatif,0
koruptor kalo dah di jadikan tersangka trus alesan sakit alasan klasik mau berobat ke luar negeri apa mau melarikan diri pak,pelayanan,negatif,0
semua koruptor klo sdh tertangkap pasti penyakit latahnya muncul yg tadinya segar bugar sehat sentosa tiba sakit ujungnya izin berobat keluar negeri lagi berobatnyabrhati kpk klo lukas enembe diberikan ijin berobat ke singapura tanpa ada pendampingan dari kpk bisa si lukas malah tdk kembali ke indonesia lhobrjangan dikasih ruang utk kebebasan bergerak bagi koruptor sekalipun itu utk berobatbrperiksa ke puskesmaspun si lukas akan sembuh karena saya yakin si lukas tdk sakit,biaya,negatif,0
semua koruptor klo sdh tertangkap pasti penyakit latahnya muncul yg tadinya segar bugar sehat sentosa tiba sakit ujungnya izin berobat keluar negeri lagi berobatnyabrhati kpk klo lukas enembe diberikan ijin berobat ke singapura tanpa ada pendampingan dari kpk bisa si lukas malah tdk kembali ke indonesia lhobrjangan dikasih ruang utk kebebasan bergerak bagi koruptor sekalipun itu utk berobatbrperiksa ke puskesmaspun si lukas akan sembuh karena saya yakin si lukas tdk sakit,pelayanan,negatif,0
semua koruptor klo sdh tertangkap pasti penyakit latahnya muncul yg tadinya segar bugar sehat sentosa tiba sakit ujungnya izin berobat keluar negeri lagi berobatnyabrhati kpk klo lukas enembe diberikan ijin berobat ke singapura tanpa ada pendampingan dari kpk bisa si lukas malah tdk kembali ke indonesia lhobrjangan dikasih ruang utk kebebasan bergerak bagi koruptor sekalipun itu utk berobatbrperiksa ke puskesmaspun si lukas akan sembuh karena saya yakin si lukas tdk sakit,aksesibilitas,positif,0
semua koruptor klo sdh tertangkap pasti penyakit latahnya muncul yg tadinya segar bugar sehat sentosa tiba sakit ujungnya izin berobat keluar negeri lagi berobatnyabrhati kpk klo lukas enembe diberikan ijin berobat ke singapura tanpa ada pendampingan dari kpk bisa si lukas malah tdk kembali ke indonesia lhobrjangan dikasih ruang utk kebebasan bergerak bagi koruptor sekalipun itu utk berobatbrperiksa ke puskesmaspun si lukas akan sembuh karena saya yakin si lukas tdk sakit,kualitas_diagnosis,negatif,0
akal bulusbelut pakai berobat ke singapuramemang r indonesia gak mampu yaalasan saja enembe,biaya,positif,0
akal bulusbelut pakai berobat ke singapuramemang r indonesia gak mampu yaalasan saja enembe,aksesibilitas,positif,0
pasti minta berobat ke singapurakarena sudah lama ga main black jack dan baccarat jadi sakit semua badan nya stress,fasilitas,negatif,0
pasti minta berobat ke singapurakarena sudah lama ga main black jack dan baccarat jadi sakit semua badan nya stress,pelayanan,negatif,0
pake bepejees dr rakyat kembali ke rakyat donk ya pake asuransi kesehatan negara donkbrmo berobat ke singapura pake uang negara lagi najong,biaya,negatif,0
trick lama mendadak sakit saat ditangkap kpk itu alasan berobat ke singapura tauquot orangnya lenyap goib,pelayanan,negatif,0
bapak kl lgi pegang bnyk uang alias korupsi aj happy jln kmntp kl udh ktauan korupsinya bnyk alasan ina inuyg sakitlah dgn alasan kesehatan pgn berobat ke singapurahny alasan sj bt mangkir untuk dpriksa kpkhaakorupsi duit negara happygiliran ketauan alasannya sakitpreettlah pak,biaya,negatif,0
bapak kl lgi pegang bnyk uang alias korupsi aj happy jln kmntp kl udh ktauan korupsinya bnyk alasan ina inuyg sakitlah dgn alasan kesehatan pgn berobat ke singapurahny alasan sj bt mangkir untuk dpriksa kpkhaakorupsi duit negara happygiliran ketauan alasannya sakitpreettlah pak,pelayanan,negatif,0
alasan tu mau berobat ke singapura,general,positif,0
gubernur lukas jgn diizinkan berobat ke singapura ga lama lagi jg modar karma sdh menjawab krn kejahatannya indonesia msh ada dokter ahli,pelayanan,positif,0
gubernur lukas jgn diizinkan berobat ke singapura ga lama lagi jg modar karma sdh menjawab krn kejahatannya indonesia msh ada dokter ahli,aksesibilitas,positif,0
ini udah sopnya rompi oren brbrsakitbrberobat ke singapurabrbrtentu saja pak lukas bener berobat ga ada itu bersih dan pindahin aset,fasilitas,negatif,0
ini udah sopnya rompi oren brbrsakitbrberobat ke singapurabrbrtentu saja pak lukas bener berobat ga ada itu bersih dan pindahin aset,pelayanan,negatif,0
lukas enembe sakit gigi minta berobat ke singapura pakai jet pribadi,fasilitas,negatif,0
lukas enembe sakit gigi minta berobat ke singapura pakai jet pribadi,pelayanan,negatif,0
enaknya sendiri mentang banyak duwit minta diistimewakan brberobat mau ke singapura sakitnya apa kok berobat ke singapurabrapa di indonesia tidak ada dokter brkepala daerah koruptor kakap rakyatnya dibiarkan misikin,biaya,negatif,0
enaknya sendiri mentang banyak duwit minta diistimewakan brberobat mau ke singapura sakitnya apa kok berobat ke singapurabrapa di indonesia tidak ada dokter brkepala daerah koruptor kakap rakyatnya dibiarkan misikin,pelayanan,negatif,0
enaknya sendiri mentang banyak duwit minta diistimewakan brberobat mau ke singapura sakitnya apa kok berobat ke singapurabrapa di indonesia tidak ada dokter brkepala daerah koruptor kakap rakyatnya dibiarkan misikin,aksesibilitas,positif,0
percaya sekali sih pada dokter di singapura emng di indonesia tdk ada dokter yg pintar kahbrdokter kan cuma berusaha menyembuhkan sedangkan yg menyembuhkan hanya allah swtbrklau sudah takdir meninggl mau berobat ke mana saja percumabrcontohnya belum lama almrh ibu nani yudhoyono berobat ke singapura klau sudh takdir meninggl ya tetap saja meninggl dan dokter tdk menjamin utk sembuhbrlebih baik le sadar umur sudh tua penyakit komplikasi mau apa lagi berbuat baiklah bagi sesama disisa umur yg msih allah swt berikan,fasilitas,positif,0
percaya sekali sih pada dokter di singapura emng di indonesia tdk ada dokter yg pintar kahbrdokter kan cuma berusaha menyembuhkan sedangkan yg menyembuhkan hanya allah swtbrklau sudah takdir meninggl mau berobat ke mana saja percumabrcontohnya belum lama almrh ibu nani yudhoyono berobat ke singapura klau sudh takdir meninggl ya tetap saja meninggl dan dokter tdk menjamin utk sembuhbrlebih baik le sadar umur sudh tua penyakit komplikasi mau apa lagi berbuat baiklah bagi sesama disisa umur yg msih allah swt berikan,pelayanan,positif,0
percaya sekali sih pada dokter di singapura emng di indonesia tdk ada dokter yg pintar kahbrdokter kan cuma berusaha menyembuhkan sedangkan yg menyembuhkan hanya allah swtbrklau sudah takdir meninggl mau berobat ke mana saja percumabrcontohnya belum lama almrh ibu nani yudhoyono berobat ke singapura klau sudh takdir meninggl ya tetap saja meninggl dan dokter tdk menjamin utk sembuhbrlebih baik le sadar umur sudh tua penyakit komplikasi mau apa lagi berbuat baiklah bagi sesama disisa umur yg msih allah swt berikan,aksesibilitas,positif,0
berobat ke singapuranggk balik lg,general,positif,0
enak banget yapake alasan sakitberobat ke singapura dh jd tersangka bisa jalan keluar negri dg kata berobat emang enak jd orang gedean,biaya,negatif,0
enak banget yapake alasan sakitberobat ke singapura dh jd tersangka bisa jalan keluar negri dg kata berobat emang enak jd orang gedean,fasilitas,negatif,0
enak banget yapake alasan sakitberobat ke singapura dh jd tersangka bisa jalan keluar negri dg kata berobat emang enak jd orang gedean,pelayanan,negatif,0
yg berobat ke luar negeri ya para pejabat dongpakwargamu mana sanggup,biaya,negatif,0
pak maaf nie maaf bangets kalau rakyat kebawah boro berobat keluar negeri pak buat mkan aj kadang kembang kempis sdngkn klo pake bpjs gratis atau bpjs bayar nunggu surat rujukan dahulu lbh baik berobat diklinik gk ribet mgkin yang bapak mksd itu menengah keatas x ya yang berobat ke luar negeri tpi menurut ku itu si sah sah aj pak duit duit nya dia jg ko maaf nie pak maaf ya,biaya,negatif,0
pak maaf nie maaf bangets kalau rakyat kebawah boro berobat keluar negeri pak buat mkan aj kadang kembang kempis sdngkn klo pake bpjs gratis atau bpjs bayar nunggu surat rujukan dahulu lbh baik berobat diklinik gk ribet mgkin yang bapak mksd itu menengah keatas x ya yang berobat ke luar negeri tpi menurut ku itu si sah sah aj pak duit duit nya dia jg ko maaf nie pak maaf ya,fasilitas,negatif,0
pak maaf nie maaf bangets kalau rakyat kebawah boro berobat keluar negeri pak buat mkan aj kadang kembang kempis sdngkn klo pake bpjs gratis atau bpjs bayar nunggu surat rujukan dahulu lbh baik berobat diklinik gk ribet mgkin yang bapak mksd itu menengah keatas x ya yang berobat ke luar negeri tpi menurut ku itu si sah sah aj pak duit duit nya dia jg ko maaf nie pak maaf ya,pelayanan,negatif,0
orang keturunan china itu yg suka berobat ke luar negeri kalau rakyat jelata mah kerokan aja di rumah,biaya,negatif,0
orang keturunan china itu yg suka berobat ke luar negeri kalau rakyat jelata mah kerokan aja di rumah,aksesibilitas,negatif,0
maka dari itu pak presiden nyingung mentri nyaagar pasilitas kesehatan di negeri ini di benahiagar wni tidak berobat ke luar negeri,general,positif,0
apa ada kontak yg bisa dihubungi untuk informasi cara berobat ke penang terimakasih,aksesibilitas,positif,0
thank youu panduannya jelas dan sangat membantu saya pa berobat ke penang awal thn ini sebelum corona,general,positif,0
